id	cena	ordem	falante_jp	falante_en	tipo	control_codes	original	traducao	nota_do_tradutor	va_string	bytes_jp	max_bytes
creditos#835	creditos	835	(creditos)	(credits)	sistema		「テイルズ　オブ」シリーズを			0x08D2D654	28	63
creditos#836	creditos	836	(creditos)	(credits)	sistema		支えてきて下さった全ての方々			0x08D2D698	28	63
creditos#838	creditos	838	(creditos)	(credits)	sistema		協力会社			0x08D2D720	8	63
creditos#839	creditos	839	(creditos)	(credits)	sistema		　株式会社RRJ			0x08D2D764	13	63
creditos#840	creditos	840	(creditos)	(credits)	sistema		　ポールトゥウィン株式会社			0x08D2D7A8	26	63
creditos#841	creditos	841	(creditos)	(credits)	sistema		　株式会社フェニシス			0x08D2D7EC	20	63
creditos#842	creditos	842	(creditos)	(credits)	sistema		　株式会社セブンスコード			0x08D2D830	24	63
creditos#845	creditos	845	(creditos)	(credits)	sistema		ディレクター			0x08D2D8FC	12	63
creditos#846	creditos	846	(creditos)	(credits)	sistema		　服部　秀樹			0x08D2D940	12	63
creditos#849	creditos	849	(creditos)	(credits)	sistema		プロデューサー			0x08D2DA0C	14	63
creditos#850	creditos	850	(creditos)	(credits)	sistema		　大舘　隆司			0x08D2DA50	12	63
creditos#853	creditos	853	(creditos)	(credits)	sistema		ゼネラルプロダクトマネージャー			0x08D2DB1C	30	63
creditos#854	creditos	854	(creditos)	(credits)	sistema		　吉積　信			0x08D2DB60	10	63
creditos#857	creditos	857	(creditos)	(credits)	sistema		エグゼクティブプロデューサー			0x08D2DC2C	28	63
creditos#858	creditos	858	(creditos)	(credits)	sistema		　中谷　始			0x08D2DC70	10	63
creditos#859	creditos	859	(creditos)	(credits)	sistema		　鵜之澤　伸			0x08D2DCB4	12	63
creditos#860	creditos	860	(creditos)	(credits)	sistema		　石川　祝男			0x08D2DCF8	12	63
creditos#871	creditos	871	(creditos)	(credits)	sistema		Produced　by			0x08D2DFE4	12	63
creditos#872	creditos	872	(creditos)	(credits)	sistema		株式会社バンダイナムコゲームス			0x08D2E028	30	63
