idx,va_ponteiro,original,traducao,fonte_id_lote_criacao,nota
0,0x08D65B54,強力な武器で攻撃を行う近接戦向けの職業,A melee job that attacks with powerful weapons.,78,"derivado de lote_criacao.csv, sufixo de dificuldade removido"
1,0x08D65B58,多彩な剣技を持つ職業,A job with a wide variety of sword skills.,79,"derivado de lote_criacao.csv, sufixo de dificuldade removido"
2,0x08D65B5C,剣技と攻撃術の両方を駆使出来る万能職,Wields both sword skills and artes.,80,"derivado de lote_criacao.csv, sufixo de dificuldade removido"
3,0x08D65B60,拳による肉弾戦を得意とする格闘系の職業,A martial job that excels at bare-fisted combat.,81,"derivado de lote_criacao.csv, sufixo de dificuldade removido"
4,0x08D65B64,\t弓による遠隔攻撃を得意とする職業,\tA job that excels at ranged attacks with a bow.,82,"derivado de lote_criacao.csv, sufixo de dificuldade removido — tinha \t solto no inicio, preservado"
5,0x08D65B68,短剣による素早い攻撃と盗みを得意とする職業,Excels at swift dagger attacks and stealing.,83,"derivado de lote_criacao.csv, sufixo de dificuldade removido"
6,0x08D65B6C,忍術と呼ばれる特殊な体術を得意とする職業,Master of the body arts of ninjutsu.,84,"derivado de lote_criacao.csv, sufixo de dificuldade removido"
7,0x08D65B70,攻撃に特化した術を得意とする職業,Excels at artes built for attacking.,85,"derivado de lote_criacao.csv, sufixo de dificuldade removido"
8,0x08D65B74,回復、補助系の術を得意とする職業,Excels at healing and support artes.,86,"derivado de lote_criacao.csv, sufixo de dificuldade removido"
9,0x08D65B78,攻撃術と回復術の両方を得意とする万能職,Skilled in both attack and healing artes.,87,"derivado de lote_criacao.csv, sufixo de dificuldade removido"
10,0x08D65B7C,左右に持つ二本の剣を駆使する亜流の剣士,An unorthodox swordsman with two blades.,88,"derivado de lote_criacao.csv, sufixo de dificuldade removido"
11,0x08D65B80,身の丈程の大剣を駆使するパワーファイター,A power fighter with a huge greatsword.,89,"derivado de lote_criacao.csv, sufixo de dificuldade removido"
12,0x08D65B84,気の力による回復の技を兼ね備えた格闘職,A martial job that also heals with ki.,90,"derivado de lote_criacao.csv, sufixo de dificuldade removido"
13,0x08D65B88,銃による遠隔攻撃と短剣による近接攻撃を併せ持つ,Mixes ranged gunfire and dagger melee.,91,"derivado de lote_criacao.csv, sufixo de dificuldade removido"
14,0x08D65B8C,大剣による攻撃力と補助術を兼ね備えた万能職,Greatsword power plus support artes.,92,"derivado de lote_criacao.csv, sufixo de dificuldade removido"
15,0x08D65B90,二丁の拳銃で高速な攻撃を繰り出す職業,Unleashes rapid attacks with twin pistols.,93,"derivado de lote_criacao.csv, sufixo de dificuldade removido"
