cena,frente,ja_extraida,strings,falas_jp
mapd01a21.scr,mapda,NAO,3,0
mev00_010.scr,mev_,sim,80,52
mev00_020.scr,mev_,sim,7,0
mapd01a22.scr,mapda,NAO,0,0
mev00_030.scr,mev_,sim,4,0
mev00_040.scr,mev_,sim,15,1
mapd01a05.scr,mapda,NAO,0,0
mapd01a04.scr,mapda,NAO,1,0
tev01_001.scr,tev_,sim,2,0
mapd01a03.scr,mapda,NAO,3,0
tev01_004.scr,tev_,sim,2,1
tev01_015.scr,tev_,sim,2,0
mev00_050.scr,mev_,sim,9,1
tev01_002.scr,tev_,sim,1,0
mev00_060.scr,mev_,sim,18,0
tev01_016.scr,tev_,sim,1,0
tev01_006.scr,tev_,sim,1,0
tev01_007.scr,tev_,sim,1,0
cev01_010.scr,cev_,sim,27,1
cev01_020.scr,cev_,sim,13,0
cev01_030.scr,cev_,sim,25,0
cev01_040.scr,cev_,sim,13,3
cev01_050.scr,cev_,sim,17,0
cev01_060.scr,cev_,sim,21,0
cev01_200.scr,cev_,sim,30,0
cev02_010.scr,cev_,sim,8,0
cev02_020.scr,cev_,sim,13,0
cev02_030.scr,cev_,sim,14,0
cev02_040.scr,cev_,sim,13,0
cev02_050.scr,cev_,sim,7,0
cev02_200.scr,cev_,sim,36,0
cev03_010.scr,cev_,sim,17,0
cev03_020.scr,cev_,sim,10,0
cev03_030.scr,cev_,sim,18,0
cev03_040.scr,cev_,sim,10,0
cev03_050.scr,cev_,sim,11,0
cev03_060.scr,cev_,sim,20,0
cev03_070.scr,cev_,sim,20,0
cev03_080.scr,cev_,sim,26,0
cev03_090.scr,cev_,sim,15,1
cev03_200.scr,cev_,sim,24,0
cev04_010.scr,cev_,sim,16,0
cev04_020.scr,cev_,sim,16,1
cev04_030.scr,cev_,sim,11,0
cev04_040.scr,cev_,sim,13,1
cev04_050.scr,cev_,sim,11,0
cev04_060.scr,cev_,sim,12,0
cev04_070.scr,cev_,sim,16,0
cev04_080.scr,cev_,sim,15,0
cev04_200.scr,cev_,sim,36,0
cev05_010.scr,cev_,sim,15,0
cev05_020.scr,cev_,sim,12,0
cev05_030.scr,cev_,sim,16,0
cev05_040.scr,cev_,sim,21,0
cev05_050.scr,cev_,sim,13,0
cev05_060.scr,cev_,sim,14,0
cev05_070.scr,cev_,sim,12,0
cev05_080.scr,cev_,sim,11,0
cev05_200.scr,cev_,sim,18,0
cev06_010.scr,cev_,sim,19,0
cev06_020.scr,cev_,sim,13,0
cev06_030.scr,cev_,sim,11,1
cev06_040.scr,cev_,sim,14,1
cev06_050.scr,cev_,sim,11,0
cev06_060.scr,cev_,sim,15,0
cev06_070.scr,cev_,sim,16,0
cev06_080.scr,cev_,sim,10,0
cev06_200.scr,cev_,sim,42,0
cev07_010.scr,cev_,sim,15,0
cev07_020.scr,cev_,sim,20,0
cev07_030.scr,cev_,sim,21,0
cev07_040.scr,cev_,sim,10,0
cev07_050.scr,cev_,sim,12,1
cev07_060.scr,cev_,sim,15,0
cev07_070.scr,cev_,sim,14,0
cev07_080.scr,cev_,sim,12,0
cev07_200.scr,cev_,sim,48,0
cev08_010.scr,cev_,sim,11,0
cev08_020.scr,cev_,sim,16,0
cev08_030.scr,cev_,sim,12,0
cev08_040.scr,cev_,sim,23,0
cev08_050.scr,cev_,sim,8,0
cev08_060.scr,cev_,sim,13,0
cev08_070.scr,cev_,sim,10,0
cev08_200.scr,cev_,sim,36,0
cev09_010.scr,cev_,sim,20,0
cev09_020.scr,cev_,sim,20,0
cev09_030.scr,cev_,sim,16,0
cev09_040.scr,cev_,sim,19,0
cev09_050.scr,cev_,sim,20,0
cev09_060.scr,cev_,sim,14,0
cev09_070.scr,cev_,sim,13,0
cev09_080.scr,cev_,sim,23,0
cev09_090.scr,cev_,sim,14,0
cev09_100.scr,cev_,sim,9,0
cev09_200.scr,cev_,sim,30,0
cev10_010.scr,cev_,sim,22,0
cev10_020.scr,cev_,sim,18,1
cev10_030.scr,cev_,sim,13,0
cev10_040.scr,cev_,sim,25,0
cev10_050.scr,cev_,sim,18,0
cev10_060.scr,cev_,sim,19,0
cev10_070.scr,cev_,sim,12,0
cev10_080.scr,cev_,sim,9,0
cev10_200.scr,cev_,sim,24,0
cev11_010.scr,cev_,sim,15,0
cev11_020.scr,cev_,sim,13,0
cev11_030.scr,cev_,sim,14,0
cev11_040.scr,cev_,sim,18,0
cev11_050.scr,cev_,sim,9,0
cev11_060.scr,cev_,sim,14,0
cev11_070.scr,cev_,sim,12,0
cev11_200.scr,cev_,sim,30,0
cev12_010.scr,cev_,sim,16,0
cev12_020.scr,cev_,sim,10,0
cev12_030.scr,cev_,sim,5,0
cev12_040.scr,cev_,sim,11,0
cev12_050.scr,cev_,sim,15,0
cev12_060.scr,cev_,sim,11,0
cev12_070.scr,cev_,sim,9,0
cev12_200.scr,cev_,sim,30,0
cev13_010.scr,cev_,sim,14,0
cev13_020.scr,cev_,sim,20,0
cev13_030.scr,cev_,sim,13,0
cev13_040.scr,cev_,sim,19,0
cev13_050.scr,cev_,sim,9,0
cev13_060.scr,cev_,sim,11,0
cev13_070.scr,cev_,sim,11,0
cev13_080.scr,cev_,sim,14,0
cev13_090.scr,cev_,sim,12,0
cev13_200.scr,cev_,sim,24,0
cev14_010.scr,cev_,sim,17,0
cev14_020.scr,cev_,sim,22,0
cev14_030.scr,cev_,sim,16,0
cev14_040.scr,cev_,sim,16,1
cev14_050.scr,cev_,sim,13,0
cev14_060.scr,cev_,sim,11,0
cev14_070.scr,cev_,sim,19,0
cev14_080.scr,cev_,sim,13,0
cev14_090.scr,cev_,sim,18,1
cev14_200.scr,cev_,sim,42,0
cev15_010.scr,cev_,sim,18,0
cev15_020.scr,cev_,sim,12,0
cev15_030.scr,cev_,sim,10,0
cev15_040.scr,cev_,sim,12,0
cev15_050.scr,cev_,sim,11,0
cev15_060.scr,cev_,sim,14,0
cev15_061.scr,cev_,sim,20,0
cev15_200.scr,cev_,sim,42,0
cev16_010.scr,cev_,sim,26,0
cev16_020.scr,cev_,sim,12,0
cev16_030.scr,cev_,sim,12,0
cev16_040.scr,cev_,sim,13,0
cev16_050.scr,cev_,sim,12,0
cev16_060.scr,cev_,sim,13,0
cev16_070.scr,cev_,sim,8,0
cev16_080.scr,cev_,sim,16,0
cev16_090.scr,cev_,sim,7,0
cev16_100.scr,cev_,sim,15,0
cev16_200.scr,cev_,sim,36,0
cev17_010.scr,cev_,sim,15,0
cev17_020.scr,cev_,sim,19,0
cev17_030.scr,cev_,sim,22,0
cev17_040.scr,cev_,sim,12,0
cev17_050.scr,cev_,sim,7,0
cev17_060.scr,cev_,sim,12,0
cev17_070.scr,cev_,sim,11,0
cev17_080.scr,cev_,sim,19,0
cev17_090.scr,cev_,sim,18,0
cev17_200.scr,cev_,sim,30,0
cev18_010.scr,cev_,sim,24,0
cev18_020.scr,cev_,sim,9,0
cev18_030.scr,cev_,sim,17,0
cev18_040.scr,cev_,sim,15,0
cev18_050.scr,cev_,sim,20,0
cev18_060.scr,cev_,sim,17,0
cev18_070.scr,cev_,sim,19,0
cev18_080.scr,cev_,sim,15,0
cev18_200.scr,cev_,sim,36,0
cev19_010.scr,cev_,sim,26,0
cev19_020.scr,cev_,sim,13,0
cev19_030.scr,cev_,sim,17,0
cev19_040.scr,cev_,sim,20,0
cev19_050.scr,cev_,sim,15,0
cev19_060.scr,cev_,sim,13,0
cev19_070.scr,cev_,sim,21,0
cev19_200.scr,cev_,sim,30,0
cev20_010.scr,cev_,sim,17,0
cev20_020.scr,cev_,sim,9,0
cev20_030.scr,cev_,sim,11,0
cev20_040.scr,cev_,sim,9,0
cev20_050.scr,cev_,sim,27,0
cev20_060.scr,cev_,sim,16,0
cev20_070.scr,cev_,sim,9,0
cev20_080.scr,cev_,sim,11,0
cev20_090.scr,cev_,sim,22,0
cev20_200.scr,cev_,sim,96,0
cev21_010.scr,cev_,sim,17,1
cev21_020.scr,cev_,sim,11,0
cev21_030.scr,cev_,sim,12,0
cev21_040.scr,cev_,sim,13,0
cev21_050.scr,cev_,sim,27,0
cev21_060.scr,cev_,sim,18,0
cev21_200.scr,cev_,sim,60,0
cev22_010.scr,cev_,sim,15,0
cev22_020.scr,cev_,sim,19,0
cev22_030.scr,cev_,sim,10,0
cev22_040.scr,cev_,sim,19,0
cev22_050.scr,cev_,sim,23,0
cev22_060.scr,cev_,sim,16,0
cev22_070.scr,cev_,sim,11,0
cev22_080.scr,cev_,sim,9,0
cev22_200.scr,cev_,sim,60,0
cev23_010.scr,cev_,sim,16,0
cev23_020.scr,cev_,sim,11,0
cev23_030.scr,cev_,sim,22,0
cev23_040.scr,cev_,sim,13,0
cev23_050.scr,cev_,sim,16,0
cev23_060.scr,cev_,sim,19,0
cev23_070.scr,cev_,sim,11,0
cev23_080.scr,cev_,sim,22,0
cev23_200.scr,cev_,sim,48,0
cev24_010.scr,cev_,sim,13,1
cev24_020.scr,cev_,sim,17,0
cev24_030.scr,cev_,sim,35,0
cev24_040.scr,cev_,sim,14,0
cev24_050.scr,cev_,sim,22,2
cev24_060.scr,cev_,sim,17,0
cev24_070.scr,cev_,sim,7,0
cev24_080.scr,cev_,sim,9,0
cev24_090.scr,cev_,sim,12,0
cev24_100.scr,cev_,sim,14,0
cev24_200.scr,cev_,sim,36,0
cev25_010.scr,cev_,sim,15,0
cev25_020.scr,cev_,sim,11,0
cev25_030.scr,cev_,sim,11,0
cev25_040.scr,cev_,sim,10,0
cev25_050.scr,cev_,sim,13,0
cev25_060.scr,cev_,sim,16,0
cev25_070.scr,cev_,sim,11,0
cev25_200.scr,cev_,sim,30,0
cev26_010.scr,cev_,sim,7,0
cev26_020.scr,cev_,sim,28,0
cev26_030.scr,cev_,sim,18,0
cev26_040.scr,cev_,sim,7,0
cev26_050.scr,cev_,sim,17,0
cev26_060.scr,cev_,sim,22,0
cev26_200.scr,cev_,sim,60,0
cev27_010.scr,cev_,sim,13,0
cev27_020.scr,cev_,sim,17,0
cev27_030.scr,cev_,sim,12,0
cev27_040.scr,cev_,sim,8,1
cev27_050.scr,cev_,sim,21,1
cev27_060.scr,cev_,sim,13,0
cev27_070.scr,cev_,sim,18,0
cev27_080.scr,cev_,sim,25,0
cev27_200.scr,cev_,sim,36,0
cev28_010.scr,cev_,sim,13,0
cev28_020.scr,cev_,sim,13,0
cev28_030.scr,cev_,sim,17,0
cev28_040.scr,cev_,sim,14,0
cev28_050.scr,cev_,sim,14,0
cev28_060.scr,cev_,sim,22,0
cev28_070.scr,cev_,sim,18,0
cev28_080.scr,cev_,sim,16,0
cev28_090.scr,cev_,sim,14,0
cev28_100.scr,cev_,sim,13,0
cev28_200.scr,cev_,sim,48,0
cev29_010.scr,cev_,sim,20,2
cev29_020.scr,cev_,sim,12,0
cev29_030.scr,cev_,sim,12,0
cev29_040.scr,cev_,sim,18,0
cev29_050.scr,cev_,sim,13,0
cev29_200.scr,cev_,sim,42,0
cev30_010.scr,cev_,sim,10,0
cev30_020.scr,cev_,sim,12,0
cev30_030.scr,cev_,sim,5,0
cev30_040.scr,cev_,sim,35,1
cev30_050.scr,cev_,sim,9,0
cev30_060.scr,cev_,sim,18,4
cev30_070.scr,cev_,sim,15,0
cev30_080.scr,cev_,sim,19,0
cev30_090.scr,cev_,sim,14,0
cev30_200.scr,cev_,sim,30,0
cev31_010.scr,cev_,sim,6,0
cev31_020.scr,cev_,sim,13,0
cev31_030.scr,cev_,sim,14,0
cev31_040.scr,cev_,sim,20,0
cev31_050.scr,cev_,sim,20,0
cev31_051.scr,cev_,sim,20,0
cev31_200.scr,cev_,sim,42,0
cev32_010.scr,cev_,sim,16,0
cev32_020.scr,cev_,sim,23,0
cev32_030.scr,cev_,sim,13,0
cev32_040.scr,cev_,sim,21,0
cev32_050.scr,cev_,sim,16,0
cev32_060.scr,cev_,sim,12,0
cev32_070.scr,cev_,sim,10,0
cev32_080.scr,cev_,sim,19,1
cev32_090.scr,cev_,sim,12,0
cev32_200.scr,cev_,sim,60,0
cev33_010.scr,cev_,sim,13,0
cev33_020.scr,cev_,sim,12,0
cev33_030.scr,cev_,sim,15,0
cev33_040.scr,cev_,sim,8,0
cev33_050.scr,cev_,sim,21,0
cev33_060.scr,cev_,sim,17,0
cev33_070.scr,cev_,sim,13,0
cev33_080.scr,cev_,sim,14,0
cev33_200.scr,cev_,sim,36,0
cev34_010.scr,cev_,sim,22,0
cev34_020.scr,cev_,sim,25,0
cev34_030.scr,cev_,sim,22,1
cev34_040.scr,cev_,sim,18,0
cev34_050.scr,cev_,sim,23,0
cev34_060.scr,cev_,sim,8,0
cev34_070.scr,cev_,sim,15,0
cev34_080.scr,cev_,sim,18,0
cev34_090.scr,cev_,sim,11,0
cev34_100.scr,cev_,sim,8,0
cev34_200.scr,cev_,sim,72,0
cev35_010.scr,cev_,sim,18,1
cev35_020.scr,cev_,sim,12,0
cev35_030.scr,cev_,sim,27,0
cev35_040.scr,cev_,sim,8,0
cev35_050.scr,cev_,sim,14,0
cev35_060.scr,cev_,sim,13,0
cev35_070.scr,cev_,sim,16,0
cev35_080.scr,cev_,sim,12,0
cev35_090.scr,cev_,sim,12,0
cev35_100.scr,cev_,sim,26,0
cev35_200.scr,cev_,sim,72,0
cev36_010.scr,cev_,sim,10,0
cev36_020.scr,cev_,sim,23,0
cev36_030.scr,cev_,sim,17,0
cev36_040.scr,cev_,sim,9,0
cev36_050.scr,cev_,sim,13,0
cev36_060.scr,cev_,sim,14,0
cev36_070.scr,cev_,sim,12,0
cev36_200.scr,cev_,sim,42,0
cev37_010.scr,cev_,sim,18,0
cev37_020.scr,cev_,sim,13,0
cev37_030.scr,cev_,sim,18,0
cev37_040.scr,cev_,sim,10,0
cev37_050.scr,cev_,sim,19,0
cev37_060.scr,cev_,sim,7,0
cev37_070.scr,cev_,sim,22,0
cev37_080.scr,cev_,sim,11,0
cev37_090.scr,cev_,sim,13,4
cev37_200.scr,cev_,sim,36,0
cev38_010.scr,cev_,sim,18,0
cev38_020.scr,cev_,sim,18,0
cev38_030.scr,cev_,sim,19,0
cev38_040.scr,cev_,sim,13,0
cev38_050.scr,cev_,sim,16,0
cev38_060.scr,cev_,sim,28,0
cev38_070.scr,cev_,sim,19,0
cev38_080.scr,cev_,sim,8,2
cev38_090.scr,cev_,sim,17,0
cev38_200.scr,cev_,sim,30,0
cev39_010.scr,cev_,sim,23,0
cev39_020.scr,cev_,sim,25,3
cev39_030.scr,cev_,sim,28,0
cev39_040.scr,cev_,sim,16,0
cev39_050.scr,cev_,sim,14,0
cev39_060.scr,cev_,sim,19,0
cev39_070.scr,cev_,sim,11,0
cev39_080.scr,cev_,sim,13,0
cev39_090.scr,cev_,sim,14,0
cev39_200.scr,cev_,sim,30,0
cev40_010.scr,cev_,sim,14,0
cev40_020.scr,cev_,sim,5,0
cev40_030.scr,cev_,sim,16,0
cev40_040.scr,cev_,sim,9,0
cev40_050.scr,cev_,sim,18,0
cev40_060.scr,cev_,sim,16,0
cev40_070.scr,cev_,sim,10,0
cev40_080.scr,cev_,sim,8,0
cev40_090.scr,cev_,sim,7,0
cev40_100.scr,cev_,sim,9,0
cev40_200.scr,cev_,sim,48,0
cev41_010.scr,cev_,sim,9,0
cev41_020.scr,cev_,sim,18,0
cev41_030.scr,cev_,sim,18,0
cev41_040.scr,cev_,sim,11,0
cev41_050.scr,cev_,sim,8,0
cev41_060.scr,cev_,sim,13,0
cev41_070.scr,cev_,sim,13,0
cev41_080.scr,cev_,sim,10,0
cev41_090.scr,cev_,sim,11,0
cev41_100.scr,cev_,sim,13,0
cev41_200.scr,cev_,sim,48,0
cev42_010.scr,cev_,sim,15,0
cev42_020.scr,cev_,sim,16,0
cev42_030.scr,cev_,sim,17,0
cev42_040.scr,cev_,sim,10,0
cev42_050.scr,cev_,sim,20,0
cev42_060.scr,cev_,sim,10,0
cev42_070.scr,cev_,sim,13,0
cev42_080.scr,cev_,sim,19,0
cev42_090.scr,cev_,sim,23,0
cev42_100.scr,cev_,sim,13,0
cev42_200.scr,cev_,sim,42,0
cev43_010.scr,cev_,sim,14,0
cev43_020.scr,cev_,sim,15,0
cev43_030.scr,cev_,sim,8,0
cev43_040.scr,cev_,sim,18,4
cev43_050.scr,cev_,sim,7,0
cev43_060.scr,cev_,sim,11,0
cev43_070.scr,cev_,sim,9,0
cev43_200.scr,cev_,sim,36,0
cev44_010.scr,cev_,sim,9,1
cev44_020.scr,cev_,sim,15,0
cev44_030.scr,cev_,sim,13,0
cev44_040.scr,cev_,sim,17,0
cev44_050.scr,cev_,sim,10,0
cev44_060.scr,cev_,sim,12,0
cev44_070.scr,cev_,sim,17,0
cev44_080.scr,cev_,sim,17,0
cev44_090.scr,cev_,sim,9,0
cev44_200.scr,cev_,sim,24,0
cev45_010.scr,cev_,sim,13,0
cev45_020.scr,cev_,sim,11,2
cev45_030.scr,cev_,sim,13,0
cev45_040.scr,cev_,sim,13,0
cev45_050.scr,cev_,sim,12,0
cev45_060.scr,cev_,sim,11,0
cev45_070.scr,cev_,sim,19,0
cev45_200.scr,cev_,sim,24,0
cev46_010.scr,cev_,sim,24,2
cev46_020.scr,cev_,sim,20,0
cev46_030.scr,cev_,sim,14,0
cev46_040.scr,cev_,sim,16,0
cev46_050.scr,cev_,sim,9,0
cev46_060.scr,cev_,sim,20,0
cev46_070.scr,cev_,sim,17,0
cev46_080.scr,cev_,sim,14,0
cev46_090.scr,cev_,sim,18,0
cev46_100.scr,cev_,sim,14,0
cev46_200.scr,cev_,sim,36,0
cev47_010.scr,cev_,sim,20,0
cev47_020.scr,cev_,sim,18,0
cev47_030.scr,cev_,sim,13,0
cev47_040.scr,cev_,sim,11,0
cev47_050.scr,cev_,sim,14,0
cev47_060.scr,cev_,sim,9,1
cev47_070.scr,cev_,sim,10,1
cev47_200.scr,cev_,sim,36,0
cev48_010.scr,cev_,sim,12,0
cev48_020.scr,cev_,sim,9,0
cev48_030.scr,cev_,sim,10,1
cev48_040.scr,cev_,sim,13,0
cev48_050.scr,cev_,sim,13,0
cev48_060.scr,cev_,sim,14,0
cev48_070.scr,cev_,sim,10,0
cev48_080.scr,cev_,sim,14,0
cev48_200.scr,cev_,sim,24,0
cev49_010.scr,cev_,sim,23,0
cev49_020.scr,cev_,sim,22,2
cev49_030.scr,cev_,sim,12,0
cev49_040.scr,cev_,sim,12,0
cev49_050.scr,cev_,sim,23,0
cev49_060.scr,cev_,sim,22,0
cev49_070.scr,cev_,sim,9,0
cev49_080.scr,cev_,sim,20,0
cev49_090.scr,cev_,sim,14,0
cev49_200.scr,cev_,sim,72,0
cev50_010.scr,cev_,sim,16,0
cev50_020.scr,cev_,sim,18,0
cev50_030.scr,cev_,sim,13,0
cev50_040.scr,cev_,sim,15,1
cev50_050.scr,cev_,sim,16,0
cev50_060.scr,cev_,sim,10,0
cev50_200.scr,cev_,sim,36,0
cev51_010.scr,cev_,sim,17,1
cev51_020.scr,cev_,sim,16,0
cev51_030.scr,cev_,sim,21,0
cev51_040.scr,cev_,sim,17,0
cev51_050.scr,cev_,sim,11,0
cev51_060.scr,cev_,sim,16,0
cev51_070.scr,cev_,sim,15,0
cev51_080.scr,cev_,sim,13,0
cev51_090.scr,cev_,sim,14,0
cev51_200.scr,cev_,sim,42,0
cev52_010.scr,cev_,sim,18,0
cev52_020.scr,cev_,sim,13,1
cev52_030.scr,cev_,sim,10,0
cev52_040.scr,cev_,sim,15,0
cev52_050.scr,cev_,sim,16,0
cev52_060.scr,cev_,sim,13,0
cev52_070.scr,cev_,sim,10,0
cev52_080.scr,cev_,sim,13,0
cev52_200.scr,cev_,sim,54,0
cev53_010.scr,cev_,sim,15,0
cev53_020.scr,cev_,sim,17,0
cev53_030.scr,cev_,sim,22,0
cev53_040.scr,cev_,sim,18,0
cev53_050.scr,cev_,sim,13,0
cev53_060.scr,cev_,sim,14,0
cev53_070.scr,cev_,sim,10,0
cev53_080.scr,cev_,sim,10,0
cev53_200.scr,cev_,sim,60,0
cev54_010.scr,cev_,sim,21,0
cev54_020.scr,cev_,sim,18,0
cev54_030.scr,cev_,sim,11,0
cev54_040.scr,cev_,sim,22,0
cev54_050.scr,cev_,sim,13,0
cev54_060.scr,cev_,sim,17,0
cev54_070.scr,cev_,sim,9,0
cev54_200.scr,cev_,sim,42,0
cev55_010.scr,cev_,sim,25,0
cev55_020.scr,cev_,sim,24,0
cev55_030.scr,cev_,sim,20,2
cev55_040.scr,cev_,sim,12,0
cev55_050.scr,cev_,sim,18,0
cev55_060.scr,cev_,sim,15,0
cev55_070.scr,cev_,sim,7,0
cev55_080.scr,cev_,sim,14,0
cev55_200.scr,cev_,sim,30,0
cev56_010.scr,cev_,sim,17,0
cev56_020.scr,cev_,sim,14,0
cev56_030.scr,cev_,sim,12,0
cev56_040.scr,cev_,sim,6,0
cev56_050.scr,cev_,sim,10,0
cev56_060.scr,cev_,sim,11,0
cev56_070.scr,cev_,sim,13,0
cev56_080.scr,cev_,sim,13,2
cev56_200.scr,cev_,sim,18,0
cev57_010.scr,cev_,sim,23,0
cev57_020.scr,cev_,sim,14,0
cev57_030.scr,cev_,sim,12,0
cev57_040.scr,cev_,sim,18,0
cev57_050.scr,cev_,sim,11,0
cev57_060.scr,cev_,sim,13,0
cev57_200.scr,cev_,sim,30,0
cev58_010.scr,cev_,sim,17,0
cev58_020.scr,cev_,sim,26,1
cev58_030.scr,cev_,sim,11,0
cev58_040.scr,cev_,sim,15,0
cev58_050.scr,cev_,sim,12,0
cev58_060.scr,cev_,sim,14,0
cev58_070.scr,cev_,sim,11,0
cev58_080.scr,cev_,sim,18,0
cev58_200.scr,cev_,sim,24,0
cev59_010.scr,cev_,sim,14,0
cev59_020.scr,cev_,sim,9,0
cev59_030.scr,cev_,sim,15,0
cev59_040.scr,cev_,sim,9,0
cev59_050.scr,cev_,sim,14,0
cev59_060.scr,cev_,sim,18,0
cev59_200.scr,cev_,sim,54,0
cev60_010.scr,cev_,sim,15,0
cev60_020.scr,cev_,sim,25,0
cev60_030.scr,cev_,sim,9,0
cev60_040.scr,cev_,sim,14,0
cev60_050.scr,cev_,sim,12,0
cev60_060.scr,cev_,sim,12,1
cev60_070.scr,cev_,sim,10,0
cev60_080.scr,cev_,sim,22,0
cev60_200.scr,cev_,sim,36,0
cev61_010.scr,cev_,sim,12,0
cev61_020.scr,cev_,sim,13,0
cev61_030.scr,cev_,sim,13,0
cev61_040.scr,cev_,sim,13,0
cev61_050.scr,cev_,sim,11,0
cev61_060.scr,cev_,sim,9,0
cev61_070.scr,cev_,sim,12,0
cev61_080.scr,cev_,sim,12,0
cev61_200.scr,cev_,sim,36,0
cev62_010.scr,cev_,sim,13,0
cev62_020.scr,cev_,sim,23,0
cev62_030.scr,cev_,sim,17,0
cev62_040.scr,cev_,sim,19,0
cev62_050.scr,cev_,sim,13,2
cev62_060.scr,cev_,sim,28,6
cev62_070.scr,cev_,sim,25,4
cev62_080.scr,cev_,sim,35,8
cev62_090.scr,cev_,sim,15,0
cev62_200.scr,cev_,sim,48,0
cev63_010.scr,cev_,sim,18,0
cev63_020.scr,cev_,sim,17,0
cev63_030.scr,cev_,sim,16,0
cev63_040.scr,cev_,sim,18,0
cev63_050.scr,cev_,sim,10,0
cev63_060.scr,cev_,sim,9,0
cev63_070.scr,cev_,sim,13,0
cev63_080.scr,cev_,sim,10,0
cev63_200.scr,cev_,sim,36,0
cev64_010.scr,cev_,sim,11,0
cev64_020.scr,cev_,sim,20,0
cev64_030.scr,cev_,sim,21,1
cev64_040.scr,cev_,sim,16,0
cev64_050.scr,cev_,sim,21,0
cev64_060.scr,cev_,sim,12,0
cev64_070.scr,cev_,sim,24,0
cev64_080.scr,cev_,sim,14,0
cev64_090.scr,cev_,sim,17,0
cev64_100.scr,cev_,sim,14,0
cev64_200.scr,cev_,sim,42,0
cev65_010.scr,cev_,sim,30,0
cev65_020.scr,cev_,sim,13,0
cev65_030.scr,cev_,sim,12,0
cev65_040.scr,cev_,sim,16,0
cev65_050.scr,cev_,sim,16,0
cev65_200.scr,cev_,sim,36,0
cev66_010.scr,cev_,sim,12,0
cev66_020.scr,cev_,sim,7,0
cev66_030.scr,cev_,sim,20,0
cev66_040.scr,cev_,sim,35,3
cev66_050.scr,cev_,sim,9,0
cev66_060.scr,cev_,sim,21,0
cev66_070.scr,cev_,sim,12,0
cev66_080.scr,cev_,sim,14,0
cev66_200.scr,cev_,sim,36,0
cev67_010.scr,cev_,sim,14,0
cev67_020.scr,cev_,sim,22,0
cev67_030.scr,cev_,sim,23,1
cev67_040.scr,cev_,sim,13,0
cev67_050.scr,cev_,sim,13,0
cev67_060.scr,cev_,sim,12,0
cev67_070.scr,cev_,sim,12,0
cev67_080.scr,cev_,sim,7,0
cev67_090.scr,cev_,sim,12,0
cev67_200.scr,cev_,sim,72,0
cev68_010.scr,cev_,sim,15,0
cev68_020.scr,cev_,sim,10,10
cev68_030.scr,cev_,sim,14,0
cev68_040.scr,cev_,sim,10,0
cev68_050.scr,cev_,sim,16,0
cev68_060.scr,cev_,sim,16,0
cev68_070.scr,cev_,sim,11,0
cev68_080.scr,cev_,sim,13,0
cev68_090.scr,cev_,sim,11,0
cev68_100.scr,cev_,sim,16,0
cev68_200.scr,cev_,sim,36,0
cev69_010.scr,cev_,sim,27,0
cev69_020.scr,cev_,sim,19,0
cev69_030.scr,cev_,sim,14,0
cev69_040.scr,cev_,sim,17,0
cev69_050.scr,cev_,sim,14,0
cev69_060.scr,cev_,sim,5,0
cev69_070.scr,cev_,sim,21,0
cev69_080.scr,cev_,sim,18,0
cev69_200.scr,cev_,sim,48,0
cev70_010.scr,cev_,sim,25,0
cev70_020.scr,cev_,sim,13,0
cev70_030.scr,cev_,sim,16,0
cev70_040.scr,cev_,sim,15,0
cev70_050.scr,cev_,sim,18,0
cev70_060.scr,cev_,sim,7,2
cev70_070.scr,cev_,sim,15,0
cev70_200.scr,cev_,sim,72,0
cev71_010.scr,cev_,sim,12,0
cev71_020.scr,cev_,sim,18,0
cev71_030.scr,cev_,sim,15,0
cev71_040.scr,cev_,sim,15,0
cev71_050.scr,cev_,sim,13,0
cev71_060.scr,cev_,sim,6,3
cev71_070.scr,cev_,sim,20,1
cev71_080.scr,cev_,sim,12,0
cev71_200.scr,cev_,sim,60,0
cev72_010.scr,cev_,sim,17,0
cev72_020.scr,cev_,sim,27,0
cev72_030.scr,cev_,sim,18,0
cev72_040.scr,cev_,sim,16,0
cev72_050.scr,cev_,sim,18,1
cev72_060.scr,cev_,sim,10,0
cev72_070.scr,cev_,sim,13,0
cev72_080.scr,cev_,sim,28,0
cev72_200.scr,cev_,sim,54,0
cev73_010.scr,cev_,sim,24,0
cev73_020.scr,cev_,sim,16,0
cev73_030.scr,cev_,sim,26,0
cev73_040.scr,cev_,sim,9,0
cev73_050.scr,cev_,sim,13,0
cev73_060.scr,cev_,sim,19,0
cev73_070.scr,cev_,sim,14,0
cev73_080.scr,cev_,sim,8,0
cev73_200.scr,cev_,sim,36,0
cev74_010.scr,cev_,sim,18,0
cev74_020.scr,cev_,sim,15,0
cev74_030.scr,cev_,sim,15,0
cev74_040.scr,cev_,sim,19,0
cev74_050.scr,cev_,sim,17,0
cev74_200.scr,cev_,sim,30,0
cev75_010.scr,cev_,sim,17,0
cev75_020.scr,cev_,sim,16,0
cev75_030.scr,cev_,sim,17,0
cev75_040.scr,cev_,sim,16,0
cev75_050.scr,cev_,sim,21,0
cev75_060.scr,cev_,sim,9,0
cev75_070.scr,cev_,sim,11,0
cev75_080.scr,cev_,sim,13,0
cev75_090.scr,cev_,sim,11,0
cev75_100.scr,cev_,sim,11,0
cev75_200.scr,cev_,sim,42,0
cev76_200.scr,cev_,sim,12,0
cev77_200.scr,cev_,sim,12,0
cev78_200.scr,cev_,sim,12,0
cev79_200.scr,cev_,sim,24,0
cev80_200.scr,cev_,sim,12,0
cev81_200.scr,cev_,sim,36,0
cev82_200.scr,cev_,sim,12,0
cev83_200.scr,cev_,sim,12,0
cev84_200.scr,cev_,sim,12,0
cev85_200.scr,cev_,sim,30,0
cev86_200.scr,cev_,sim,48,0
cev88_200.scr,cev_,sim,24,0
cev89_200.scr,cev_,sim,36,0
cev90_010.scr,cev_,sim,11,0
cev90_020.scr,cev_,sim,14,0
cev90_030.scr,cev_,sim,20,0
cev90_040.scr,cev_,sim,24,0
cev90_050.scr,cev_,sim,18,0
cev90_060.scr,cev_,sim,41,0
cev90_070.scr,cev_,sim,26,0
cev90_080.scr,cev_,sim,22,0
cev90_090.scr,cev_,sim,25,2
cev90_100.scr,cev_,sim,22,1
cev90_200.scr,cev_,sim,48,0
cev91_010.scr,cev_,sim,6,0
cev91_020.scr,cev_,sim,49,3
cev91_030.scr,cev_,sim,8,0
cev91_040.scr,cev_,sim,15,0
cev91_050.scr,cev_,sim,10,0
cev91_060.scr,cev_,sim,12,0
cev91_070.scr,cev_,sim,10,0
cev91_080.scr,cev_,sim,4,0
cev91_090.scr,cev_,sim,3,0
cev91_100.scr,cev_,sim,17,2
cev91_200.scr,cev_,sim,24,0
cev92_200.scr,cev_,NAO,0,0
cev93_200.scr,cev_,sim,4,0
cev94_200.scr,cev_,sim,36,0
cev95_200.scr,cev_,sim,30,0
cev97_200.scr,cev_,sim,30,0
mapship_01.scr,mapship_,NAO,0,0
mapship_02.scr,mapship_,NAO,0,0
mapship_03.scr,mapship_,sim,0,0
mapship_04.scr,mapship_,NAO,0,0
mapship_05.scr,mapship_,NAO,0,0
mapship_06.scr,mapship_,NAO,0,0
mapship_07.scr,mapship_,sim,0,0
mapship_08.scr,mapship_,NAO,0,0
mapship_09.scr,mapship_,NAO,0,0
mapship_10.scr,mapship_,NAO,0,0
mapship_11.scr,mapship_,NAO,0,0
mapship_12.scr,mapship_,NAO,0,0
mapship_13.scr,mapship_,NAO,0,0
mapship_14.scr,mapship_,NAO,0,0
mapship_15.scr,mapship_,NAO,0,0
mapship_16.scr,mapship_,NAO,0,0
mapship_17.scr,mapship_,NAO,0,0
mapship_18.scr,mapship_,NAO,0,0
mapship_19.scr,mapship_,NAO,0,0
mapship_20.scr,mapship_,NAO,0,0
mapship_21.scr,mapship_,NAO,0,0
mapship_22.scr,mapship_,NAO,0,0
mapship_23.scr,mapship_,NAO,0,0
mapship_24.scr,mapship_,NAO,0,0
mapship_25.scr,mapship_,NAO,0,0
mapship_26.scr,mapship_,NAO,0,0
mapship_27.scr,mapship_,NAO,0,0
mapship_28.scr,mapship_,NAO,0,0
mapship_29.scr,mapship_,sim,0,0
mapship_30.scr,mapship_,NAO,0,0
mapship_31.scr,mapship_,NAO,0,0
mapship_32.scr,mapship_,NAO,0,0
mapd01a01.scr,mapda,sim,0,0
mapd01a02.scr,mapda,sim,0,0
mapd01a03.scr,mapda,NAO,0,0
mapd01a04.scr,mapda,NAO,0,0
mapd01a05.scr,mapda,NAO,0,0
mapd01a06.scr,mapda,sim,0,0
mapd01a07.scr,mapda,NAO,0,0
mapd01a08.scr,mapda,NAO,0,0
mapd01a09.scr,mapda,NAO,0,0
mapd01a10.scr,mapda,NAO,0,0
mapd01a11.scr,mapda,NAO,0,0
mapd01a12.scr,mapda,sim,0,0
mapd01a13.scr,mapda,sim,0,0
mapd01a14.scr,mapda,sim,0,0
mapd01a15.scr,mapda,NAO,0,0
mapd01a16.scr,mapda,NAO,0,0
mapd01a17.scr,mapda,NAO,0,0
mapd01a18.scr,mapda,NAO,0,0
mapd01a19.scr,mapda,NAO,0,0
mapd02a01.scr,mapda,NAO,0,0
mapd02a02.scr,mapda,sim,0,0
mapd02a03.scr,mapda,NAO,0,0
mapd02a04.scr,mapda,NAO,0,0
mapd02a05.scr,mapda,NAO,0,0
mapd02a06.scr,mapda,sim,0,0
mapd02a07.scr,mapda,NAO,0,0
mapd02a08.scr,mapda,NAO,0,0
mapd02a09.scr,mapda,NAO,0,0
mapd02a10.scr,mapda,NAO,0,0
mapd02a11.scr,mapda,NAO,0,0
mapd02a12.scr,mapda,NAO,0,0
mapd02a13.scr,mapda,NAO,0,0
mapd02a14.scr,mapda,NAO,0,0
mapd03a01.scr,mapda,sim,0,0
mapd03a02.scr,mapda,NAO,0,0
mapd03a03.scr,mapda,sim,0,0
mapd03a04.scr,mapda,NAO,0,0
mapd03a05.scr,mapda,NAO,0,0
mapd03a06.scr,mapda,NAO,0,0
mapd03a07.scr,mapda,NAO,0,0
mapd03a08.scr,mapda,sim,0,0
mapd03a09.scr,mapda,sim,0,0
mapd03a10.scr,mapda,sim,0,0
mapd03a11.scr,mapda,NAO,0,0
mapd03a12.scr,mapda,NAO,0,0
mapd03a13.scr,mapda,NAO,0,0
mapd03a14.scr,mapda,sim,0,0
mapd03a15.scr,mapda,sim,0,0
mapd03a16.scr,mapda,NAO,0,0
mapd03a17.scr,mapda,sim,0,0
mapd03a18.scr,mapda,sim,0,0
mapd03a19.scr,mapda,NAO,0,0
mapd03a20.scr,mapda,NAO,0,0
mapd03a21.scr,mapda,sim,0,0
mapd03a22.scr,mapda,NAO,0,0
mapd03a23.scr,mapda,NAO,0,0
mapd03a24.scr,mapda,NAO,0,0
mapd03a25.scr,mapda,NAO,0,0
mapd03a26.scr,mapda,sim,0,0
mapd03a27.scr,mapda,NAO,0,0
mapd04a01.scr,mapda,NAO,0,0
mapd04a02.scr,mapda,sim,0,0
mapd04a03.scr,mapda,NAO,0,0
mapd04a04.scr,mapda,NAO,0,0
mapd04a05.scr,mapda,NAO,0,0
mapd04a06.scr,mapda,NAO,0,0
mapd04a07.scr,mapda,NAO,0,0
mapd04a08.scr,mapda,NAO,0,0
mapd04a09.scr,mapda,NAO,0,0
mapd04a10.scr,mapda,sim,0,0
mapd04a11.scr,mapda,NAO,0,0
mapd04a12.scr,mapda,NAO,0,0
mapd04a13.scr,mapda,NAO,0,0
mapd04a14.scr,mapda,NAO,0,0
mapd04a15.scr,mapda,NAO,0,0
mapd04a16.scr,mapda,NAO,0,0
mapd04a17.scr,mapda,NAO,0,0
mapd04a18.scr,mapda,NAO,0,0
mapd05a01.scr,mapda,NAO,0,0
mapd05a02.scr,mapda,NAO,0,0
mapd05a03.scr,mapda,sim,0,0
mapd05a04.scr,mapda,NAO,0,0
mapd05a05.scr,mapda,NAO,0,0
mapd05a06.scr,mapda,NAO,0,0
mapd05a07.scr,mapda,NAO,0,0
mapd05a08.scr,mapda,sim,0,0
mapd05a09.scr,mapda,sim,0,0
mapd05a10.scr,mapda,sim,0,0
mapd05a11.scr,mapda,NAO,0,0
mapd05a12.scr,mapda,NAO,0,0
mapd05a13.scr,mapda,sim,0,0
mapd05a14.scr,mapda,NAO,0,0
mapd05a15.scr,mapda,NAO,0,0
mapd05a16.scr,mapda,sim,0,0
mapd05a17.scr,mapda,NAO,0,0
mapd05a18.scr,mapda,NAO,0,0
mapd05a19.scr,mapda,sim,0,0
mapd05a20.scr,mapda,NAO,0,0
mapd05a21.scr,mapda,NAO,0,0
mapd05a22.scr,mapda,sim,0,0
mapd05a23.scr,mapda,NAO,0,0
mapd05a24.scr,mapda,NAO,0,0
mapd05a25.scr,mapda,NAO,0,0
mapd05a26.scr,mapda,NAO,0,0
mapd05a27.scr,mapda,NAO,0,0
mapd05a28.scr,mapda,NAO,0,0
mapd06a01.scr,mapda,sim,0,0
mapd06a02.scr,mapda,sim,0,0
mapd06a03.scr,mapda,NAO,0,0
mapd06a04.scr,mapda,NAO,0,0
mapd06a05.scr,mapda,NAO,0,0
mapd06a06.scr,mapda,NAO,0,0
mapd06a07.scr,mapda,NAO,0,0
mapd06a08.scr,mapda,NAO,0,0
mapd06a09.scr,mapda,sim,0,0
mapd06a10.scr,mapda,NAO,0,0
mapd06a11.scr,mapda,NAO,0,0
mapd06a12.scr,mapda,NAO,0,0
mapd06a13.scr,mapda,NAO,0,0
mapd06a14.scr,mapda,NAO,0,0
mapd07a01.scr,mapda,sim,0,0
mapd07a02.scr,mapda,sim,0,0
mapd07a03.scr,mapda,NAO,0,0
mapd07a04.scr,mapda,NAO,0,0
mapd07a05.scr,mapda,NAO,0,0
mapd07a06.scr,mapda,NAO,0,0
mapd07a07.scr,mapda,NAO,0,0
mapd07a08.scr,mapda,sim,0,0
mapd07a09.scr,mapda,NAO,0,0
mapd07a10.scr,mapda,NAO,0,0
mapd07a11.scr,mapda,NAO,0,0
mapd07a12.scr,mapda,NAO,0,0
mapd07a13.scr,mapda,sim,0,0
mapd07a14.scr,mapda,NAO,0,0
mapd07a15.scr,mapda,NAO,0,0
mapd07a16.scr,mapda,NAO,0,0
mapd07a17.scr,mapda,sim,0,0
mapd07a18.scr,mapda,NAO,0,0
mapd07a19.scr,mapda,NAO,0,0
mapd07a20.scr,mapda,NAO,0,0
mapd07a21.scr,mapda,NAO,0,0
mapd08a01.scr,mapda,NAO,0,0
mapd08a02.scr,mapda,NAO,0,0
mapd08a03.scr,mapda,sim,0,0
mapd08a04.scr,mapda,NAO,0,0
mapd08a05.scr,mapda,NAO,0,0
mapd08a06.scr,mapda,NAO,0,0
mapd08a07.scr,mapda,sim,0,0
mapd08a08.scr,mapda,NAO,0,0
mapd08a09.scr,mapda,NAO,0,0
mapd08a10.scr,mapda,NAO,0,0
mapd08a11.scr,mapda,NAO,0,0
mapd08a12.scr,mapda,sim,0,0
mapd08a13.scr,mapda,NAO,0,0
mapd08a14.scr,mapda,NAO,0,0
mapd08a15.scr,mapda,NAO,0,0
mapd09a01.scr,mapda,NAO,0,0
mapd09a02.scr,mapda,NAO,0,0
mapd09a03.scr,mapda,sim,0,0
mapd09a04.scr,mapda,NAO,0,0
mapd09a05.scr,mapda,NAO,0,0
mapd09a06.scr,mapda,sim,0,0
mapd09a07.scr,mapda,NAO,0,0
mapd09a08.scr,mapda,NAO,0,0
mapd09a09.scr,mapda,NAO,0,0
mapd09a10.scr,mapda,sim,0,0
mapd09a11.scr,mapda,NAO,0,0
mapd09a12.scr,mapda,NAO,0,0
mapd09a13.scr,mapda,NAO,0,0
mapd09a14.scr,mapda,NAO,0,0
mapd09a15.scr,mapda,NAO,0,0
mapd09a16.scr,mapda,NAO,0,0
mapd09a17.scr,mapda,NAO,0,0
mapd09a18.scr,mapda,sim,0,0
mapd09a19.scr,mapda,sim,0,0
mapd09a20.scr,mapda,NAO,0,0
mapd09a21.scr,mapda,NAO,0,0
mapd09a22.scr,mapda,NAO,0,0
mapd09a23.scr,mapda,NAO,0,0
mapd09a24.scr,mapda,sim,0,0
mapd10a01.scr,mapda,NAO,0,0
mapd10a02.scr,mapda,NAO,0,0
mapd10a03.scr,mapda,NAO,0,0
mapd10a04.scr,mapda,sim,0,0
mapd10a05.scr,mapda,NAO,0,0
mapd10a06.scr,mapda,NAO,0,0
mapd10a07.scr,mapda,NAO,0,0
mapd10a08.scr,mapda,NAO,0,0
mapd10a09.scr,mapda,NAO,0,0
mapd10a10.scr,mapda,sim,0,0
mapd10a11.scr,mapda,NAO,0,0
mapd10a12.scr,mapda,NAO,0,0
mapd10a13.scr,mapda,NAO,0,0
mapd10a14.scr,mapda,sim,0,0
mapd10a15.scr,mapda,NAO,0,0
mapd10a16.scr,mapda,NAO,0,0
mapd10a17.scr,mapda,NAO,0,0
mapd11a01.scr,mapda,sim,0,0
mapd11a02.scr,mapda,NAO,0,0
mapd11a03.scr,mapda,NAO,0,0
mapd11a04.scr,mapda,NAO,0,0
mapd11a05.scr,mapda,NAO,0,0
mapd11a06.scr,mapda,sim,0,0
mapd11a07.scr,mapda,NAO,0,0
mapd11a08.scr,mapda,NAO,0,0
mapd11a09.scr,mapda,NAO,0,0
mapd11a10.scr,mapda,sim,0,0
mapd11a11.scr,mapda,NAO,0,0
mapd11a12.scr,mapda,NAO,0,0
mapd11a13.scr,mapda,NAO,0,0
mapd11a14.scr,mapda,NAO,0,0
mapd11a15.scr,mapda,sim,0,0
mapd11a16.scr,mapda,NAO,0,0
mapd11a17.scr,mapda,sim,0,0
mapd11a18.scr,mapda,NAO,0,0
mapd11a19.scr,mapda,sim,0,0
mapd11a20.scr,mapda,NAO,0,0
mapd11a21.scr,mapda,NAO,0,0
mapd11a22.scr,mapda,sim,0,0
mapd11a23.scr,mapda,sim,0,0
mapd11a24.scr,mapda,sim,0,0
mapd11a25.scr,mapda,sim,0,0
mapd11a26.scr,mapda,NAO,0,0
mapd11a27.scr,mapda,NAO,0,0
mapd11a28.scr,mapda,NAO,0,0
mapd12a01.scr,mapda,sim,0,0
mapd12a02.scr,mapda,NAO,0,0
mapd12a03.scr,mapda,NAO,0,0
mapd12a04.scr,mapda,NAO,0,0
mapd12a05.scr,mapda,NAO,0,0
mapd12a06.scr,mapda,NAO,0,0
mapd12a07.scr,mapda,NAO,0,0
mapd12a08.scr,mapda,NAO,0,0
mapd12a09.scr,mapda,NAO,0,0
mapd12a10.scr,mapda,NAO,0,0
mapd12a11.scr,mapda,NAO,0,0
mapd12a12.scr,mapda,NAO,0,0
mapd12a13.scr,mapda,NAO,0,0
mapd12a14.scr,mapda,NAO,0,0
mapd12a15.scr,mapda,NAO,0,0
mapd12a16.scr,mapda,NAO,0,0
mapd12a17.scr,mapda,NAO,0,0
mapd12a18.scr,mapda,NAO,0,0
mapd12a19.scr,mapda,NAO,0,0
mapd12a20.scr,mapda,NAO,0,0
mapd12a21.scr,mapda,NAO,0,0
mapd12a22.scr,mapda,NAO,0,0
mapd12a23.scr,mapda,NAO,0,0
mapd12a24.scr,mapda,NAO,0,0
mapd12a25.scr,mapda,NAO,0,0
mapd12a26.scr,mapda,NAO,0,0
mapd12a27.scr,mapda,NAO,0,0
mapd12a28.scr,mapda,NAO,0,0
mapd12a29.scr,mapda,NAO,0,0
mapd12a30.scr,mapda,NAO,0,0
mapd12a31.scr,mapda,sim,0,0
mapd12a32.scr,mapda,NAO,0,0
mapd12a33.scr,mapda,NAO,0,0
mapd12a34.scr,mapda,sim,0,0
mapd12a35.scr,mapda,NAO,0,0
mapd12a36.scr,mapda,NAO,0,0
mapd12a37.scr,mapda,NAO,0,0
mapd12a38.scr,mapda,NAO,0,0
mapd12a39.scr,mapda,NAO,0,0
mapd12a40.scr,mapda,NAO,0,0
mapd12a41.scr,mapda,NAO,0,0
mapd12a42.scr,mapda,NAO,0,0
mapd12a43.scr,mapda,NAO,0,0
mapd12a44.scr,mapda,NAO,0,0
mapd12a45.scr,mapda,NAO,0,0
mapd12a46.scr,mapda,sim,0,0
mapd12a47.scr,mapda,sim,0,0
mapd12a48.scr,mapda,NAO,0,0
mapd12a49.scr,mapda,NAO,0,0
mapd12a50.scr,mapda,NAO,0,0
mapd12a51.scr,mapda,NAO,0,0
mapd12a52.scr,mapda,NAO,0,0
mapd12a53.scr,mapda,NAO,0,0
mapd12a54.scr,mapda,NAO,0,0
mapd12a55.scr,mapda,NAO,0,0
mapd12a56.scr,mapda,NAO,0,0
mapd12a57.scr,mapda,sim,0,0
mapd12a58.scr,mapda,NAO,0,0
mapd12a59.scr,mapda,sim,0,0
mapd12a60.scr,mapda,NAO,0,0
mapd13a01.scr,mapda,NAO,0,0
mapd01a01.scr,mapda,sim,4,2
mapd01a02.scr,mapda,sim,4,2
mapd01a06.scr,mapda,sim,4,1
mapd01a07.scr,mapda,NAO,0,0
mapd01a08.scr,mapda,NAO,1,0
mapd01a09.scr,mapda,NAO,0,0
mapd01a10.scr,mapda,NAO,0,0
mapd01a11.scr,mapda,NAO,1,0
mapd01a12.scr,mapda,sim,2,1
mapd01a13.scr,mapda,sim,2,1
mapd01a14.scr,mapda,sim,6,5
mapd01a15.scr,mapda,NAO,1,0
mapd01a16.scr,mapda,NAO,0,0
mapd01a17.scr,mapda,NAO,0,0
mapd01a18.scr,mapda,NAO,2,0
mapd01a19.scr,mapda,NAO,0,0
mapd01a20.scr,mapda,NAO,0,0
mapd01a23.scr,mapda,NAO,0,0
mapd01a24.scr,mapda,NAO,0,0
mapd01a25.scr,mapda,NAO,0,0
mapd02a01.scr,mapda,NAO,1,0
mapd02a02.scr,mapda,sim,4,2
mapd02a03.scr,mapda,NAO,0,0
mapd02a04.scr,mapda,NAO,1,0
mapd02a05.scr,mapda,NAO,0,0
mapd02a06.scr,mapda,sim,6,3
mapd02a07.scr,mapda,NAO,1,0
mapd02a08.scr,mapda,NAO,0,0
mapd02a09.scr,mapda,NAO,0,0
mapd02a10.scr,mapda,NAO,4,0
mapd02a11.scr,mapda,NAO,1,0
mapd02a12.scr,mapda,NAO,0,0
mapd02a13.scr,mapda,NAO,0,0
mapd02a14.scr,mapda,NAO,0,0
mapd02a15.scr,mapda,NAO,0,0
mapd02a16.scr,mapda,NAO,0,0
mapd02a17.scr,mapda,NAO,0,0
mapd03a01.scr,mapda,sim,5,2
mapd03a02.scr,mapda,NAO,2,0
mapd03a03.scr,mapda,sim,4,3
mapd03a04.scr,mapda,NAO,0,0
mapd03a05.scr,mapda,NAO,1,0
mapd03a06.scr,mapda,NAO,0,0
mapd03a07.scr,mapda,NAO,1,0
mapd03a08.scr,mapda,sim,15,14
mapd03a09.scr,mapda,sim,4,4
mapd03a10.scr,mapda,sim,5,4
mapd03a11.scr,mapda,NAO,1,0
mapd03a12.scr,mapda,NAO,0,0
mapd03a13.scr,mapda,NAO,0,0
mapd03a14.scr,mapda,sim,2,1
mapd03a15.scr,mapda,sim,17,13
mapd03a16.scr,mapda,NAO,0,0
mapd03a17.scr,mapda,sim,42,8
mapd03a18.scr,mapda,sim,98,21
mapd03a19.scr,mapda,NAO,0,0
mapd03a20.scr,mapda,NAO,0,0
mapd03a21.scr,mapda,sim,4,2
mapd03a22.scr,mapda,NAO,0,0
mapd03a23.scr,mapda,NAO,1,0
mapd03a24.scr,mapda,NAO,0,0
mapd03a25.scr,mapda,NAO,0,0
mapd03a26.scr,mapda,sim,4,3
mapd03a27.scr,mapda,NAO,7,0
mapd03a28.scr,mapda,NAO,0,0
mapd03a29.scr,mapda,NAO,0,0
mapd03a30.scr,mapda,NAO,0,0
mapd03a31.scr,mapda,NAO,0,0
mapd04a01.scr,mapda,NAO,1,0
mapd04a02.scr,mapda,sim,2,1
mapd04a03.scr,mapda,NAO,0,0
mapd04a04.scr,mapda,NAO,1,0
mapd04a05.scr,mapda,NAO,1,0
mapd04a06.scr,mapda,NAO,0,0
mapd04a07.scr,mapda,NAO,0,0
mapd04a08.scr,mapda,NAO,0,0
mapd04a09.scr,mapda,NAO,0,0
mapd04a10.scr,mapda,sim,2,1
mapd04a11.scr,mapda,NAO,0,0
mapd04a12.scr,mapda,NAO,0,0
mapd04a13.scr,mapda,NAO,0,0
mapd04a14.scr,mapda,NAO,1,0
mapd04a15.scr,mapda,NAO,0,0
mapd04a16.scr,mapda,NAO,0,0
mapd04a17.scr,mapda,NAO,0,0
mapd04a18.scr,mapda,NAO,0,0
mapd04a19.scr,mapda,NAO,0,0
mapd04a20.scr,mapda,NAO,0,0
mapd04a21.scr,mapda,NAO,0,0
mapd04a22.scr,mapda,NAO,0,0
mapd04a23.scr,mapda,NAO,0,0
mapd05a01.scr,mapda,NAO,0,0
mapd05a02.scr,mapda,NAO,1,0
mapd05a03.scr,mapda,sim,2,1
mapd05a04.scr,mapda,NAO,1,0
mapd05a05.scr,mapda,NAO,2,0
mapd05a06.scr,mapda,NAO,1,0
mapd05a07.scr,mapda,NAO,0,0
mapd05a08.scr,mapda,sim,4,2
mapd05a09.scr,mapda,sim,2,0
mapd05a10.scr,mapda,sim,4,2
mapd05a11.scr,mapda,NAO,1,0
mapd05a12.scr,mapda,NAO,0,0
mapd05a13.scr,mapda,sim,2,1
mapd05a14.scr,mapda,NAO,0,0
mapd05a15.scr,mapda,NAO,0,0
mapd05a16.scr,mapda,sim,4,2
mapd05a17.scr,mapda,NAO,0,0
mapd05a18.scr,mapda,NAO,0,0
mapd05a19.scr,mapda,sim,5,4
mapd05a20.scr,mapda,NAO,0,0
mapd05a21.scr,mapda,NAO,1,0
mapd05a22.scr,mapda,sim,6,4
mapd05a23.scr,mapda,NAO,0,0
mapd05a24.scr,mapda,NAO,0,0
mapd05a25.scr,mapda,NAO,0,0
mapd05a26.scr,mapda,NAO,1,0
mapd05a27.scr,mapda,NAO,1,0
mapd05a28.scr,mapda,NAO,1,0
mapd05a29.scr,mapda,NAO,0,0
mapd05a30.scr,mapda,NAO,0,0
mapd05a31.scr,mapda,NAO,0,0
mapd05a32.scr,mapda,NAO,0,0
mapd05a33.scr,mapda,NAO,0,0
mapd05a34.scr,mapda,NAO,0,0
mapd05a35.scr,mapda,NAO,0,0
mapd05a36.scr,mapda,NAO,0,0
mapd06a01.scr,mapda,sim,7,3
mapd06a02.scr,mapda,sim,2,1
mapd06a03.scr,mapda,NAO,1,0
mapd06a04.scr,mapda,NAO,0,0
mapd06a05.scr,mapda,NAO,0,0
mapd06a06.scr,mapda,NAO,0,0
mapd06a07.scr,mapda,NAO,9,0
mapd06a08.scr,mapda,NAO,0,0
mapd06a09.scr,mapda,sim,240,1
mapd06a10.scr,mapda,NAO,0,0
mapd06a11.scr,mapda,NAO,0,0
mapd06a12.scr,mapda,NAO,0,0
mapd06a13.scr,mapda,NAO,1,0
mapd06a14.scr,mapda,NAO,0,0
mapd06a15.scr,mapda,NAO,0,0
mapd06a16.scr,mapda,NAO,0,0
mapd07a01.scr,mapda,sim,4,2
mapd07a02.scr,mapda,sim,6,3
mapd07a03.scr,mapda,NAO,0,0
mapd07a04.scr,mapda,NAO,0,0
mapd07a05.scr,mapda,NAO,1,0
mapd07a06.scr,mapda,NAO,0,0
mapd07a07.scr,mapda,NAO,0,0
mapd07a08.scr,mapda,sim,2,1
mapd07a09.scr,mapda,NAO,0,0
mapd07a10.scr,mapda,NAO,0,0
mapd07a11.scr,mapda,NAO,1,0
mapd07a12.scr,mapda,NAO,0,0
mapd07a13.scr,mapda,sim,2,1
mapd07a14.scr,mapda,NAO,0,0
mapd07a15.scr,mapda,NAO,0,0
mapd07a16.scr,mapda,NAO,0,0
mapd07a17.scr,mapda,sim,4,2
mapd07a18.scr,mapda,NAO,0,0
mapd07a19.scr,mapda,NAO,1,0
mapd07a20.scr,mapda,NAO,0,0
mapd07a21.scr,mapda,NAO,1,0
mapd07a22.scr,mapda,NAO,0,0
mapd07a23.scr,mapda,NAO,0,0
mapd07a24.scr,mapda,NAO,0,0
mapd07a25.scr,mapda,NAO,0,0
mapd07a26.scr,mapda,NAO,0,0
mapd08a01.scr,mapda,NAO,0,0
mapd08a02.scr,mapda,NAO,0,0
mapd08a03.scr,mapda,sim,4,2
mapd08a04.scr,mapda,NAO,0,0
mapd08a05.scr,mapda,NAO,0,0
mapd08a06.scr,mapda,NAO,1,0
mapd08a07.scr,mapda,sim,4,2
mapd08a08.scr,mapda,NAO,1,0
mapd08a09.scr,mapda,NAO,0,0
mapd08a10.scr,mapda,NAO,0,0
mapd08a11.scr,mapda,NAO,0,0
mapd08a12.scr,mapda,sim,2,1
mapd08a13.scr,mapda,NAO,1,0
mapd08a14.scr,mapda,NAO,0,0
mapd08a15.scr,mapda,NAO,0,0
mapd08a16.scr,mapda,NAO,0,0
mapd08a17.scr,mapda,NAO,0,0
mapd08a18.scr,mapda,NAO,0,0
mapd09a01.scr,mapda,NAO,0,0
mapd09a02.scr,mapda,NAO,0,0
mapd09a03.scr,mapda,sim,3,2
mapd09a04.scr,mapda,NAO,0,0
mapd09a05.scr,mapda,NAO,0,0
mapd09a06.scr,mapda,sim,2,1
mapd09a07.scr,mapda,NAO,0,0
mapd09a08.scr,mapda,NAO,1,0
mapd09a09.scr,mapda,NAO,0,0
mapd09a10.scr,mapda,sim,8,3
mapd09a11.scr,mapda,NAO,0,0
mapd09a12.scr,mapda,NAO,0,0
mapd09a13.scr,mapda,NAO,0,0
mapd09a14.scr,mapda,NAO,0,0
mapd09a15.scr,mapda,NAO,1,0
mapd09a16.scr,mapda,NAO,0,0
mapd09a17.scr,mapda,NAO,0,0
mapd09a18.scr,mapda,sim,2,1
mapd09a19.scr,mapda,sim,4,2
mapd09a20.scr,mapda,NAO,1,0
mapd09a21.scr,mapda,NAO,0,0
mapd09a22.scr,mapda,NAO,0,0
mapd09a23.scr,mapda,NAO,0,0
mapd09a24.scr,mapda,sim,2,1
mapd09a25.scr,mapda,NAO,0,0
mapd09a26.scr,mapda,NAO,0,0
mapd09a27.scr,mapda,NAO,0,0
mapd10a01.scr,mapda,NAO,0,0
mapd10a02.scr,mapda,NAO,0,0
mapd10a03.scr,mapda,NAO,0,0
mapd10a04.scr,mapda,sim,2,1
mapd10a05.scr,mapda,NAO,0,0
mapd10a06.scr,mapda,NAO,1,0
mapd10a07.scr,mapda,NAO,0,0
mapd10a08.scr,mapda,NAO,0,0
mapd10a09.scr,mapda,NAO,0,0
mapd10a10.scr,mapda,sim,4,2
mapd10a11.scr,mapda,NAO,0,0
mapd10a12.scr,mapda,NAO,1,0
mapd10a13.scr,mapda,NAO,1,0
mapd10a14.scr,mapda,sim,8,4
mapd10a15.scr,mapda,NAO,1,0
mapd10a16.scr,mapda,NAO,0,0
mapd10a17.scr,mapda,NAO,0,0
mapd10a18.scr,mapda,NAO,0,0
mapd10a19.scr,mapda,NAO,0,0
mapd10a20.scr,mapda,NAO,0,0
mapd10a21.scr,mapda,NAO,0,0
mapd11a01.scr,mapda,sim,4,2
mapd11a02.scr,mapda,NAO,0,0
mapd11a03.scr,mapda,NAO,0,0
mapd11a04.scr,mapda,NAO,0,0
mapd11a05.scr,mapda,NAO,0,0
mapd11a06.scr,mapda,sim,16,14
mapd11a07.scr,mapda,NAO,6,0
mapd11a08.scr,mapda,NAO,0,0
mapd11a09.scr,mapda,NAO,1,0
mapd11a10.scr,mapda,sim,2,1
mapd11a11.scr,mapda,NAO,0,0
mapd11a12.scr,mapda,NAO,6,0
mapd11a13.scr,mapda,NAO,0,0
mapd11a14.scr,mapda,NAO,1,0
mapd11a15.scr,mapda,sim,2,1
mapd11a16.scr,mapda,NAO,0,0
mapd11a17.scr,mapda,sim,20,18
mapd11a18.scr,mapda,NAO,1,0
mapd11a19.scr,mapda,sim,2,1
mapd11a20.scr,mapda,NAO,18,0
mapd11a21.scr,mapda,NAO,1,0
mapd11a22.scr,mapda,sim,2,1
mapd11a23.scr,mapda,sim,7,6
mapd11a24.scr,mapda,sim,16,13
mapd11a25.scr,mapda,sim,3,1
mapd11a26.scr,mapda,NAO,1,0
mapd11a27.scr,mapda,NAO,0,0
mapd11a28.scr,mapda,NAO,0,0
mapd11a29.scr,mapda,NAO,0,0
mapd11a30.scr,mapda,NAO,0,0
mapd11a31.scr,mapda,NAO,0,0
mapd11a32.scr,mapda,NAO,0,0
mapd11a33.scr,mapda,NAO,0,0
mapd11a34.scr,mapda,NAO,0,0
mapd11a35.scr,mapda,NAO,0,0
mapd11a36.scr,mapda,NAO,0,0
mapd11a37.scr,mapda,NAO,0,0
mapd12a01.scr,mapda,sim,2,1
mapd12a02.scr,mapda,NAO,0,0
mapd12a03.scr,mapda,NAO,0,0
mapd12a04.scr,mapda,NAO,0,0
mapd12a05.scr,mapda,NAO,0,0
mapd12a06.scr,mapda,NAO,0,0
mapd12a07.scr,mapda,NAO,0,0
mapd12a08.scr,mapda,NAO,0,0
mapd12a09.scr,mapda,NAO,0,0
mapd12a10.scr,mapda,NAO,0,0
mapd12a11.scr,mapda,NAO,0,0
mapd12a12.scr,mapda,NAO,0,0
mapd12a13.scr,mapda,NAO,3,0
mapd12a14.scr,mapda,NAO,1,0
mapd12a15.scr,mapda,NAO,0,0
mapd12a16.scr,mapda,NAO,0,0
mapd12a17.scr,mapda,NAO,0,0
mapd12a18.scr,mapda,NAO,0,0
mapd12a19.scr,mapda,NAO,3,0
mapd12a20.scr,mapda,NAO,0,0
mapd12a21.scr,mapda,NAO,0,0
mapd12a22.scr,mapda,NAO,3,0
mapd12a23.scr,mapda,NAO,3,0
mapd12a24.scr,mapda,NAO,0,0
mapd12a25.scr,mapda,NAO,1,0
mapd12a26.scr,mapda,NAO,0,0
mapd12a27.scr,mapda,NAO,0,0
mapd12a28.scr,mapda,NAO,0,0
mapd12a29.scr,mapda,NAO,0,0
mapd12a30.scr,mapda,NAO,0,0
mapd12a31.scr,mapda,sim,8,3
mapd12a32.scr,mapda,NAO,0,0
mapd12a33.scr,mapda,NAO,0,0
mapd12a34.scr,mapda,sim,5,2
mapd12a35.scr,mapda,NAO,0,0
mapd12a36.scr,mapda,NAO,0,0
mapd12a37.scr,mapda,NAO,0,0
mapd12a38.scr,mapda,NAO,0,0
mapd12a39.scr,mapda,NAO,0,0
mapd12a40.scr,mapda,NAO,0,0
mapd12a41.scr,mapda,NAO,0,0
mapd12a42.scr,mapda,NAO,0,0
mapd12a43.scr,mapda,NAO,3,0
mapd12a44.scr,mapda,NAO,0,0
mapd12a45.scr,mapda,NAO,0,0
mapd12a46.scr,mapda,sim,2,1
mapd12a47.scr,mapda,sim,2,1
mapd12a48.scr,mapda,NAO,0,0
mapd12a49.scr,mapda,NAO,3,0
mapd12a50.scr,mapda,NAO,0,0
mapd12a51.scr,mapda,NAO,0,0
mapd12a52.scr,mapda,NAO,0,0
mapd12a53.scr,mapda,NAO,0,0
mapd12a54.scr,mapda,NAO,0,0
mapd12a55.scr,mapda,NAO,0,0
mapd12a56.scr,mapda,NAO,0,0
mapd12a57.scr,mapda,sim,6,3
mapd12a58.scr,mapda,NAO,0,0
mapd12a59.scr,mapda,sim,6,2
mapd12a60.scr,mapda,NAO,0,0
mapd12a61.scr,mapda,sim,6,2
mapd13a01.scr,mapda,NAO,0,0
mapship_01.scr,mapship_,NAO,0,0
mapship_02.scr,mapship_,NAO,0,0
mapship_03.scr,mapship_,sim,2,1
mapship_04.scr,mapship_,NAO,0,0
mapship_05.scr,mapship_,NAO,0,0
mapship_06.scr,mapship_,NAO,0,0
mapship_07.scr,mapship_,sim,6,3
mapship_08.scr,mapship_,NAO,0,0
mapship_09.scr,mapship_,NAO,0,0
mapship_10.scr,mapship_,NAO,0,0
mapship_11.scr,mapship_,NAO,0,0
mapship_12.scr,mapship_,NAO,0,0
mapship_13.scr,mapship_,NAO,0,0
mapship_14.scr,mapship_,NAO,4,0
mapship_15.scr,mapship_,NAO,0,0
mapship_16.scr,mapship_,NAO,0,0
mapship_17.scr,mapship_,NAO,0,0
mapship_18.scr,mapship_,NAO,0,0
mapship_19.scr,mapship_,NAO,0,0
mapship_20.scr,mapship_,NAO,0,0
mapship_21.scr,mapship_,NAO,0,0
mapship_22.scr,mapship_,NAO,0,0
mapship_23.scr,mapship_,NAO,0,0
mapship_24.scr,mapship_,NAO,0,0
mapship_25.scr,mapship_,NAO,0,0
mapship_26.scr,mapship_,NAO,0,0
mapship_27.scr,mapship_,NAO,0,0
mapship_28.scr,mapship_,NAO,0,0
mapship_29.scr,mapship_,sim,6,1
mapship_30.scr,mapship_,NAO,0,0
mapship_31.scr,mapship_,NAO,0,0
mapship_32.scr,mapship_,NAO,0,0
mapship_33.scr,mapship_,NAO,0,0
mapworld.scr,mapworld,NAO,0,0
mev00_070.scr,mev_,sim,11,1
mev00_080.scr,mev_,NAO,3,0
mev00_090.scr,mev_,sim,29,0
mev00_100.scr,mev_,sim,8,0
mev00_110.scr,mev_,sim,9,0
mev00_120.scr,mev_,sim,3,0
mev00_130.scr,mev_,sim,8,0
mev00_140.scr,mev_,sim,7,0
mev00_150.scr,mev_,sim,11,0
mev00_160.scr,mev_,sim,10,0
mev00_170.scr,mev_,sim,5,0
mev00_180.scr,mev_,sim,17,1
mev00_190.scr,mev_,sim,22,0
mev00_200.scr,mev_,sim,9,2
mev00_210.scr,mev_,sim,17,0
mev00_220.scr,mev_,sim,2,0
mev00_230.scr,mev_,sim,12,0
mev00_240.scr,mev_,sim,14,2
mev00_250.scr,mev_,sim,12,0
mev00_260.scr,mev_,sim,29,2
mev00_270.scr,mev_,sim,25,1
mev00_280.scr,mev_,sim,3,0
mev00_290.scr,mev_,sim,21,0
mev00_291.scr,mev_,sim,31,0
mev00_292.scr,mev_,sim,17,1
mev00_293.scr,mev_,sim,33,2
mev00_294.scr,mev_,sim,8,0
mev01_010.scr,mev_,sim,7,0
mev01_020.scr,mev_,sim,13,0
mev01_030.scr,mev_,sim,12,0
mev01_040.scr,mev_,sim,23,2
mev01_050.scr,mev_,sim,2,0
mev01_060.scr,mev_,sim,26,0
mev01_070.scr,mev_,sim,6,1
mev01_080.scr,mev_,sim,29,1
mev01_090.scr,mev_,sim,14,0
mev01_100.scr,mev_,sim,11,0
mev01_110.scr,mev_,sim,29,0
mev02_010.scr,mev_,sim,4,0
mev02_020.scr,mev_,sim,13,0
mev02_030.scr,mev_,sim,12,0
mev02_040.scr,mev_,sim,16,0
mev02_045.scr,mev_,sim,6,0
mev02_046.scr,mev_,sim,4,0
mev02_047.scr,mev_,sim,6,0
mev02_050.scr,mev_,sim,27,2
mev02_060.scr,mev_,sim,3,0
mev02_070.scr,mev_,sim,27,0
mev02_080.scr,mev_,sim,4,0
mev02_090.scr,mev_,sim,20,2
mev02_100.scr,mev_,sim,27,1
mev03_010.scr,mev_,sim,5,0
mev03_020.scr,mev_,sim,10,0
mev03_030.scr,mev_,sim,16,0
mev03_040.scr,mev_,sim,19,0
mev03_050.scr,mev_,sim,7,0
mev03_060.scr,mev_,sim,25,0
mev03_070.scr,mev_,sim,15,0
mev04_010.scr,mev_,sim,6,0
mev04_020.scr,mev_,sim,11,0
mev04_025.scr,mev_,sim,5,0
mev04_030.scr,mev_,sim,18,0
mev04_040.scr,mev_,sim,5,1
mev04_050.scr,mev_,sim,3,1
mev04_060.scr,mev_,sim,22,1
mev04_070.scr,mev_,sim,18,1
mev04_080.scr,mev_,sim,20,1
mev04_090.scr,mev_,sim,24,0
mev04_100.scr,mev_,sim,13,1
mev04_110.scr,mev_,sim,7,2
mev04_120.scr,mev_,sim,8,1
mev04_130.scr,mev_,sim,14,0
mev05_010.scr,mev_,sim,7,0
mev05_020.scr,mev_,sim,18,0
mev05_025.scr,mev_,sim,9,0
mev05_026.scr,mev_,sim,5,0
mev05_027.scr,mev_,sim,3,0
mev05_030.scr,mev_,sim,13,2
mev05_040.scr,mev_,sim,20,2
mev05_050.scr,mev_,sim,3,0
mev05_060.scr,mev_,sim,37,1
mev05_070.scr,mev_,sim,12,2
mev05_080.scr,mev_,sim,14,0
mev05_090.scr,mev_,sim,15,0
mev05_100.scr,mev_,sim,20,1
mev05_110.scr,mev_,sim,35,0
mev05_120.scr,mev_,sim,17,0
mev06_010.scr,mev_,sim,6,0
mev06_020.scr,mev_,sim,12,0
mev06_025.scr,mev_,sim,4,0
mev06_030.scr,mev_,sim,13,1
mev06_040.scr,mev_,sim,7,0
mev06_050.scr,mev_,sim,2,0
mev06_060.scr,mev_,sim,32,0
mev06_070.scr,mev_,sim,12,0
mev06_080.scr,mev_,sim,21,2
mev06_090.scr,mev_,sim,20,0
mev06_100.scr,mev_,sim,16,1
mev06_110.scr,mev_,sim,8,0
mev06_120.scr,mev_,sim,17,0
mev06_130.scr,mev_,sim,16,0
mev06_140.scr,mev_,sim,11,0
mev07_010.scr,mev_,sim,6,0
mev07_020.scr,mev_,sim,25,0
mev07_025.scr,mev_,sim,5,0
mev07_030.scr,mev_,sim,12,0
mev07_040.scr,mev_,sim,31,1
mev07_050.scr,mev_,sim,14,0
mev07_060.scr,mev_,sim,19,0
mev07_070.scr,mev_,sim,16,0
mev07_080.scr,mev_,sim,31,1
mev07_090.scr,mev_,sim,24,0
mev07_100.scr,mev_,sim,16,1
mev07_110.scr,mev_,sim,38,0
mev07_120.scr,mev_,sim,11,0
mev08_010.scr,mev_,sim,7,0
mev08_020.scr,mev_,sim,16,0
mev08_030.scr,mev_,sim,21,0
mev08_040.scr,mev_,sim,4,0
mev08_050.scr,mev_,sim,17,0
mev08_060.scr,mev_,sim,14,0
mev08_070.scr,mev_,sim,19,0
mev08_080.scr,mev_,sim,18,0
mev08_090.scr,mev_,sim,28,0
mev08_100.scr,mev_,sim,12,2
mev08_110.scr,mev_,sim,9,0
mev08_120.scr,mev_,sim,7,2
mev08_130.scr,mev_,sim,42,1
mev08_140.scr,mev_,sim,31,31
mev08_150.scr,mev_,sim,9,0
mev08_160.scr,mev_,sim,35,0
mev08_170.scr,mev_,sim,6,0
mev09_010.scr,mev_,sim,4,0
mev09_020.scr,mev_,sim,16,0
mev09_030.scr,mev_,sim,13,0
mev09_040.scr,mev_,sim,43,3
mev09_050.scr,mev_,sim,4,0
mev09_060.scr,mev_,sim,10,2
mev09_070.scr,mev_,sim,46,1
mev09_080.scr,mev_,sim,16,1
mev09_090.scr,mev_,sim,24,0
mev09_100.scr,mev_,sim,22,0
mev09_110.scr,mev_,sim,24,2
mev09_120.scr,mev_,sim,16,0
mev09_130.scr,mev_,sim,14,3
mev09_140.scr,mev_,sim,9,2
mev09_150.scr,mev_,sim,41,1
mev09_160.scr,mev_,sim,26,0
mev09_170.scr,mev_,sim,7,1
mev09_180.scr,mev_,sim,28,1
mev09_190.scr,mev_,sim,23,0
mev10_010.scr,mev_,sim,16,0
mev10_020.scr,mev_,sim,23,1
mev10_025.scr,mev_,sim,6,0
mev10_030.scr,mev_,sim,6,0
mev10_040.scr,mev_,sim,3,0
mev10_050.scr,mev_,sim,3,0
mev10_060.scr,mev_,sim,10,0
mev10_070.scr,mev_,sim,21,0
mev10_080.scr,mev_,sim,22,1
mev10_090.scr,mev_,sim,22,3
mev10_100.scr,mev_,sim,18,0
mev10_110.scr,mev_,sim,7,0
mev10_120.scr,mev_,sim,26,0
mev10_130.scr,mev_,sim,7,0
mev10_140.scr,mev_,NAO,1,0
mev10_150.scr,mev_,sim,6,0
mev10_160.scr,mev_,NAO,0,0
mev11_010.scr,mev_,sim,5,0
mev11_020.scr,mev_,sim,17,0
mev11_030.scr,mev_,sim,15,0
mev11_040.scr,mev_,sim,25,0
mev11_050.scr,mev_,sim,15,0
mev11_060.scr,mev_,sim,26,2
mev11_070.scr,mev_,sim,8,0
mev11_080.scr,mev_,sim,62,2
mev11_090.scr,mev_,NAO,3,0
mev11_100.scr,mev_,sim,20,0
mev11_105.scr,mev_,sim,6,0
mev11_110.scr,mev_,sim,17,0
mev11_120.scr,mev_,sim,31,2
mev11_130.scr,mev_,sim,27,1
mev11_140.scr,mev_,sim,26,0
mev12_010.scr,mev_,sim,10,0
mev12_020.scr,mev_,sim,7,0
mev12_025.scr,mev_,sim,5,0
mev12_030.scr,mev_,sim,20,0
mev12_040.scr,mev_,sim,13,0
mev12_050.scr,mev_,sim,3,0
mev12_060.scr,mev_,sim,12,0
mev12_070.scr,mev_,sim,14,0
mev12_080.scr,mev_,sim,6,0
mev12_090.scr,mev_,sim,10,0
mev12_100.scr,mev_,sim,11,0
mev12_110.scr,mev_,sim,24,2
mev12_120.scr,mev_,sim,28,1
mev12_130.scr,mev_,sim,2,1
mev12_140.scr,mev_,sim,34,0
mev12_150.scr,mev_,sim,5,2
mev12_160.scr,mev_,sim,18,0
mev12_170.scr,mev_,sim,11,0
mev13_010.scr,mev_,sim,13,0
mev13_020.scr,mev_,sim,15,0
mev13_030.scr,mev_,sim,7,0
mev13_040.scr,mev_,sim,5,0
mev13_050.scr,mev_,sim,8,0
mev13_055.scr,mev_,sim,3,0
mev13_060.scr,mev_,sim,7,7
mev13_070.scr,mev_,sim,26,0
mev13_075.scr,mev_,sim,8,1
mev13_080.scr,mev_,sim,17,1
mev13_090.scr,mev_,sim,28,0
mev13_100.scr,mev_,sim,20,1
mev14_010.scr,mev_,sim,12,0
mev14_020.scr,mev_,sim,23,3
mev14_030.scr,mev_,sim,6,0
mev14_035.scr,mev_,sim,2,0
mev14_040.scr,mev_,sim,15,0
mev14_050.scr,mev_,sim,17,3
mev14_060.scr,mev_,sim,32,0
mev14_070.scr,mev_,sim,20,1
mev14_080.scr,mev_,sim,42,4
mev15_010.scr,mev_,sim,4,0
mev15_020.scr,mev_,sim,13,0
mev15_030.scr,mev_,sim,7,0
mev15_035.scr,mev_,sim,3,0
mev15_040.scr,mev_,sim,4,0
mev15_045.scr,mev_,sim,5,1
mev15_050.scr,mev_,sim,17,2
mev15_060.scr,mev_,sim,37,0
mev15_070.scr,mev_,sim,18,0
mev15_080.scr,mev_,sim,11,1
mev15_085.scr,mev_,sim,1,0
mev15_086.scr,mev_,sim,1,0
mev15_090.scr,mev_,sim,31,0
mev15_100.scr,mev_,sim,12,0
mev15_110.scr,mev_,sim,34,0
mev15_120.scr,mev_,sim,7,0
mev16_010.scr,mev_,sim,11,0
mev16_020.scr,mev_,sim,16,0
mev16_025.scr,mev_,sim,2,0
mev16_030.scr,mev_,sim,12,1
mev16_040.scr,mev_,sim,35,0
mev16_050.scr,mev_,sim,5,0
mev16_060.scr,mev_,sim,15,0
mev16_070.scr,mev_,sim,11,0
mev16_080.scr,mev_,sim,6,0
mev16_090.scr,mev_,sim,4,0
mev17_010.scr,mev_,sim,5,0
mev17_020.scr,mev_,sim,25,0
mev17_030.scr,mev_,sim,11,0
mev17_040.scr,mev_,sim,5,0
mev17_050.scr,mev_,sim,3,0
mev17_060.scr,mev_,sim,26,2
mev17_070.scr,mev_,sim,18,1
mev17_080.scr,mev_,sim,22,0
mev17_090.scr,mev_,sim,30,0
mev17_100.scr,mev_,sim,8,0
mev18_010.scr,mev_,sim,12,0
mev18_020.scr,mev_,sim,21,0
mev18_025.scr,mev_,sim,9,0
mev18_030.scr,mev_,sim,10,0
mev18_035.scr,mev_,sim,15,0
mev18_040.scr,mev_,sim,27,1
mev18_050.scr,mev_,sim,4,0
mev18_060.scr,mev_,sim,44,2
mev18_065.scr,mev_,sim,13,2
mev18_070.scr,mev_,sim,14,0
mev18_080.scr,mev_,sim,16,0
mev18_090.scr,mev_,sim,23,1
mev18_100.scr,mev_,sim,32,0
mev18_110.scr,mev_,sim,13,0
mev19_010.scr,mev_,sim,18,0
mev19_020.scr,mev_,sim,25,5
mev19_030.scr,mev_,sim,9,0
mev19_040.scr,mev_,sim,31,0
mev19_050.scr,mev_,sim,3,0
mev19_055.scr,mev_,sim,2,0
mev19_057.scr,mev_,sim,12,0
mev19_060.scr,mev_,sim,44,2
mev19_070.scr,mev_,sim,6,0
mev19_080.scr,mev_,sim,11,0
mev19_090.scr,mev_,sim,11,0
mev19_100.scr,mev_,sim,25,0
mev19_110.scr,mev_,sim,5,0
mev19_120.scr,mev_,sim,9,0
mev19_130.scr,mev_,sim,10,0
mev19_140.scr,mev_,sim,21,0
mev19_150.scr,mev_,sim,14,0
mev20_010.scr,mev_,sim,11,0
mev20_020.scr,mev_,sim,8,0
mev20_025.scr,mev_,sim,6,0
mev20_030.scr,mev_,sim,22,0
mev20_040.scr,mev_,sim,5,0
mev20_050.scr,mev_,sim,6,0
mev20_060.scr,mev_,sim,14,0
mev20_070.scr,mev_,sim,4,0
mev20_080.scr,mev_,sim,3,1
mev20_090.scr,mev_,sim,21,1
mev20_095.scr,mev_,sim,23,1
mev20_100.scr,mev_,sim,5,0
mev21_010.scr,mev_,sim,18,0
mev21_020.scr,mev_,sim,15,1
mev21_030.scr,mev_,sim,18,1
mev21_035.scr,mev_,sim,17,0
mev21_040.scr,mev_,sim,8,0
mev21_050.scr,mev_,sim,11,0
mev21_055.scr,mev_,sim,10,1
mev21_060.scr,mev_,sim,13,1
mev21_070.scr,mev_,sim,41,0
mev21_080.scr,mev_,sim,8,0
mev21_090.scr,mev_,sim,31,1
mev21_100.scr,mev_,sim,11,1
mev21_110.scr,mev_,sim,9,0
mev22_010.scr,mev_,sim,5,0
mev22_020.scr,mev_,sim,6,0
mev22_030.scr,mev_,sim,5,0
mev22_040.scr,mev_,sim,5,0
mev22_050.scr,mev_,sim,9,0
mev22_060.scr,mev_,sim,4,0
mev22_070.scr,mev_,sim,2,0
mev22_080.scr,mev_,sim,8,0
mev22_085.scr,mev_,sim,2,0
mev22_090.scr,mev_,sim,3,0
mev22_100.scr,mev_,sim,3,0
mev22_110.scr,mev_,sim,8,0
mev22_115.scr,mev_,sim,2,0
mev22_120.scr,mev_,sim,13,1
mev22_130.scr,mev_,sim,21,1
mev22_140.scr,mev_,sim,5,0
mev23_010.scr,mev_,sim,9,0
mev23_020.scr,mev_,sim,12,1
mev23_030.scr,mev_,sim,16,0
mev23_040.scr,mev_,sim,14,0
mev23_050.scr,mev_,sim,10,0
mev23_060.scr,mev_,sim,3,0
mev23_070.scr,mev_,sim,5,0
mev23_080.scr,mev_,sim,16,1
mev23_090.scr,mev_,sim,30,3
mev23_100.scr,mev_,sim,11,1
mev24_010.scr,mev_,sim,8,0
mev24_020.scr,mev_,sim,19,0
mev24_021.scr,mev_,sim,7,1
mev24_022.scr,mev_,sim,9,0
mev24_023.scr,mev_,sim,11,2
mev24_024.scr,mev_,sim,11,0
mev24_025.scr,mev_,sim,2,0
mev24_026.scr,mev_,sim,2,0
mev24_027.scr,mev_,sim,2,0
mev24_028.scr,mev_,sim,2,0
mev24_030.scr,mev_,sim,3,0
mev24_040.scr,mev_,sim,67,0
mev24_050.scr,mev_,sim,2,0
mev24_060.scr,mev_,sim,35,0
mev24_070.scr,mev_,sim,2,0
mev24_080.scr,mev_,sim,32,0
mev24_090.scr,mev_,sim,16,0
mev25_010.scr,mev_,sim,11,0
mev26_010.scr,mev_,sim,19,1
mev26_015.scr,mev_,sim,29,6
mev26_020.scr,mev_,sim,12,1
mev26_030.scr,mev_,sim,22,0
mev26_040.scr,mev_,sim,26,0
mev26_050.scr,mev_,sim,12,0
mev26_060.scr,mev_,sim,21,1
mev26_070.scr,mev_,sim,25,0
mev26_080.scr,mev_,sim,24,2
mev26_090.scr,mev_,sim,16,0
nev01_001.scr,nev_,sim,29,4
nev01_002.scr,nev_,sim,25,2
nev01_003.scr,nev_,sim,25,4
nev01_004.scr,nev_,sim,19,1
nev01_005.scr,nev_,sim,29,7
nev01_006.scr,nev_,sim,23,2
nev01_007.scr,nev_,sim,24,0
nev01_008.scr,nev_,sim,25,1
nev01_009.scr,nev_,sim,16,0
nev01_010.scr,nev_,sim,15,0
nev01_011.scr,nev_,sim,32,16
nev01_012.scr,nev_,sim,15,0
nev01_013.scr,nev_,sim,17,1
nev01_014.scr,nev_,sim,14,2
nev01_015.scr,nev_,sim,13,2
nev01_016.scr,nev_,sim,19,1
nev01_017.scr,nev_,sim,17,0
nev01_018.scr,nev_,sim,19,2
nev01_019.scr,nev_,sim,22,1
nev01_020.scr,nev_,sim,27,1
nev01_021.scr,nev_,sim,23,3
nev01_022.scr,nev_,sim,20,1
nev01_023.scr,nev_,sim,18,5
nev01_024.scr,nev_,sim,21,0
nev01_025.scr,nev_,sim,17,0
nev01_026.scr,nev_,sim,16,3
nev01_027.scr,nev_,sim,58,17
nev01_028.scr,nev_,sim,13,2
nev01_029.scr,nev_,sim,16,0
nev01_030.scr,nev_,sim,24,0
nev01_031.scr,nev_,sim,17,0
nev01_032.scr,nev_,sim,12,0
nev01_033.scr,nev_,sim,21,4
nev01_034.scr,nev_,sim,23,1
nev01_035.scr,nev_,sim,43,10
nev01_036.scr,nev_,sim,14,0
nev01_037.scr,nev_,sim,22,0
nev01_038.scr,nev_,sim,32,3
nev01_039.scr,nev_,sim,16,1
nev01_040.scr,nev_,sim,16,2
nev01_041.scr,nev_,sim,18,0
nev01_042.scr,nev_,sim,23,0
nev01_043.scr,nev_,sim,19,0
nev01_044.scr,nev_,sim,27,0
nev01_045.scr,nev_,sim,19,2
nev01_046.scr,nev_,sim,17,0
nev01_047.scr,nev_,sim,16,0
nev01_048.scr,nev_,sim,14,0
nev01_049.scr,nev_,sim,14,1
nev01_050.scr,nev_,sim,15,0
nev01_051.scr,nev_,sim,18,0
nev01_052.scr,nev_,sim,16,0
nev01_053.scr,nev_,sim,67,36
nev01_054.scr,nev_,sim,22,1
nev01_055.scr,nev_,sim,14,0
nev01_056.scr,nev_,sim,12,0
nev01_057.scr,nev_,sim,22,1
nev01_058.scr,nev_,sim,63,39
nev01_059.scr,nev_,sim,22,3
nev01_060.scr,nev_,sim,23,1
nev01_061.scr,nev_,sim,17,0
nev01_062.scr,nev_,sim,32,0
nev01_063.scr,nev_,sim,17,1
nev01_064.scr,nev_,sim,21,0
nev01_065.scr,nev_,sim,22,2
nev01_066.scr,nev_,sim,20,1
nev01_067.scr,nev_,sim,28,0
nev01_068.scr,nev_,sim,23,4
nev01_069.scr,nev_,sim,24,1
nev01_070.scr,nev_,sim,20,3
nev01_071.scr,nev_,sim,17,2
nev01_072.scr,nev_,sim,16,1
nev01_073.scr,nev_,sim,12,2
nev01_074.scr,nev_,sim,20,6
nev01_075.scr,nev_,sim,12,0
nev01_081.scr,nev_,sim,23,0
nev01_082.scr,nev_,sim,26,4
nev01_083.scr,nev_,sim,26,1
nev01_084.scr,nev_,sim,26,2
nev01_085.scr,nev_,sim,26,4
nev01_086.scr,nev_,sim,74,3
nev01_087.scr,nev_,sim,2,0
nev01_088.scr,nev_,sim,6,0
nev01_089.scr,nev_,sim,8,0
nev01_090.scr,nev_,sim,58,1
nev01_091.scr,nev_,sim,27,0
nev01_094.scr,nev_,sim,1,0
nev01_097.scr,nev_,sim,1,0
qev01_010.scr,qev_,sim,8,0
qev01_020.scr,qev_,sim,3,0
qev01_030.scr,qev_,sim,2,1
qev01_040.scr,qev_,sim,14,0
qev01_050.scr,qev_,sim,4,1
qev01_060.scr,qev_,sim,4,1
qev02_010.scr,qev_,sim,30,1
qev02_020.scr,qev_,sim,9,0
qev02_030.scr,qev_,sim,10,0
qev02_040.scr,qev_,sim,27,0
qev02_041.scr,qev_,sim,22,0
qev02_050.scr,qev_,sim,8,0
qev02_060.scr,qev_,sim,29,0
qev03_010.scr,qev_,sim,20,0
qev03_020.scr,qev_,sim,2,0
qev03_030.scr,qev_,sim,2,0
qev03_040.scr,qev_,sim,11,0
qev03_050.scr,qev_,sim,17,0
qev03_060.scr,qev_,sim,19,0
qev03_070.scr,qev_,sim,16,0
qev03_080.scr,qev_,sim,4,0
qev04_010.scr,qev_,sim,21,0
qev04_020.scr,qev_,sim,10,1
qev04_030.scr,qev_,sim,2,0
qev04_040.scr,qev_,sim,18,1
qev04_041.scr,qev_,sim,10,1
qev04_050.scr,qev_,sim,17,0
qev04_060.scr,qev_,sim,12,1
qev04_070.scr,qev_,sim,6,0
qev04_080.scr,qev_,sim,5,0
qev05_010.scr,qev_,sim,28,2
qev05_020.scr,qev_,sim,7,0
qev05_030.scr,qev_,sim,3,0
qev05_040.scr,qev_,sim,15,0
qev05_050.scr,qev_,sim,18,1
qev05_060.scr,qev_,sim,7,0
qev05_070.scr,qev_,sim,21,1
qev05_080.scr,qev_,sim,4,1
qev06_010.scr,qev_,sim,9,0
qev06_020.scr,qev_,sim,6,0
qev06_030.scr,qev_,sim,13,0
qev06_040.scr,qev_,sim,10,0
qev06_050.scr,qev_,sim,10,0
qev06_060.scr,qev_,sim,13,1
qev06_070.scr,qev_,sim,31,1
qev06_080.scr,qev_,sim,2,0
qev07_010.scr,qev_,sim,25,10
qev07_020.scr,qev_,sim,9,1
qev07_030.scr,qev_,sim,4,0
qev07_040.scr,qev_,sim,17,1
qev07_050.scr,qev_,sim,18,0
qev07_060.scr,qev_,sim,21,2
qev07_070.scr,qev_,sim,11,2
qev07_080.scr,qev_,sim,6,1
qev08_010.scr,qev_,sim,14,0
qev08_020.scr,qev_,sim,5,1
qev08_030.scr,qev_,sim,5,0
qev08_040.scr,qev_,sim,16,0
qev08_041.scr,qev_,sim,10,0
qev08_050.scr,qev_,sim,16,1
qev08_060.scr,qev_,sim,7,0
qev08_070.scr,qev_,sim,20,0
qev08_080.scr,qev_,sim,4,0
qev09_010.scr,qev_,sim,17,2
qev09_020.scr,qev_,sim,10,2
qev09_030.scr,qev_,sim,4,0
qev09_040.scr,qev_,sim,11,0
qev09_050.scr,qev_,sim,24,1
qev09_060.scr,qev_,sim,26,2
qev09_070.scr,qev_,sim,13,1
qev09_080.scr,qev_,sim,5,0
qev10_010.scr,qev_,sim,24,0
qev10_020.scr,qev_,sim,11,1
qev10_030.scr,qev_,sim,11,1
qev10_040.scr,qev_,sim,17,0
qev10_041.scr,qev_,sim,18,0
qev10_050.scr,qev_,sim,25,1
qev10_060.scr,qev_,sim,19,1
qev10_070.scr,qev_,sim,21,0
qev10_080.scr,qev_,sim,5,0
qev11_010.scr,qev_,sim,27,2
qev11_020.scr,qev_,sim,8,1
qev11_030.scr,qev_,sim,5,0
qev11_040.scr,qev_,sim,20,0
qev11_041.scr,qev_,sim,14,1
qev11_050.scr,qev_,sim,5,0
qev11_060.scr,qev_,sim,21,1
qev12_010.scr,qev_,sim,16,3
qev12_020.scr,qev_,sim,8,0
qev12_030.scr,qev_,sim,10,0
qev12_040.scr,qev_,sim,20,0
qev12_041.scr,qev_,sim,23,0
qev12_050.scr,qev_,sim,25,0
qev12_060.scr,qev_,sim,14,3
qev12_070.scr,qev_,sim,6,0
qev12_080.scr,qev_,sim,5,0
qev13_010.scr,qev_,sim,14,0
qev13_020.scr,qev_,sim,8,1
qev13_030.scr,qev_,sim,13,0
qev13_040.scr,qev_,sim,27,1
qev13_041.scr,qev_,sim,19,0
qev13_050.scr,qev_,sim,21,0
qev13_060.scr,qev_,sim,21,0
qev13_070.scr,qev_,sim,16,2
qev13_080.scr,qev_,sim,3,0
qev14_010.scr,qev_,sim,15,0
qev14_020.scr,qev_,sim,15,0
qev14_030.scr,qev_,sim,5,0
qev14_040.scr,qev_,sim,18,0
qev14_041.scr,qev_,sim,16,0
qev14_042.scr,qev_,sim,19,0
qev14_050.scr,qev_,sim,9,0
qev14_060.scr,qev_,sim,14,1
qev15_010.scr,qev_,sim,24,0
qev15_020.scr,qev_,sim,14,0
qev15_030.scr,qev_,sim,10,0
qev15_040.scr,qev_,sim,21,0
qev15_050.scr,qev_,sim,17,0
qev15_060.scr,qev_,sim,12,2
qev16_010.scr,qev_,sim,21,0
qev16_020.scr,qev_,sim,8,2
qev16_030.scr,qev_,sim,6,0
qev16_040.scr,qev_,sim,19,0
qev16_050.scr,qev_,sim,25,0
qev16_060.scr,qev_,sim,18,0
qev17_010.scr,qev_,sim,12,1
qev17_020.scr,qev_,sim,4,0
qev17_030.scr,qev_,sim,3,1
qev17_040.scr,qev_,sim,13,0
qev17_041.scr,qev_,sim,11,0
qev17_050.scr,qev_,sim,26,1
qev17_060.scr,qev_,sim,6,1
qev17_070.scr,qev_,sim,4,1
qev17_080.scr,qev_,sim,3,0
qev18_010.scr,qev_,sim,10,1
qev18_020.scr,qev_,sim,9,0
qev18_030.scr,qev_,sim,6,1
qev18_040.scr,qev_,sim,21,0
qev18_050.scr,qev_,sim,19,0
qev18_060.scr,qev_,sim,36,1
qev19_010.scr,qev_,sim,28,0
qev19_020.scr,qev_,sim,4,1
qev19_030.scr,qev_,sim,4,0
qev19_040.scr,qev_,sim,31,3
qev19_041.scr,qev_,sim,15,0
qev19_050.scr,qev_,sim,7,0
qev19_060.scr,qev_,sim,10,2
qev20_010.scr,qev_,sim,8,1
qev20_020.scr,qev_,sim,5,1
qev20_030.scr,qev_,sim,2,0
qev20_040.scr,qev_,sim,21,0
qev20_050.scr,qev_,sim,20,2
qev20_060.scr,qev_,sim,17,1
qev21_010.scr,qev_,sim,9,0
qev21_020.scr,qev_,sim,10,1
qev21_040.scr,qev_,sim,7,0
qev21_050.scr,qev_,sim,27,1
qev21_060.scr,qev_,sim,14,1
qev22_010.scr,qev_,sim,9,1
qev22_020.scr,qev_,sim,9,0
qev22_040.scr,qev_,sim,13,1
qev22_050.scr,qev_,sim,10,2
qev22_060.scr,qev_,sim,28,2
qev22_070.scr,qev_,sim,15,2
qev22_080.scr,qev_,sim,4,1
qev23_010.scr,qev_,sim,15,1
qev23_020.scr,qev_,sim,6,0
qev23_030.scr,qev_,sim,4,0
qev23_040.scr,qev_,sim,13,0
qev23_050.scr,qev_,sim,18,0
qev23_060.scr,qev_,sim,21,0
qev24_010.scr,qev_,sim,21,1
qev24_020.scr,qev_,sim,11,0
qev24_040.scr,qev_,sim,9,0
qev24_050.scr,qev_,sim,31,0
qev24_060.scr,qev_,sim,32,2
qev25_010.scr,qev_,sim,11,2
qev25_020.scr,qev_,sim,9,0
qev25_030.scr,qev_,sim,11,1
qev25_040.scr,qev_,sim,28,2
qev25_050.scr,qev_,sim,23,1
qev25_060.scr,qev_,sim,19,0
qev26_010.scr,qev_,sim,19,0
qev26_020.scr,qev_,sim,8,1
qev26_030.scr,qev_,sim,7,0
qev26_040.scr,qev_,sim,15,0
qev26_050.scr,qev_,sim,23,0
qev26_060.scr,qev_,sim,11,2
qev27_010.scr,qev_,sim,14,1
qev27_020.scr,qev_,sim,7,1
qev27_030.scr,qev_,sim,3,0
qev27_040.scr,qev_,sim,22,2
qev27_050.scr,qev_,sim,17,5
qev27_060.scr,qev_,sim,15,1
qev28_010.scr,qev_,sim,12,1
qev28_020.scr,qev_,sim,4,0
qev28_040.scr,qev_,sim,10,1
qev28_050.scr,qev_,sim,22,4
qev28_060.scr,qev_,sim,31,1
qev28_070.scr,qev_,sim,10,1
qev28_080.scr,qev_,sim,4,1
qev29_010.scr,qev_,sim,13,2
qev29_020.scr,qev_,sim,3,1
qev29_030.scr,qev_,sim,4,0
qev29_040.scr,qev_,sim,12,0
qev29_050.scr,qev_,sim,11,0
qev29_060.scr,qev_,sim,9,1
qev30_010.scr,qev_,sim,6,1
qev30_020.scr,qev_,sim,7,0
qev30_040.scr,qev_,sim,9,1
qev30_050.scr,qev_,sim,21,2
qev30_060.scr,qev_,sim,22,2
qev31_010.scr,qev_,sim,12,2
qev31_020.scr,qev_,sim,2,0
qev31_030.scr,qev_,sim,5,1
qev31_040.scr,qev_,sim,18,1
qev31_050.scr,qev_,sim,39,2
qev31_060.scr,qev_,sim,16,0
qev32_010.scr,qev_,sim,7,2
qev32_020.scr,qev_,sim,2,0
qev32_030.scr,qev_,sim,5,0
qev32_040.scr,qev_,sim,10,0
qev32_050.scr,qev_,sim,25,0
qev32_060.scr,qev_,sim,27,1
qev33_010.scr,qev_,sim,6,0
qev33_020.scr,qev_,sim,13,2
qev33_040.scr,qev_,sim,9,1
qev33_050.scr,qev_,sim,17,2
qev33_060.scr,qev_,sim,24,2
qev34_010.scr,qev_,sim,15,0
qev34_020.scr,qev_,sim,12,1
qev34_030.scr,qev_,sim,7,0
qev34_040.scr,qev_,sim,18,0
qev34_050.scr,qev_,sim,43,0
qev34_060.scr,qev_,sim,16,0
qev35_010.scr,qev_,sim,29,2
qev35_020.scr,qev_,sim,12,1
qev35_030.scr,qev_,sim,9,0
qev35_040.scr,qev_,sim,12,0
qev35_050.scr,qev_,sim,32,1
qev35_060.scr,qev_,sim,21,1
qev36_010.scr,qev_,sim,14,0
qev36_020.scr,qev_,sim,3,2
qev36_030.scr,qev_,sim,6,0
qev36_040.scr,qev_,sim,18,0
qev36_050.scr,qev_,sim,26,1
qev36_060.scr,qev_,sim,18,1
qev37_010.scr,qev_,sim,7,1
qev37_020.scr,qev_,sim,5,0
qev37_030.scr,qev_,sim,3,0
qev37_040.scr,qev_,sim,3,0
qev37_050.scr,qev_,sim,29,1
qev37_060.scr,qev_,sim,15,3
qev37_070.scr,qev_,sim,4,0
qev37_080.scr,qev_,sim,3,0
qev38_010.scr,qev_,sim,21,0
qev38_020.scr,qev_,sim,6,1
qev38_030.scr,qev_,sim,4,0
qev39_010.scr,qev_,sim,17,2
qev39_020.scr,qev_,sim,3,1
qev39_030.scr,qev_,sim,4,1
qev39_050.scr,qev_,sim,21,3
qev39_060.scr,qev_,sim,5,0
qev40_010.scr,qev_,sim,14,2
qev40_020.scr,qev_,sim,2,1
qev40_030.scr,qev_,sim,4,1
qev40_050.scr,qev_,sim,10,0
qev40_060.scr,qev_,sim,2,0
qev41_010.scr,qev_,sim,13,2
qev41_020.scr,qev_,sim,4,0
qev41_030.scr,qev_,sim,5,0
qev41_050.scr,qev_,sim,14,0
qev41_060.scr,qev_,sim,2,0
qev42_010.scr,qev_,sim,16,2
qev42_020.scr,qev_,sim,2,1
qev42_030.scr,qev_,sim,5,1
qev42_050.scr,qev_,sim,10,0
qev42_060.scr,qev_,sim,2,0
qev43_010.scr,qev_,sim,22,2
qev43_020.scr,qev_,sim,3,0
qev43_030.scr,qev_,sim,8,0
qev43_050.scr,qev_,sim,11,0
qev43_060.scr,qev_,sim,3,1
qev43_070.scr,qev_,sim,13,1
qev43_080.scr,qev_,sim,3,0
qev44_010.scr,qev_,sim,6,0
qev44_020.scr,qev_,sim,3,0
qev44_050.scr,qev_,sim,5,0
qev44_060.scr,qev_,sim,11,1
qev45_010.scr,qev_,sim,6,0
qev45_020.scr,qev_,sim,2,0
qev45_060.scr,qev_,sim,3,0
qev46_010.scr,qev_,sim,5,0
qev46_020.scr,qev_,sim,2,0
qev46_060.scr,qev_,sim,4,0
qev47_010.scr,qev_,sim,4,0
qev47_020.scr,qev_,sim,3,0
qev47_060.scr,qev_,sim,3,0
qev48_010.scr,qev_,sim,6,0
qev48_020.scr,qev_,sim,2,0
qev48_060.scr,qev_,sim,6,0
qev49_010.scr,qev_,sim,7,0
qev49_020.scr,qev_,sim,3,0
qev49_060.scr,qev_,sim,7,0
qev50_010.scr,qev_,sim,4,0
qev50_020.scr,qev_,sim,3,0
qev50_060.scr,qev_,sim,3,0
qev51_010.scr,qev_,sim,5,1
qev51_020.scr,qev_,sim,4,1
qev51_060.scr,qev_,sim,3,0
qev52_010.scr,qev_,sim,6,0
qev52_020.scr,qev_,sim,3,0
qev52_060.scr,qev_,sim,2,0
qev53_010.scr,qev_,sim,5,0
qev53_020.scr,qev_,sim,3,0
qev53_060.scr,qev_,sim,2,0
qev54_010.scr,qev_,sim,4,0
qev54_020.scr,qev_,sim,3,1
qev54_060.scr,qev_,sim,2,0
qev55_010.scr,qev_,sim,4,0
qev55_020.scr,qev_,sim,5,0
qev55_060.scr,qev_,sim,3,1
qev56_010.scr,qev_,sim,5,1
qev56_020.scr,qev_,sim,3,0
qev56_060.scr,qev_,sim,3,0
qev57_010.scr,qev_,sim,5,0
qev57_020.scr,qev_,sim,4,1
qev57_060.scr,qev_,sim,3,0
qev58_010.scr,qev_,sim,6,1
qev58_020.scr,qev_,sim,3,0
qev58_060.scr,qev_,sim,3,1
qev59_010.scr,qev_,sim,8,0
qev59_020.scr,qev_,sim,4,1
qev59_060.scr,qev_,sim,4,1
qev60_060.scr,qev_,sim,30,1
qev61_060.scr,qev_,sim,18,0
sev01_010.scr,sev_,sim,10,0
sev01_020.scr,sev_,sim,8,1
sev01_030.scr,sev_,sim,19,0
sev01_040.scr,sev_,sim,8,1
sev01_050.scr,sev_,sim,5,0
sev01_060.scr,sev_,sim,1,0
sev01_070.scr,sev_,sim,9,2
sev01_080.scr,sev_,sim,7,0
sev01_090.scr,sev_,sim,3,0
sev02_010.scr,sev_,sim,6,1
sev02_020.scr,sev_,sim,13,0
sev02_030.scr,sev_,sim,7,0
sev02_040.scr,sev_,sim,24,1
sev02_050.scr,sev_,sim,4,0
sev02_060.scr,sev_,sim,1,1
sev02_070.scr,sev_,sim,12,1
sev02_080.scr,sev_,sim,10,1
sev02_090.scr,sev_,sim,7,0
sev03_010.scr,sev_,sim,19,1
sev03_020.scr,sev_,sim,20,0
sev03_030.scr,sev_,sim,5,0
sev03_040.scr,sev_,sim,15,2
sev03_050.scr,sev_,sim,2,0
sev03_060.scr,sev_,sim,12,3
sev03_070.scr,sev_,sim,12,2
sev04_010.scr,sev_,sim,27,1
sev04_020.scr,sev_,sim,10,1
sev04_030.scr,sev_,sim,4,2
sev04_040.scr,sev_,sim,5,1
sev04_050.scr,sev_,sim,18,1
sev04_060.scr,sev_,sim,7,1
sev04_070.scr,sev_,sim,5,1
sev04_080.scr,sev_,sim,26,3
sev04_090.scr,sev_,sim,8,1
sev05_010.scr,sev_,sim,15,0
sev05_020.scr,sev_,sim,3,0
sev05_030.scr,sev_,sim,6,0
sev06_010.scr,sev_,sim,5,0
sev06_020.scr,sev_,sim,3,0
sev06_030.scr,sev_,sim,4,0
sev07_010.scr,sev_,sim,3,0
sev07_020.scr,sev_,sim,4,0
sev07_030.scr,sev_,sim,2,0
tev00_001.scr,tev_,sim,8,0
tev00_002.scr,tev_,sim,4,1
tev00_003.scr,tev_,sim,3,0
tev00_004.scr,tev_,sim,9,0
tev00_005.scr,tev_,sim,1,0
tev00_006.scr,tev_,sim,10,0
tev00_007.scr,tev_,sim,6,0
tev00_008.scr,tev_,sim,6,0
tev00_009.scr,tev_,sim,3,0
tev00_010.scr,tev_,sim,4,0
tev00_011.scr,tev_,sim,6,0
tev00_012.scr,tev_,sim,4,0
tev00_013.scr,tev_,sim,2,0
tev00_014.scr,tev_,sim,4,0
tev00_015.scr,tev_,sim,11,0
tev00_016.scr,tev_,sim,4,1
tev00_017.scr,tev_,sim,4,0
tev00_018.scr,tev_,sim,8,0
tev00_019.scr,tev_,sim,7,0
tev00_020.scr,tev_,sim,2,0
tev00_021.scr,tev_,sim,1,0
tev00_022.scr,tev_,sim,1,0
tev00_023.scr,tev_,sim,4,0
tev00_024.scr,tev_,sim,1,0
tev00_031.scr,tev_,sim,3,0
tev01_003.scr,tev_,sim,2,0
tev01_005.scr,tev_,sim,1,0
tev01_008.scr,tev_,sim,2,0
tev01_009.scr,tev_,sim,2,0
tev01_010.scr,tev_,sim,2,0
tev01_011.scr,tev_,sim,1,0
tev01_012.scr,tev_,sim,1,0
tev01_013.scr,tev_,sim,3,0
tev01_014.scr,tev_,sim,1,0
tev01_017.scr,tev_,sim,3,0
tev01_018.scr,tev_,sim,1,0
tev02_001.scr,tev_,sim,1,0
tev02_002.scr,tev_,sim,1,0
tev02_003.scr,tev_,sim,1,0
tev02_004.scr,tev_,sim,2,0
tev02_005.scr,tev_,sim,1,0
tev02_006.scr,tev_,sim,2,0
tev02_007.scr,tev_,sim,1,0
tev02_008.scr,tev_,sim,3,0
tev02_009.scr,tev_,sim,2,0
tev02_010.scr,tev_,sim,1,0
tev02_011.scr,tev_,sim,1,0
tev02_012.scr,tev_,sim,2,0
tev02_013.scr,tev_,sim,1,0
tev02_014.scr,tev_,sim,1,0
tev03_001.scr,tev_,sim,2,0
tev03_002.scr,tev_,sim,2,0
tev03_003.scr,tev_,sim,7,0
tev03_004.scr,tev_,sim,2,0
tev03_005.scr,tev_,sim,1,0
tev03_006.scr,tev_,sim,2,0
tev03_007.scr,tev_,sim,2,0
tev03_008.scr,tev_,sim,3,0
tev03_009.scr,tev_,sim,1,0
tev03_010.scr,tev_,sim,3,0
tev03_011.scr,tev_,sim,2,0
tev03_012.scr,tev_,sim,3,0
tev03_013.scr,tev_,sim,1,0
tev03_014.scr,tev_,sim,1,0
tev03_015.scr,tev_,sim,4,0
tev03_016.scr,tev_,sim,1,1
tev03_017.scr,tev_,sim,2,0
tev03_018.scr,tev_,sim,6,1
tev03_019.scr,tev_,sim,7,1
tev03_020.scr,tev_,sim,6,0
tev03_021.scr,tev_,sim,4,0
tev03_022.scr,tev_,sim,2,0
tev03_023.scr,tev_,sim,1,0
tev03_024.scr,tev_,sim,4,0
tev03_025.scr,tev_,sim,4,0
tev03_026.scr,tev_,sim,2,0
tev03_027.scr,tev_,NAO,0,0
tev03_028.scr,tev_,sim,6,0
tev03_029.scr,tev_,sim,1,0
tev03_030.scr,tev_,sim,2,0
tev03_031.scr,tev_,sim,1,0
tev03_032.scr,tev_,sim,1,0
tev03_033.scr,tev_,sim,1,0
tev04_001.scr,tev_,sim,5,0
tev04_002.scr,tev_,sim,2,0
tev04_003.scr,tev_,sim,1,0
tev04_004.scr,tev_,sim,2,0
tev04_005.scr,tev_,sim,1,1
tev04_006.scr,tev_,sim,4,0
tev04_007.scr,tev_,sim,2,0
tev04_008.scr,tev_,sim,2,0
tev04_009.scr,tev_,sim,1,0
tev04_010.scr,tev_,sim,2,0
tev04_011.scr,tev_,sim,2,1
tev04_012.scr,tev_,sim,1,0
tev04_013.scr,tev_,sim,2,0
tev04_014.scr,tev_,sim,3,0
tev04_015.scr,tev_,sim,1,0
tev04_016.scr,tev_,sim,2,0
tev04_017.scr,tev_,sim,6,0
tev04_018.scr,tev_,NAO,2,0
tev04_019.scr,tev_,sim,1,0
tev04_020.scr,tev_,sim,17,2
tev04_021.scr,tev_,sim,2,0
tev04_022.scr,tev_,sim,2,0
tev04_023.scr,tev_,sim,4,0
tev04_024.scr,tev_,sim,2,0
tev04_025.scr,tev_,sim,1,1
tev04_026.scr,tev_,sim,4,0
tev04_027.scr,tev_,sim,2,0
tev05_001.scr,tev_,sim,4,0
tev05_002.scr,tev_,sim,1,0
tev05_003.scr,tev_,sim,2,0
tev05_004.scr,tev_,sim,1,1
tev05_005.scr,tev_,sim,3,0
tev05_006.scr,tev_,sim,8,0
tev05_007.scr,tev_,sim,3,1
tev05_008.scr,tev_,sim,2,1
tev05_009.scr,tev_,sim,1,0
tev05_010.scr,tev_,sim,17,0
tev05_011.scr,tev_,sim,3,0
tev05_012.scr,tev_,sim,18,4
tev05_013.scr,tev_,sim,1,0
tev06_001.scr,tev_,sim,10,2
tev06_002.scr,tev_,sim,9,0
tev06_003.scr,tev_,sim,8,0
tev06_004.scr,tev_,sim,8,1
tev06_005.scr,tev_,sim,16,0
tev06_006.scr,tev_,sim,4,0
tev06_007.scr,tev_,sim,7,0
tev06_008.scr,tev_,sim,7,1
tev06_009.scr,tev_,sim,9,3
tev06_010.scr,tev_,sim,2,0
tev06_011.scr,tev_,sim,1,0
tev07_010.scr,tev_,sim,3,1
tev07_011.scr,tev_,sim,7,4
tev07_012.scr,tev_,sim,6,3
tev07_013.scr,tev_,NAO,0,0
tev08_010.scr,tev_,sim,4,0
tev08_020.scr,tev_,sim,4,0
tev09_010.scr,tev_,sim,1,0
