indice,nome_jp,id_battle_prx,proposta_en,justificativa
0,クレス・アルベイン,cless,Cress Albane,termbase RM2 (nome) + sobrenome oficial
1,ミント・アドネード,mint,Mint Adenade,termbase RM2 + sobrenome oficial
2,チェスター・バークライト,chester,Chester Barklight,termbase RM2 + sobrenome oficial
3,アーチェ・クライン,arche,Arche Klein,termbase RM2 + sobrenome oficial
4,藤林　すず,suzu,Suzu Fujibayashi,termbase RM2 + sobrenome oficial
5,ダオス,daos,Dhaos,termbase RM2
6,スタン・エルロン,stan,Stahn Aileron,termbase RM2 + sobrenome oficial
7,ルーティ・カトレット,rutee,Rutee Katrea,termbase RM2 + sobrenome oficial
8,フィリア・フィリス,philia,Philia Felice,termbase RM2 + sobrenome oficial
9,リオン・マグナス,lion,Leon Magnus,termbase RM2 + sobrenome oficial
10,ウッドロウ・ケルヴィン,woodrow,Woodrow Kelvin,termbase RM2 + sobrenome oficial
11,チェルシー・トーン,chelsea,Chelsea Torn,proposta — Legendia
12,マイティ・コングマン,kongman,Mighty Kongman,termbase RM2 marcado (?)
13,リリス・エルロン,lilith,Lilith Aileron,termbase RM2 + sobrenome oficial
14,リッド・ハーシェル,rid,Reid Hershel,termbase RM2 + sobrenome oficial
15,ファラ・エルステッド,farah,Farah Oersted,termbase RM2 + sobrenome oficial
16,キール・ツァイベル,keel,Keele Zeibel,termbase RM2 + sobrenome oficial
17,メルディ,meredy,Meredy,termbase RM2
18,チャット,chat,Chat,termbase RM2
19,セルシウス,celsius,Celsius,termbase RM2
20,クィッキー,,Quickie,proposta — original da serie Mythology
21,カイル・デュナミス,kyle,Kyle Dunamis,termbase RM2 + sobrenome oficial
22,リアラ,reala,Reala,termbase RM2
23,ロニ・デュナミス,loni,Loni Dunamis,termbase RM2 + sobrenome oficial
24,ジューダス,judas,Judas,termbase RM2
25,ナナリー・フレッチ,nanaly,Nanaly Fletch,termbase RM2 + sobrenome oficial
26,ハロルド・ベルセリオス,harold,Harold Berselius,termbase RM2 + sobrenome oficial
27,バルバトス・ゲーティア,barbatos,Barbatos Goetia,termbase RM2 + sobrenome oficial
28,ロイド・アーヴィング,lloyd,Lloyd Irving,termbase RM2 + sobrenome oficial
29,コレット・ブルーネル,collet,Colette Brunel,termbase RM2 + sobrenome oficial
30,ジーニアス・セイジ,genius,Genis Sage,termbase RM2 + sobrenome oficial
31,リフィル・セイジ,refill,Raine Sage,termbase RM2 — CASO CANONICO: id interno diz refill
32,クラトス・アウリオン,kratos,Kratos Aurion,termbase RM2 + sobrenome oficial
33,藤林　しいな,shihna,Sheena Fujibayashi,id interno shihna; oficial Sheena
34,ゼロス・ワイルダー,zelos,Zelos Wilder,termbase RM2 + sobrenome oficial
35,プレセア・コンバティール,presea,Presea Combatir,termbase RM2 + sobrenome oficial
36,ユグドラシル,yggdrasill,Yggdrasill,proposta — Symphonia
37,ヴェイグ・リュングベル,veigue,Veigue Lungberg,termbase RM2 + sobrenome oficial
38,クレア・ベネット,,Claire Bennett,termbase RM2 (Claire) + sobrenome oficial
39,ユージーン・ガラルド,eugene,Eugene Gallardo,termbase RM2 + sobrenome oficial
40,マオ,mao,Mao,termbase RM2
41,ティトレイ・クロウ,tytree,Tytree Crowe,proposta — Rebirth
42,アニー・バース,annie,Annie Barrs,termbase RM2 + sobrenome oficial
43,サレ,saleh,Saleh,proposta — Rebirth
44,セネル・クーリッジ,senel,Senel Coolidge,termbase RM2 + sobrenome oficial
45,シャーリィ・フェンネス,shirley,Shirley Fennes,proposta — Legendia
46,ウィル・レイナード,will,Will Raynard,proposta — Legendia
47,クロエ・ヴァレンス,chloe,Chloe Valens,termbase RM2 + sobrenome oficial
48,ノーマ・ビアッティ,norma,Norma Beatty,proposta — Legendia
49,ジェイ,jay,Jay,proposta — Innocence
50,ミミー・ブレッド,mimmy,Mimmy Bread,proposta — original do RM3
51,キュッポ,,Kyuppo,proposta — original
52,ピッポ,,Pippo,proposta — original
53,ポッポ,,Poppo,proposta — original
54,ルーク・フォン・ファブレ,luke,Luke fon Fabre,termbase RM2 + nome oficial completo
55,ティア・グランツ,tear,Tear Grants,termbase RM2 + sobrenome oficial
56,ガイ・セシル,guy,Guy Cecil,termbase RM2 + sobrenome oficial
57,ジェイド・カーティス,jade,Jade Curtiss,termbase RM2 + sobrenome oficial
58,アニス・タトリン,anise,Anise Tatlin,termbase RM2 + sobrenome oficial
59,ナタリア・ルツ・キムラスカ・ランバルディア,natalia,Natalia Luzu Kimlasca-Lanvaldear,"proposta — Abyss, nome oficial completo"
60,アッシュ,asch,Asch,termbase RM2
61,ヴァン・グランツ,van,Van Grants,proposta — Abyss
62,カイウス・クオールズ,caius,Caius Qualls,termbase RM2 + sobrenome oficial
63,ルビア・ナトウィック,rubia,Rubia Natwick,termbase RM2 + sobrenome oficial
64,ルカ・ミルダ,ruca,Ruca Milda,termbase RM2 + sobrenome oficial
65,イリア・アニーミ,iria,Iria Animi,termbase RM2 + sobrenome oficial
66,スパーダ・ベルフォルマ,spada,Spada Belforma,termbase RM2 + sobrenome oficial
67,アンジュ・セレーナ,ange,Ange Serena,proposta — original do RM3
68,リカルド・ソルダード,ricardo,Ricardo Soldato,proposta — Innocence
69,コーダ,,Coda,proposta — original do RM3 (quests de receita)
70,ユーリ・ローウェル,yuri,Yuri Lowell,termbase RM2 + sobrenome oficial
71,エステリーゼ・シデス・ヒュラッセイン,estelle,Estellise Sidos Heurassein,termbase RM2 (Estelle) + nome completo oficial
72,ジュディス,judith,Judith,proposta — Vesperia
73,リタ・モルディオ,rita,Rita Mordio,proposta — Vesperia
74,レイヴン,raven,Raven,proposta — Vesperia
75,フレン・シーフォ,flynn,Flynn Scifo,proposta — Vesperia
76,エミル・キャスタニエ,emil,Emil Castagnier,proposta — Symphonia DotNW
77,マルタ・ルアルディ,marta,Marta Lualdi,proposta — Symphonia DotNW
78,リヒター・アーベント,richter,Richter Abend,proposta — Symphonia DotNW
79,シング・メテオライト,shing,Shing Meteoryte,proposta — Hearts
80,コハク・ハーツ,kohak,Kohaku Hearts,proposta — Hearts
81,ヒスイ・ハーツ,hisui,Hisui Hearts,proposta — Hearts
82,アスベル・ラント,asbel,Asbel Lhant,proposta — Graces
83,ソフィ,sophie,Sophie,proposta — Graces
84,シェリア・バーンズ,cheria,Cheria Barnes,proposta — Graces
85,パスカ・カノンノ,,Pasca Kanonno,termbase RM2
86,モルモ,morumo,Mormo,proposta — original do RM3
87,ウィダーシン,vidasin,Widdershin,proposta — id interno vidasin difere
88,カノンノ・イアハート,kanonno,Kanonno Earhart,heroina do RM1 (CORRIGIDO 08/09: eu havia escrito RM3). Entra em mev26_030 dizendo que vem do mundo Granide
89,ゲーデ,geede,Goede,"termbase RM2, marcado (?)"
90,カノンノ・グラスバレー,,Kanonno Grassvalley,"HEROINA DO RM3 (CORRIGIDO 08/09: eu havia escrito RM2). Prova: mev00_040, ela se nomeia"
91,ロックスプリングス,,[nao decidido],ロックスプリングス — incerto
92,ニアタ・モナド,,Niata Monad,termbase RM2
93,ラザリス,lazaris,Lazaris,"proposta — original do RM3, tres formas em battle_prx"
