bloco,va_ponteiro,va_string,off_arquivo,bytes_jp,slot_inplace,manter,control_codes,original,traducao,bytes_usados,fonte,status,nota
elenco_nomebox,0x08D66EB0,0x08CFE30C,5223180,6,7,,,クレス,Cress,5,elenco_falantes.csv (primeiro nome),validado,
elenco_nomebox,0x08D66EB4,0x08CFE314,5223188,6,7,,,ミント,Mint,4,elenco_falantes.csv (primeiro nome),validado,
elenco_nomebox,0x08D66EB8,0x08CFE31C,5223196,10,11,,,チェスター,Chester,7,elenco_falantes.csv (primeiro nome),validado,
elenco_nomebox,0x08D66EBC,0x08CFE328,5223208,8,11,,,アーチェ,Arche,5,elenco_falantes.csv (primeiro nome),validado,
elenco_nomebox,0x08D66EC0,0x08CFE334,5223220,4,7,,,すず,Suzu,4,elenco_falantes.csv (primeiro nome),validado,
elenco_nomebox,0x08D66EC4,0x08CFE33C,5223228,6,7,,,スタン,Stahn,5,elenco_falantes.csv (primeiro nome),validado,
elenco_nomebox,0x08D66EC8,0x08CFE344,5223236,8,11,,,ルーティ,Rutee,5,elenco_falantes.csv (primeiro nome),validado,
elenco_nomebox,0x08D66ECC,0x08CFE350,5223248,8,11,,,フィリア,Philia,6,elenco_falantes.csv (primeiro nome),validado,
elenco_nomebox,0x08D66ED0,0x08CFE35C,5223260,6,7,,,リオン,Leon,4,elenco_falantes.csv (primeiro nome),validado,
elenco_nomebox,0x08D66ED4,0x08CFE364,5223268,10,11,,,ウッドロウ,Woodrow,7,elenco_falantes.csv (primeiro nome),validado,
elenco_nomebox,0x08D66ED8,0x08CFE370,5223280,10,11,,,チェルシー,Chelsea,7,elenco_falantes.csv (primeiro nome),validado,
elenco_nomebox,0x08D66EDC,0x08CFE37C,5223292,10,11,,,コングマン,Kongman,7,elenco_falantes.csv (primeiro nome),validado,
elenco_nomebox,0x08D66EE0,0x08CFE388,5223304,6,7,,,リリス,Lilith,6,elenco_falantes.csv (primeiro nome),validado,
elenco_nomebox,0x08D66EE4,0x08CFE390,5223312,6,7,,,カイル,Kyle,4,elenco_falantes.csv (primeiro nome),validado,
elenco_nomebox,0x08D66EE8,0x08CFE398,5223320,6,7,,,リアラ,Reala,5,elenco_falantes.csv (primeiro nome),validado,
elenco_nomebox,0x08D66EEC,0x08CFE3A0,5223328,4,7,,,ロニ,Loni,4,elenco_falantes.csv (primeiro nome),validado,
elenco_nomebox,0x08D66EF0,0x08CFE3A8,5223336,10,11,,,ジューダス,Judas,5,elenco_falantes.csv (primeiro nome),validado,
elenco_nomebox,0x08D66EF4,0x08CFE3B4,5223348,8,11,,,ナナリー,Nanaly,6,elenco_falantes.csv (primeiro nome),validado,
elenco_nomebox,0x08D66EF8,0x08CFE3C0,5223360,8,11,,,ハロルド,Harold,6,elenco_falantes.csv (primeiro nome),validado,
elenco_nomebox,0x08D66EFC,0x08CFE3CC,5223372,6,7,,,リッド,Reid,4,elenco_falantes.csv (primeiro nome),validado,
elenco_nomebox,0x08D66F00,0x08CFE3D4,5223380,6,7,,,ファラ,Farah,5,elenco_falantes.csv (primeiro nome),validado,
elenco_nomebox,0x08D66F04,0x08CFE3DC,5223388,6,7,,,キール,Keele,5,elenco_falantes.csv (primeiro nome),validado,
elenco_nomebox,0x08D66F08,0x08CFE3E4,5223396,8,11,,,メルディ,Meredy,6,elenco_falantes.csv (primeiro nome),validado,
elenco_nomebox,0x08D66F0C,0x08CFE3F0,5223408,8,11,,,チャット,Chat,4,elenco_falantes.csv (primeiro nome),validado,
elenco_nomebox,0x08D66F10,0x08CFE3FC,5223420,10,11,,,セルシウス,Celsius,7,elenco_falantes.csv (primeiro nome),validado,
elenco_nomebox,0x08D66F14,0x08CFE408,5223432,6,7,,,ロイド,Lloyd,5,elenco_falantes.csv (primeiro nome),validado,
elenco_nomebox,0x08D66F18,0x08CFE410,5223440,8,11,,,コレット,Colette,7,elenco_falantes.csv (primeiro nome),validado,
elenco_nomebox,0x08D66F1C,0x08CFE41C,5223452,10,11,,,ジーニアス,Genis,5,elenco_falantes.csv (primeiro nome),validado,
elenco_nomebox,0x08D66F20,0x08CFE428,5223464,8,11,,,リフィル,Raine,5,elenco_falantes.csv (primeiro nome),validado,
elenco_nomebox,0x08D66F24,0x08CFE434,5223476,8,11,,,クラトス,Kratos,6,elenco_falantes.csv (primeiro nome),validado,
elenco_nomebox,0x08D66F28,0x08CFE440,5223488,6,7,,,しいな,Sheena,6,elenco_falantes.csv (primeiro nome),validado,
elenco_nomebox,0x08D66F2C,0x08CFE448,5223496,6,7,,,ゼロス,Zelos,5,elenco_falantes.csv (primeiro nome),validado,
elenco_nomebox,0x08D66F30,0x08CFE450,5223504,8,11,,,プレセア,Presea,6,elenco_falantes.csv (primeiro nome),validado,
elenco_nomebox,0x08D66F34,0x08CFE45C,5223516,6,7,,,エミル,Emil,4,elenco_falantes.csv (primeiro nome),validado,
elenco_nomebox,0x08D66F38,0x08CFE464,5223524,6,7,,,マルタ,Marta,5,elenco_falantes.csv (primeiro nome),validado,
elenco_nomebox,0x08D66F3C,0x08CFE46C,5223532,8,11,,,リヒター,Richter,7,elenco_falantes.csv (primeiro nome),validado,
elenco_nomebox,0x08D66F40,0x08CFE478,5223544,8,11,,,ヴェイグ,Veigue,6,elenco_falantes.csv (primeiro nome),validado,
elenco_nomebox,0x08D66F44,0x08CFE484,5223556,6,7,,,クレア,Claire,6,elenco_falantes.csv (primeiro nome),validado,
elenco_nomebox,0x08D66F48,0x08CFE48C,5223564,10,11,,,ユージーン,Eugene,6,elenco_falantes.csv (primeiro nome),validado,
elenco_nomebox,0x08D66F4C,0x08CFE498,5223576,4,7,,,マオ,Mao,3,elenco_falantes.csv (primeiro nome),validado,
elenco_nomebox,0x08D66F50,0x08CFE4A0,5223584,10,11,,,ティトレイ,Tytree,6,elenco_falantes.csv (primeiro nome),validado,
elenco_nomebox,0x08D66F54,0x08CFE4AC,5223596,6,7,,,アニー,Annie,5,elenco_falantes.csv (primeiro nome),validado,
elenco_nomebox,0x08D66F58,0x08CFE4B4,5223604,6,7,,,セネル,Senel,5,elenco_falantes.csv (primeiro nome),validado,
elenco_nomebox,0x08D66F5C,0x08CFE4BC,5223612,10,11,,,シャーリィ,Shirley,7,elenco_falantes.csv (primeiro nome),validado,
elenco_nomebox,0x08D66F60,0x08CFE4C8,5223624,6,7,,,ウィル,Will,4,elenco_falantes.csv (primeiro nome),validado,
elenco_nomebox,0x08D66F64,0x08CFE4D0,5223632,6,7,,,クロエ,Chloe,5,elenco_falantes.csv (primeiro nome),validado,
elenco_nomebox,0x08D66F68,0x08CFE4D8,5223640,6,7,,,ノーマ,Norma,5,elenco_falantes.csv (primeiro nome),validado,
elenco_nomebox,0x08D66F6C,0x08CFE4E0,5223648,6,7,,,ジェイ,Jay,3,elenco_falantes.csv (primeiro nome),validado,
elenco_nomebox,0x08D66F70,0x08CFE4E8,5223656,6,7,,,ルーク,Luke,4,elenco_falantes.csv (primeiro nome),validado,
elenco_nomebox,0x08D66F74,0x08CFE4F0,5223664,6,7,,,ティア,Tear,4,elenco_falantes.csv (primeiro nome),validado,
elenco_nomebox,0x08D66F78,0x08CFE4F8,5223672,4,7,,,ガイ,Guy,3,elenco_falantes.csv (primeiro nome),validado,
elenco_nomebox,0x08D66F7C,0x08CFE500,5223680,8,11,,,ジェイド,Jade,4,elenco_falantes.csv (primeiro nome),validado,
elenco_nomebox,0x08D66F80,0x08CFE50C,5223692,6,7,,,アニス,Anise,5,elenco_falantes.csv (primeiro nome),validado,
elenco_nomebox,0x08D66F84,0x08CFE514,5223700,8,11,,,ナタリア,Natalia,7,elenco_falantes.csv (primeiro nome),validado,
elenco_nomebox,0x08D66F88,0x08CFE520,5223712,8,11,,,アッシュ,Asch,4,elenco_falantes.csv (primeiro nome),validado,
elenco_nomebox,0x08D66F8C,0x08CFE52C,5223724,6,7,,,ヴァン,Van,3,elenco_falantes.csv (primeiro nome),validado,
elenco_nomebox,0x08D66F90,0x08CFE534,5223732,8,11,,,カイウス,Caius,5,elenco_falantes.csv (primeiro nome),validado,
elenco_nomebox,0x08D66F94,0x08CFE540,5223744,6,7,,,ルビア,Rubia,5,elenco_falantes.csv (primeiro nome),validado,
elenco_nomebox,0x08D66F98,0x08CFE548,5223752,4,7,,,ルカ,Ruca,4,elenco_falantes.csv (primeiro nome),validado,
elenco_nomebox,0x08D66F9C,0x08CFE550,5223760,6,7,,,イリア,Iria,4,elenco_falantes.csv (primeiro nome),validado,
elenco_nomebox,0x08D66FA0,0x08CFE558,5223768,8,11,,,スパーダ,Spada,5,elenco_falantes.csv (primeiro nome),validado,
elenco_nomebox,0x08D66FA4,0x08CFE564,5223780,8,11,,,アンジュ,Ange,4,elenco_falantes.csv (primeiro nome),validado,
elenco_nomebox,0x08D66FA8,0x08CFE570,5223792,8,11,,,リカルド,Ricardo,7,elenco_falantes.csv (primeiro nome),validado,
elenco_nomebox,0x08D66FAC,0x08CFE57C,5223804,6,7,,,ユーリ,Yuri,4,elenco_falantes.csv (primeiro nome),validado,
elenco_nomebox,0x08D66FB0,0x08CFE584,5223812,8,11,,,エステル,Estelle,7,elenco_falantes.csv (primeiro nome),validado,
elenco_nomebox,0x08D66FB4,0x08CFE590,5223824,10,11,,,ジュディス,Judith,6,elenco_falantes.csv (primeiro nome),validado,
elenco_nomebox,0x08D66FB8,0x08CFE59C,5223836,4,7,,,リタ,Rita,4,elenco_falantes.csv (primeiro nome),validado,
elenco_nomebox,0x08D66FBC,0x08CFE5A4,5223844,8,11,,,レイヴン,Raven,5,elenco_falantes.csv (primeiro nome),validado,
elenco_nomebox,0x08D66FC0,0x08CFE5B0,5223856,6,7,,,フレン,Flynn,5,elenco_falantes.csv (primeiro nome),validado,
elenco_nomebox,0x08D66FC4,0x08CFE5B8,5223864,6,7,,,シング,Shing,5,elenco_falantes.csv (primeiro nome),validado,
elenco_nomebox,0x08D66FC8,0x08CFE5C0,5223872,6,7,,,コハク,Kohaku,6,elenco_falantes.csv (primeiro nome),validado,
elenco_nomebox,0x08D66FCC,0x08CFE5C8,5223880,6,7,,,ヒスイ,Hisui,5,elenco_falantes.csv (primeiro nome),validado,
elenco_nomebox,0x08D66FD0,0x08CFE5D0,5223888,8,11,,,アスベル,Asbel,5,elenco_falantes.csv (primeiro nome),validado,
elenco_nomebox,0x08D66FD4,0x08CFE5DC,5223900,6,7,,,ソフィ,Sophie,6,elenco_falantes.csv (primeiro nome),validado,
elenco_nomebox,0x08D66FD8,0x08CFE5E4,5223908,8,11,,,シェリア,Cheria,6,elenco_falantes.csv (primeiro nome),validado,
elenco_nomebox,0x08D66FDC,0x08CFE5F0,5223920,6,7,,,ダオス,Dhaos,5,elenco_falantes.csv (primeiro nome),validado,
elenco_nomebox,0x08D66FE0,0x08CFE5F8,5223928,10,11,,,バルバトス,Barbatos,8,elenco_falantes.csv (primeiro nome),validado,
elenco_nomebox,0x08D66FE4,0x08CFE604,5223940,12,15,,,ユグドラシル,Yggdrasill,10,elenco_falantes.csv (primeiro nome),validado,
elenco_nomebox,0x08D66FE8,0x08CFE614,5223956,4,7,,,サレ,Saleh,5,elenco_falantes.csv (primeiro nome),validado,
elenco_nomebox,0x08D66FEC,0x08CFE61C,5223964,6,7,,,ミミー,Mimmy,5,elenco_falantes.csv (primeiro nome),validado,
elenco_nomebox,0x08D66FF0,0x08CFE624,5223972,10,11,,,クィッキー,Quickie,7,elenco_falantes.csv (primeiro nome),validado,
elenco_nomebox,0x08D66FF4,0x08CFE630,5223984,8,11,,,キュッポ,Kyuppo,6,elenco_falantes.csv (primeiro nome),validado,
elenco_nomebox,0x08D66FF8,0x08CFE63C,5223996,6,7,,,ピッポ,Pippo,5,elenco_falantes.csv (primeiro nome),validado,
elenco_nomebox,0x08D66FFC,0x08CFE644,5224004,6,7,,,ポッポ,Poppo,5,elenco_falantes.csv (primeiro nome),validado,
elenco_nomebox,0x08D67000,0x08CFE64C,5224012,6,7,,,コーダ,Coda,4,elenco_falantes.csv (primeiro nome),validado,
elenco_nomebox,0x08D67004,0x08CFE654,5224020,8,11,,,カノンノ,Kanonno,7,elenco_falantes.csv (primeiro nome),validado,
elenco_nomebox,0x08D67008,0x08CFE660,5224032,20,23,,,オリジナル・カノンノ,Original Kanonno,16,elenco_falantes.csv (excecao — titulo generico),validado,
elenco_nomebox,0x08D6700C,0x08CFE678,5224056,16,19,,,パスカ・カノンノ,Pasca,5,elenco_falantes.csv (primeiro nome),validado,
elenco_nomebox,0x08D67010,0x08CFE68C,5224076,20,23,,,カノンノ・イアハート,Kanonno,7,elenco_falantes.csv (primeiro nome),validado,
elenco_nomebox,0x08D67014,0x08CFE6A4,5224100,8,11,,,ロックス,Rocks,5,elenco_falantes.csv (primeiro nome),validado,
elenco_nomebox,0x08D67018,0x08CFE6B0,5224112,6,7,,,ニアタ,Niata,5,elenco_falantes.csv (primeiro nome),validado,
elenco_nomebox,0x08D6701C,0x08CFE6B8,5224120,12,15,,,ウィダーシン,Widdershin,10,elenco_falantes.csv (primeiro nome),validado,
elenco_nomebox,0x08D67020,0x08CFE6C8,5224136,6,7,,,ゲーデ,Goede,5,elenco_falantes.csv (primeiro nome),validado,
elenco_nomebox,0x08D67024,0x08CFE6D0,5224144,6,7,,,モルモ,Mormo,5,elenco_falantes.csv (primeiro nome),validado,
elenco_nomebox,0x08D67028,0x08CFE6D8,5224152,8,11,,,ラザリス,Lazaris,7,elenco_falantes.csv (primeiro nome),validado,
elenco_nomebox,0x08D6702C,0x08CFE6E4,5224164,10,11,,,ラザリス２,Lazaris,7,elenco_falantes.csv (primeiro nome),validado,
elenco_nomebox,0x08D67030,0x08CFE6F0,5224176,6,7,,,アーダ,Arda,4,elenco_falantes.csv (primeiro nome),validado,
elenco_nomebox,0x08D67034,0x08CFE6F8,5224184,10,11,,,リザーブ１,Reserve,7,elenco_falantes.csv (primeiro nome),validado,
elenco_nomebox,0x08D67038,0x08CFE704,5224196,10,11,,,リザーブ２,Reserve,7,elenco_falantes.csv (primeiro nome),validado,
elenco_nomebox,0x08D6703C,0x08CFE710,5224208,10,11,,,リザーブ３,Reserve,7,elenco_falantes.csv (primeiro nome),validado,
elenco_nomebox,0x08D67040,0x08CFE71C,5224220,8,11,,,ジョアン,Joan,4,elenco_falantes.csv (primeiro nome),validado,
elenco_nomebox,0x08D67044,0x08CFE728,5224232,6,7,,,ミゲル,Miguel,6,elenco_falantes.csv (primeiro nome),validado,
elenco_nomebox,0x08D67048,0x08CFE730,5224240,6,7,,,トマス,Thomas,6,elenco_falantes.csv (primeiro nome),validado,
elenco_nomebox,0x08D6704C,0x08CFE738,5224248,4,7,,,青年,Young Man,9,elenco_falantes.csv (excecao — titulo generico),validado,
elenco_nomebox,0x08D67050,0x08CFE740,5224256,4,7,,,女性,Woman,5,elenco_falantes.csv (primeiro nome),validado,
elenco_nomebox,0x08D67054,0x08CFE748,5224264,16,19,,,暁の従者・信者１,Dawn Cultist,12,elenco_falantes.csv (excecao — titulo generico),validado,
elenco_nomebox,0x08D67058,0x08CFE75C,5224284,16,19,,,暁の従者・信者２,Dawn Cultist,12,elenco_falantes.csv (excecao — titulo generico),validado,
elenco_nomebox,0x08D6705C,0x08CFE770,5224304,16,19,,,暁の従者・信者３,Dawn Cultist,12,elenco_falantes.csv (excecao — titulo generico),validado,
elenco_nomebox,0x08D67060,0x08CFE784,5224324,16,19,,,暁の従者・信者４,Dawn Cultist,12,elenco_falantes.csv (excecao — titulo generico),validado,
elenco_nomebox,0x08D67064,0x08CFE798,5224344,6,7,,,手配犯,Wanted Criminal,15,elenco_falantes.csv (excecao — titulo generico),validado,
elenco_nomebox,0x08D67068,0x08CFE7A0,5224352,6,7,,,部下Ａ,Henchman,8,elenco_falantes.csv (primeiro nome),validado,
elenco_nomebox,0x08D6706C,0x08CFE7A8,5224360,6,7,,,部下Ｂ,Henchman,8,elenco_falantes.csv (primeiro nome),validado,
elenco_nomebox,0x08D67070,0x08CFE7B0,5224368,6,7,,,悪漢Ａ,Thug,4,elenco_falantes.csv (primeiro nome),validado,
elenco_nomebox,0x08D67074,0x08CFE7B8,5224376,6,23,,,悪漢Ｂ,Thug,4,elenco_falantes.csv (primeiro nome),validado,
