id,original,traducao,fonte,status,nota
v3082_CharGuideTextCName.bin:0,クレス・アルベイン,Cress Albane,elenco_falantes.csv,revisar,derivado do apelido curto `クレス`
v3082_CharGuideTextCName.bin:1,ミント・アドネード,Mint Adenade,elenco_falantes.csv,revisar,derivado do apelido curto `ミント`
v3082_CharGuideTextCName.bin:2,チェスター・バークライト,Chester Barklight,elenco_falantes.csv,revisar,derivado do apelido curto `チェスター`
v3082_CharGuideTextCName.bin:3,アーチェ・クライン,Arche Klein,elenco_falantes.csv,revisar,derivado do apelido curto `アーチェ`
v3082_CharGuideTextCName.bin:4,藤林　すず,Suzu Fujibayashi,elenco_falantes.csv,revisar,derivado do apelido curto `すず`
v3082_CharGuideTextCName.bin:5,ダオス,Dhaos,elenco_falantes.csv,revisar,derivado do apelido curto `ダオス`
v3082_CharGuideTextCName.bin:6,スタン・エルロン,Stahn Aileron,elenco_falantes.csv,revisar,derivado do apelido curto `スタン`
v3082_CharGuideTextCName.bin:7,ルーティ・カトレット,Rutee Katrea,elenco_falantes.csv,revisar,derivado do apelido curto `ルーティ`
v3082_CharGuideTextCName.bin:8,フィリア・フィリス,Philia Felice,elenco_falantes.csv,revisar,derivado do apelido curto `フィリア`
v3082_CharGuideTextCName.bin:9,リオン・マグナス,Leon Magnus,elenco_falantes.csv,revisar,derivado do apelido curto `リオン`
v3082_CharGuideTextCName.bin:10,ウッドロウ・ケルヴィン,Woodrow Kelvin,elenco_falantes.csv,revisar,derivado do apelido curto `ウッドロウ`
v3082_CharGuideTextCName.bin:11,チェルシー・トーン,Chelsea Torn,elenco_falantes.csv,revisar,derivado do apelido curto `チェルシー`
v3082_CharGuideTextCName.bin:12,マイティ・コングマン,Kongman,elenco_falantes.csv,revisar,derivado do apelido curto `コングマン`
v3082_CharGuideTextCName.bin:13,リリス・エルロン,Lilith Aileron,elenco_falantes.csv,revisar,derivado do apelido curto `リリス`
v3082_CharGuideTextCName.bin:14,リッド・ハーシェル,Reid Hershel,elenco_falantes.csv,revisar,derivado do apelido curto `リッド`
v3082_CharGuideTextCName.bin:15,ファラ・エルステッド,Farah Oersted,elenco_falantes.csv,revisar,derivado do apelido curto `ファラ`
v3082_CharGuideTextCName.bin:16,キール・ツァイベル,Keele Zeibel,elenco_falantes.csv,revisar,derivado do apelido curto `キール`
v3082_CharGuideTextCName.bin:17,メルディ,Meredy,elenco_falantes.csv,revisar,derivado do apelido curto `メルディ`
v3082_CharGuideTextCName.bin:18,チャット,Chat,elenco_falantes.csv,revisar,derivado do apelido curto `チャット`
v3082_CharGuideTextCName.bin:19,セルシウス,Celsius,elenco_falantes.csv,revisar,derivado do apelido curto `セルシウス`
v3082_CharGuideTextCName.bin:20,クィッキー,Quickie,elenco_falantes.csv,revisar,derivado do apelido curto `クィッキー`
v3082_CharGuideTextCName.bin:21,カイル・デュナミス,Kyle Dunamis,elenco_falantes.csv,revisar,derivado do apelido curto `カイル`
v3082_CharGuideTextCName.bin:22,リアラ,Reala,elenco_falantes.csv,revisar,derivado do apelido curto `リアラ`
v3082_CharGuideTextCName.bin:23,ロニ・デュナミス,Loni Dunamis,elenco_falantes.csv,revisar,derivado do apelido curto `ロニ`
v3082_CharGuideTextCName.bin:24,ジューダス,Judas,elenco_falantes.csv,revisar,derivado do apelido curto `ジューダス`
v3082_CharGuideTextCName.bin:25,ナナリー・フレッチ,Nanaly Fletch,elenco_falantes.csv,revisar,derivado do apelido curto `ナナリー`
v3082_CharGuideTextCName.bin:26,ハロルド・ベルセリオス,Harold Berselius,elenco_falantes.csv,revisar,derivado do apelido curto `ハロルド`
v3082_CharGuideTextCName.bin:27,バルバトス・ゲーティア,Barbatos Goetia,elenco_falantes.csv,revisar,derivado do apelido curto `バルバトス`
v3082_CharGuideTextCName.bin:28,ロイド・アーヴィング,Lloyd Irving,elenco_falantes.csv,revisar,derivado do apelido curto `ロイド`
v3082_CharGuideTextCName.bin:29,コレット・ブルーネル,Colette Brunel,elenco_falantes.csv,revisar,derivado do apelido curto `コレット`
v3082_CharGuideTextCName.bin:30,ジーニアス・セイジ,Genis Sage,elenco_falantes.csv,revisar,derivado do apelido curto `ジーニアス`
v3082_CharGuideTextCName.bin:31,リフィル・セイジ,Raine Sage,elenco_falantes.csv,revisar,derivado do apelido curto `リフィル`
v3082_CharGuideTextCName.bin:32,クラトス・アウリオン,Kratos Aurion,elenco_falantes.csv,revisar,derivado do apelido curto `クラトス`
v3082_CharGuideTextCName.bin:33,藤林　しいな,Sheena Fujibayashi,elenco_falantes.csv,revisar,derivado do apelido curto `しいな`
v3082_CharGuideTextCName.bin:34,ゼロス・ワイルダー,Zelos Wilder,elenco_falantes.csv,revisar,derivado do apelido curto `ゼロス`
v3082_CharGuideTextCName.bin:35,プレセア・コンバティール,Presea Combatir,elenco_falantes.csv,revisar,derivado do apelido curto `プレセア`
v3082_CharGuideTextCName.bin:36,ユグドラシル,Yggdrasill,elenco_falantes.csv,revisar,derivado do apelido curto `ユグドラシル`
v3082_CharGuideTextCName.bin:37,ヴェイグ・リュングベル,Veigue Lungberg,elenco_falantes.csv,revisar,derivado do apelido curto `ヴェイグ`
v3082_CharGuideTextCName.bin:38,クレア・ベネット,Claire Bennett,elenco_falantes.csv,revisar,derivado do apelido curto `クレア`
v3082_CharGuideTextCName.bin:39,ユージーン・ガラルド,Eugene Gallardo,elenco_falantes.csv,revisar,derivado do apelido curto `ユージーン`
v3082_CharGuideTextCName.bin:40,マオ,Mao,elenco_falantes.csv,revisar,derivado do apelido curto `マオ`
v3082_CharGuideTextCName.bin:41,ティトレイ・クロウ,Tytree Crowe,elenco_falantes.csv,revisar,derivado do apelido curto `ティトレイ`
v3082_CharGuideTextCName.bin:42,アニー・バース,Annie Barrs,elenco_falantes.csv,revisar,derivado do apelido curto `アニー`
v3082_CharGuideTextCName.bin:43,サレ,Saleh,elenco_falantes.csv,revisar,derivado do apelido curto `サレ`
v3082_CharGuideTextCName.bin:44,セネル・クーリッジ,Senel Coolidge,elenco_falantes.csv,revisar,derivado do apelido curto `セネル`
v3082_CharGuideTextCName.bin:45,シャーリィ・フェンネス,Shirley Fennes,elenco_falantes.csv,revisar,derivado do apelido curto `シャーリィ`
v3082_CharGuideTextCName.bin:46,ウィル・レイナード,Will Raynard,elenco_falantes.csv,revisar,derivado do apelido curto `ウィル`
v3082_CharGuideTextCName.bin:47,クロエ・ヴァレンス,Chloe Valens,elenco_falantes.csv,revisar,derivado do apelido curto `クロエ`
v3082_CharGuideTextCName.bin:48,ノーマ・ビアッティ,Norma Beatty,elenco_falantes.csv,revisar,derivado do apelido curto `ノーマ`
v3082_CharGuideTextCName.bin:49,ジェイ,Jay,elenco_falantes.csv,revisar,derivado do apelido curto `ジェイ`
v3082_CharGuideTextCName.bin:50,ミミー・ブレッド,Mimmy Bread,elenco_falantes.csv,revisar,derivado do apelido curto `ミミー`
v3082_CharGuideTextCName.bin:51,キュッポ,Kyuppo,elenco_falantes.csv,revisar,derivado do apelido curto `キュッポ`
v3082_CharGuideTextCName.bin:52,ピッポ,Pippo,elenco_falantes.csv,revisar,derivado do apelido curto `ピッポ`
v3082_CharGuideTextCName.bin:53,ポッポ,Poppo,elenco_falantes.csv,revisar,derivado do apelido curto `ポッポ`
v3082_CharGuideTextCName.bin:54,ルーク・フォン・ファブレ,Luke fon Fabre,elenco_falantes.csv,revisar,derivado do apelido curto `ルーク`
v3082_CharGuideTextCName.bin:55,ティア・グランツ,Tear Grants,elenco_falantes.csv,revisar,derivado do apelido curto `ティア`
v3082_CharGuideTextCName.bin:56,ガイ・セシル,Guy Cecil,elenco_falantes.csv,revisar,derivado do apelido curto `ガイ`
v3082_CharGuideTextCName.bin:57,ジェイド・カーティス,Jade Curtiss,elenco_falantes.csv,revisar,derivado do apelido curto `ジェイド`
v3082_CharGuideTextCName.bin:58,アニス・タトリン,Anise Tatlin,elenco_falantes.csv,revisar,derivado do apelido curto `アニス`
v3082_CharGuideTextCName.bin:59,ナタリア・ルツ・キムラスカ・ランバルディア,Natalia Luzu Kimlasca-Lanvaldear,elenco_falantes.csv,revisar,derivado do apelido curto `ナタリア`
v3082_CharGuideTextCName.bin:60,アッシュ,Asch,elenco_falantes.csv,revisar,derivado do apelido curto `アッシュ`
v3082_CharGuideTextCName.bin:61,ヴァン・グランツ,Van Grants,elenco_falantes.csv,revisar,derivado do apelido curto `ヴァン`
v3082_CharGuideTextCName.bin:62,カイウス・クオールズ,Caius Qualls,elenco_falantes.csv,revisar,derivado do apelido curto `カイウス`
v3082_CharGuideTextCName.bin:63,ルビア・ナトウィック,Rubia Natwick,elenco_falantes.csv,revisar,derivado do apelido curto `ルビア`
v3082_CharGuideTextCName.bin:64,ルカ・ミルダ,Ruca Milda,elenco_falantes.csv,revisar,derivado do apelido curto `ルカ`
v3082_CharGuideTextCName.bin:65,イリア・アニーミ,Iria Animi,elenco_falantes.csv,revisar,derivado do apelido curto `イリア`
v3082_CharGuideTextCName.bin:66,スパーダ・ベルフォルマ,Spada Belforma,elenco_falantes.csv,revisar,derivado do apelido curto `スパーダ`
v3082_CharGuideTextCName.bin:67,アンジュ・セレーナ,Ange Serena,elenco_falantes.csv,revisar,derivado do apelido curto `アンジュ`
v3082_CharGuideTextCName.bin:68,リカルド・ソルダード,Ricardo Soldato,elenco_falantes.csv,revisar,derivado do apelido curto `リカルド`
v3082_CharGuideTextCName.bin:69,コーダ,Coda,elenco_falantes.csv,revisar,derivado do apelido curto `コーダ`
v3082_CharGuideTextCName.bin:70,ユーリ・ローウェル,Yuri Lowell,elenco_falantes.csv,revisar,derivado do apelido curto `ユーリ`
v3082_CharGuideTextCName.bin:71,エステリーゼ・シデス・ヒュラッセイン,Estellise Sidos Heurassein,indice (nota de エステル),revisar,"nome completo ja citado na nota do apelido `エステル` em elenco_falantes.csv; nunca tinha virado entrada propria"
v3082_CharGuideTextCName.bin:72,ジュディス,Judith,elenco_falantes.csv,revisar,derivado do apelido curto `ジュディス`
v3082_CharGuideTextCName.bin:73,リタ・モルディオ,Rita Mordio,elenco_falantes.csv,revisar,derivado do apelido curto `リタ`
v3082_CharGuideTextCName.bin:74,レイヴン,Raven,elenco_falantes.csv,revisar,derivado do apelido curto `レイヴン`
v3082_CharGuideTextCName.bin:75,フレン・シーフォ,Flynn Scifo,elenco_falantes.csv,revisar,derivado do apelido curto `フレン`
v3082_CharGuideTextCName.bin:76,エミル・キャスタニエ,Emil Castagnier,elenco_falantes.csv,revisar,derivado do apelido curto `エミル`
v3082_CharGuideTextCName.bin:77,マルタ・ルアルディ,Marta Lualdi,elenco_falantes.csv,revisar,derivado do apelido curto `マルタ`
v3082_CharGuideTextCName.bin:78,リヒター・アーベント,Richter Abend,elenco_falantes.csv,revisar,derivado do apelido curto `リヒター`
v3082_CharGuideTextCName.bin:79,シング・メテオライト,Shing Meteoryte,elenco_falantes.csv,revisar,derivado do apelido curto `シング`
v3082_CharGuideTextCName.bin:80,コハク・ハーツ,Kohaku Hearts,elenco_falantes.csv,revisar,derivado do apelido curto `コハク`
v3082_CharGuideTextCName.bin:81,ヒスイ・ハーツ,Hisui Hearts,elenco_falantes.csv,revisar,derivado do apelido curto `ヒスイ`
v3082_CharGuideTextCName.bin:82,アスベル・ラント,Asbel Lhant,elenco_falantes.csv,revisar,derivado do apelido curto `アスベル`
v3082_CharGuideTextCName.bin:83,ソフィ,Sophie,elenco_falantes.csv,revisar,derivado do apelido curto `ソフィ`
v3082_CharGuideTextCName.bin:84,シェリア・バーンズ,Cheria Barnes,elenco_falantes.csv,revisar,derivado do apelido curto `シェリア`
v3082_CharGuideTextCName.bin:85,パスカ・カノンノ,Kanonno Grassvalley,elenco_falantes.csv,revisar,derivado do apelido curto `カノンノ`
v3082_CharGuideTextCName.bin:86,モルモ,Mormo,elenco_falantes.csv,revisar,derivado do apelido curto `モルモ`
v3082_CharGuideTextCName.bin:87,ウィダーシン,Widdershin,elenco_falantes.csv,revisar,derivado do apelido curto `ウィダーシン`
v3082_CharGuideTextCName.bin:88,カノンノ・イアハート,Kanonno Grassvalley,elenco_falantes.csv,revisar,derivado do apelido curto `カノンノ`
v3082_CharGuideTextCName.bin:89,ゲーデ,Goede,elenco_falantes.csv,revisar,derivado do apelido curto `ゲーデ`
v3082_CharGuideTextCName.bin:90,カノンノ・グラスバレー,Kanonno Grassvalley,elenco_falantes.csv,revisar,derivado do apelido curto `カノンノ`
v3082_CharGuideTextCName.bin:91,ロックスプリングス,Rocks Springs,decidido (P-57),revisar,"trocadilho fonetico: ロック(ス) + (su)プリングス compartilha a mora de fronteira = ""Rock"" + ""Springs""; mantido o apelido ja adotado ""Rocks"" como primeiro nome, sobrenome decidido a partir do trocadilho"
v3082_CharGuideTextCName.bin:92,ニアタ・モナド,Niata Monad,elenco_falantes.csv,revisar,derivado do apelido curto `ニアタ`
v3082_CharGuideTextCName.bin:93,ラザリス,Lazaris,elenco_falantes.csv,revisar,derivado do apelido curto `ラザリス`
