pasta,lote,frente,falas,devolvidas,traduzidas,estado
lotes,CAMPO-01,CAMPO,124,124,124,devolvido
lotes,CEV-01,CEV,144,144,144,devolvido
lotes,CEV-02,CEV,90,90,90,devolvido
lotes,CEV-03,CEV,167,167,167,devolvido
lotes,CEV-04,CEV,146,146,146,devolvido
lotes,CEV-05,CEV,130,130,130,devolvido
lotes,CEV-06,CEV,150,150,150,devolvido
lotes,CEV-07,CEV,167,167,167,devolvido
lotes,CEV-08,CEV,127,127,127,devolvido
lotes,CEV-09,CEV,195,195,195,devolvido
lotes,CEV-10,CEV,158,158,158,devolvido
lotes,CEV-11,CEV,125,125,125,devolvido
lotes,CEV-12,CEV,103,103,103,devolvido
lotes,CEV-13,CEV,145,145,145,devolvido
lotes,CEV-14,CEV,183,183,183,devolvido
lotes,CEV-15,CEV,136,136,136,devolvido
lotes,CEV-16,CEV,167,167,167,devolvido
lotes,CEV-17,CEV,162,162,162,devolvido
lotes,CEV-18,CEV,171,171,171,devolvido
lotes,CEV-19,CEV,152,152,152,devolvido
lotes,CEV-20,CEV,225,225,225,devolvido
lotes,CEV-21,CEV,154,154,154,devolvido
lotes,CEV-22,CEV,178,178,178,devolvido
lotes,CEV-23,CEV,178,178,178,devolvido
lotes,CEV-24,CEV,193,193,193,devolvido
lotes,CEV-25,CEV,114,114,114,devolvido
lotes,CEV-26,CEV,157,157,157,devolvido
lotes,CEV-27,CEV,159,159,159,devolvido
lotes,CEV-28,CEV,200,200,200,devolvido
lotes,CEV-29,CEV,111,111,111,devolvido
lotes,CEV-30,CEV,164,164,164,devolvido
lotes,CEV-31,CEV,135,135,135,devolvido
lotes,CEV-32,CEV,198,198,198,devolvido
lotes,CEV-33,CEV,147,147,147,devolvido
lotes,CEV-34,CEV,236,236,236,devolvido
lotes,CEV-35,CEV,224,224,224,devolvido
lotes,CEV-36,CEV,140,140,140,devolvido
lotes,CEV-37,CEV,166,166,166,devolvido
lotes,CEV-38,CEV,184,184,184,devolvido
lotes,CEV-39,CEV,189,189,189,devolvido
lotes,CEV-40,CEV,159,159,159,devolvido
lotes,CEV-41,CEV,172,172,172,devolvido
lotes,CEV-42,CEV,196,196,196,devolvido
lotes,CEV-43,CEV,117,117,117,devolvido
lotes,CEV-44,CEV,143,143,143,devolvido
lotes,CEV-45,CEV,116,116,116,devolvido
lotes,CEV-46,CEV,196,196,196,devolvido
lotes,CEV-47,CEV,127,127,127,devolvido
lotes,CEV-48,CEV,116,116,116,devolvido
lotes,CEV-49,CEV,223,223,223,devolvido
lotes,CEV-50,CEV,122,122,122,devolvido
lotes,CEV-51,CEV,177,177,177,devolvido
lotes,CEV-52,CEV,159,159,159,devolvido
lotes,CEV-53,CEV,179,179,179,devolvido
lotes,CEV-54,CEV,153,153,153,devolvido
lotes,CEV-55,CEV,157,157,157,devolvido
lotes,CEV-56,CEV,109,109,109,devolvido
lotes,CEV-57,CEV,118,118,118,devolvido
lotes,CEV-58,CEV,145,145,145,devolvido
lotes,CEV-59,CEV,133,133,133,devolvido
lotes,CEV-60,CEV,149,149,149,devolvido
lotes,CEV-61,CEV,128,128,128,devolvido
lotes,CEV-62,CEV,226,226,226,devolvido
lotes,CEV-63,CEV,146,146,146,devolvido
lotes,CEV-64,CEV,207,207,207,devolvido
lotes,CEV-65,CEV,123,123,123,devolvido
lotes,CEV-66,CEV,160,160,160,devolvido
lotes,CEV-67,CEV,196,196,196,devolvido
lotes,CEV-68,CEV,165,165,165,devolvido
lotes,CEV-69,CEV,182,182,182,devolvido
lotes,CEV-70,CEV,178,178,178,devolvido
lotes,CEV-71,CEV,168,168,168,devolvido
lotes,CEV-72,CEV,196,196,196,devolvido
lotes,CEV-73,CEV,163,163,163,devolvido
lotes,CEV-74,CEV,113,113,113,devolvido
lotes,CEV-75+76+77+78+79+80+81+82+83,CEV,313,313,313,devolvido
lotes,CEV-84+85+86+88+89,CEV,150,150,150,devolvido
lotes,CEV-90,CEV,270,270,270,devolvido
lotes,CEV-91+93+94+95+97,CEV,258,258,258,devolvido
lotes,ITEM-01,ITEM,320,320,320,devolvido
lotes,ITEM-02,ITEM,320,320,320,devolvido
lotes,ITEM-03,ITEM,240,240,240,devolvido
lotes,ITEM-04,ITEM,320,320,320,devolvido
lotes,ITEM-05,ITEM,320,320,320,devolvido
lotes,ITEM-06,ITEM,146,146,146,devolvido
lotes,ITEM-07,ITEM,320,320,320,devolvido
lotes,ITEM-08,ITEM,320,320,320,devolvido
lotes,ITEM-09,ITEM,48,48,48,devolvido
lotes,ITEM-10,ITEM,320,320,320,devolvido
lotes,ITEM-11,ITEM,320,320,320,devolvido
lotes,ITEM-12,ITEM,320,320,320,devolvido
lotes,ITEM-13,ITEM,320,320,320,devolvido
lotes,ITEM-14,ITEM,303,303,303,devolvido
lotes,ITEM-15,ITEM,228,228,228,devolvido
lotes,ITEM-16,ITEM,299,299,299,devolvido
lotes,ITEM-17,ITEM,320,320,320,devolvido
lotes,ITEM-18,ITEM,320,320,320,devolvido
lotes,ITEM-19,ITEM,320,320,320,devolvido
lotes,ITEM-20,ITEM,320,320,320,devolvido
lotes,ITEM-21,ITEM,320,320,320,devolvido
lotes,ITEM-22,ITEM,320,320,320,devolvido
lotes,ITEM-23,ITEM,320,320,320,devolvido
lotes,ITEM-24,ITEM,266,266,266,devolvido
lotes,ITEM-25,ITEM,259,259,259,devolvido
lotes,ITEM-26,ITEM,256,256,256,devolvido
lotes,ITEM-27,ITEM,297,297,297,devolvido
lotes,ITEM-28,ITEM,181,181,181,devolvido
lotes,ITEM-29,ITEM,304,304,304,devolvido
lotes,ITEM-30,ITEM,311,311,311,devolvido
lotes,ITEM-31,ITEM,304,304,304,devolvido
lotes,MEV-00a,MEV,166,166,166,devolvido
lotes,MEV-00b,MEV,263,263,263,devolvido
lotes,MEV-01,MEV,164,164,164,devolvido
lotes,MEV-02,MEV,153,153,153,devolvido
lotes,MEV-03,MEV,91,91,91,devolvido
lotes,MEV-04,MEV,159,159,159,devolvido
lotes,MEV-05,MEV,204,204,204,devolvido
lotes,MEV-06,MEV,184,184,184,devolvido
lotes,MEV-07,MEV,235,235,235,devolvido
lotes,MEV-08,MEV,269,269,269,devolvido
lotes,MEV-09a,MEV,157,157,157,devolvido
lotes,MEV-09b,MEV,198,198,198,devolvido
lotes,MEV-10,MEV,181,181,181,devolvido
lotes,MEV-11,MEV,286,286,286,devolvido
lotes,MEV-12,MEV,216,216,216,devolvido
lotes,MEV-13,MEV,130,130,130,devolvido
lotes,MEV-14,MEV,165,165,165,devolvido
lotes,MEV-15,MEV,191,191,191,devolvido
lotes,MEV-16,MEV,108,108,108,devolvido
lotes,MEV-17,MEV,146,146,146,devolvido
lotes,MEV-18,MEV,237,237,237,devolvido
lotes,MEV-19,MEV,228,228,228,devolvido
lotes,MEV-20,MEV,117,117,117,devolvido
lotes,MEV-21,MEV,199,199,199,devolvido
lotes,MEV-22,MEV,79,79,79,devolvido
lotes,MEV-23,MEV,114,114,114,devolvido
lotes,MEV-24+25,MEV,222,222,222,devolvido
lotes,MEV-26,MEV,195,195,195,devolvido
lotes,NEV-001_016,NEV,319,319,319,devolvido
lotes,NEV-017_033,NEV,311,311,311,devolvido
lotes,NEV-034_049,NEV,318,318,318,devolvido
lotes,NEV-050_064,NEV,305,305,305,devolvido
lotes,NEV-065_084,NEV,311,311,311,devolvido
lotes,NEV-085_097,NEV,203,203,203,devolvido
lotes,QEV-01,QEV,35,35,35,devolvido
lotes,QEV-02,QEV,133,133,133,devolvido
lotes,QEV-03,QEV,88,88,88,devolvido
lotes,QEV-04,QEV,99,99,99,devolvido
lotes,QEV-05,QEV,101,101,101,devolvido
lotes,QEV-06,QEV,91,91,91,devolvido
lotes,QEV-07,QEV,108,108,108,devolvido
lotes,QEV-08,QEV,94,94,94,devolvido
lotes,QEV-09,QEV,107,107,107,devolvido
lotes,QEV-10,QEV,147,147,147,devolvido
lotes,QEV-11,QEV,99,99,99,devolvido
lotes,QEV-12,QEV,123,123,123,devolvido
lotes,QEV-13,QEV,139,139,139,devolvido
lotes,QEV-14,QEV,110,110,110,devolvido
lotes,QEV-15,QEV,98,98,98,devolvido
lotes,QEV-16,QEV,94,94,94,devolvido
lotes,QEV-17,QEV,79,79,79,devolvido
lotes,QEV-18,QEV,98,98,98,devolvido
lotes,QEV-19,QEV,92,92,92,devolvido
lotes,QEV-20,QEV,70,70,70,devolvido
lotes,QEV-21,QEV,66,66,66,devolvido
lotes,QEV-22,QEV,80,80,80,devolvido
lotes,QEV-23,QEV,74,74,74,devolvido
lotes,QEV-24,QEV,103,103,103,devolvido
lotes,QEV-25,QEV,96,96,96,devolvido
lotes,QEV-26,QEV,81,81,81,devolvido
lotes,QEV-27,QEV,73,73,73,devolvido
lotes,QEV-28+29+30,QEV,195,195,195,devolvido
lotes,QEV-31,QEV,89,89,89,devolvido
lotes,QEV-32,QEV,72,72,72,devolvido
lotes,QEV-33,QEV,63,63,63,devolvido
lotes,QEV-34,QEV,108,108,108,devolvido
lotes,QEV-35,QEV,113,113,113,devolvido
lotes,QEV-36,QEV,83,83,83,devolvido
lotes,QEV-37+38+39+40+41+42+43+44,QEV,314,314,314,devolvido
lotes,QEV-45+46+47+48+49+50+51+52+53+54+55+56+57+58+59+60+61,QEV,214,214,214,devolvido
lotes,SEV-01,SEV,58,58,58,devolvido
lotes,SEV-02,SEV,77,77,77,devolvido
lotes,SEV-03,SEV,81,81,81,devolvido
lotes,SEV-04+05+06+07,SEV,130,130,130,devolvido
lotes,SIS-01,SIS,311,311,311,devolvido
lotes,SIS-02,SIS,58,58,58,devolvido
lotes,SIS-03,SIS,291,291,291,devolvido
lotes,SIS-04,SIS,399,399,399,devolvido
lotes,TEV-00+01+02,TEV,162,162,162,devolvido
lotes,TEV-03,TEV,87,87,87,devolvido
lotes,TEV-04,TEV,74,74,74,devolvido
lotes,TEV-05,TEV,60,60,60,devolvido
lotes,TEV-06+07+08+09,TEV,105,105,105,devolvido
lotes,TXZ-01,TXZ,271,271,271,devolvido
lotes,TXZ-02,TXZ,248,248,248,devolvido
lotes,TXZ-03,TXZ,248,248,248,devolvido
lotes_p68,ARENA,ARENA,248,248,248,devolvido
lotes_p68,CAMPO-02,CAMPO,115,115,115,devolvido
lotes_p68,MISC,MISC,163,163,163,devolvido
lotes_p68,SHIELD,SHIELD,231,231,231,devolvido
lotes_p68,SKIT-01,SKIT,320,320,320,devolvido
lotes_p68,SKIT-02,SKIT,314,314,314,devolvido
lotes_p68,UI-01,UI,320,320,320,devolvido
lotes_p68,UI-02,UI,320,320,320,devolvido
lotes_p68,UI-03,UI,221,221,221,devolvido
lotes_p68,ZQE-01,ZQE,6,6,6,devolvido
lotes_bancos,CAPITULO-01,CAPITULO,320,320,320,devolvido
lotes_bancos,CAPITULO-02,CAPITULO,320,320,320,devolvido
lotes_bancos,CAPITULO-03,CAPITULO,320,320,320,devolvido
lotes_bancos,CAPITULO-04,CAPITULO,166,166,166,devolvido
lotes_bancos,PERFIL-ORG,PERFIL,94,94,94,devolvido
lotes_bancos,PERFIL-TOW3,PERFIL,94,94,94,devolvido
lotes_bancos,SINOPSE-01,SINOPSE,320,320,320,devolvido
lotes_bancos,SINOPSE-02,SINOPSE,320,320,320,devolvido
lotes_bancos,SINOPSE-03,SINOPSE,320,320,320,devolvido
lotes_bancos,SINOPSE-04,SINOPSE,165,165,165,devolvido
lotes_bancos,SKITBDI-01,SKITBDI,320,320,320,devolvido
lotes_bancos,SKITBDI-02,SKITBDI,320,320,320,devolvido
lotes_bancos,SKITBDI-03,SKITBDI,250,250,250,devolvido
item_equip_shrink,VAL-01,VAL,277,276,276,devolvido
item_equip_shrink,VAL-02,VAL,277,271,271,devolvido
item_equip_shrink,VAL-03,VAL,277,268,268,devolvido
item_equip_shrink,VAL-04,VAL,274,218,218,devolvido
