categoria_en,stride_bytes,va_registro_base,strings_distintas
head_equip,52,0x08C69028,724
face_equip,52,0x08C6DB30,156
body_equip,52,0x08C73388,786
hand_equip,52,0x08C7BDE0,688
foot_equip,52,0x08C839C8,1553
consumable,24,0x08C9F414,30
craft_material,20,0x08C9F978,54
enhance_material,56,0x08CA093C,174
exchange_item,24,0x08CA2B74,219
accessory,36,0x08CA3938,80
valuables,?,0x08CA5DD0,2506
sword_1h,44,0x08CC13E0,259
sword_2h,44,0x08CC3454,115
dagger,44,0x08CC4AC0,141
axe,44,0x08CC6224,121
staff,44,0x08CC7CBC,176
fist,44,0x08CC9B68,181
bow,44,0x08CCB7F4,141
handgun,44,0x08CCD03C,125
spear,44,0x08CCDEB0,38
tonfa,44,0x08CCE6D8,43
chakram,44,0x08CCEE8C,38
hammer,44,0x08CCF740,41
rifle,44,0x08CCFFA4,40
baton,44,0x08CD07D8,37
crossbow,44,0x08CD0FF4,37
bag,44,0x08CD17E8,38
kendama,44,0x08CD1F78,37
cleaning_tool,44,0x08CD2748,37
ladle,44,0x08CD2FA8,44
flute,44,0x08CD3800,41
talisman,44,0x08CD3FF8,55
straw,44,0x08CD4848,37
pen,44,0x08CD510C,51
sash,44,0x08CD59A8,39
