bloco,va_ponteiro,va_string,off_arquivo,bytes_jp,slot_inplace,manter,control_codes,original,traducao,bytes_usados,fonte,status,nota,arena_ini,arena_fim
dialogo_save,0x08D65464,0x08CF4AA0,5184160,14,15,sim,,■ Information,(verbatim),14,-,manter,"""■ Information"": o ■ e glifo, mantido verbatim",,
dialogo_save,0x08D65468,0x08CF4AB0,5184176,4,7,,,はい,Yes,3,rm2,validado,RM2 3.5,,
dialogo_save,0x08D6546C,0x08CF4AB8,5184184,6,7,,,いいえ,No,2,rm2,validado,RM2 3.5,,
dialogo_save,0x08D65470,0x08CF4AC0,5184192,32,35,,,データを保存せずに終了しますか？,Quit without saving your data?,30,novo,revisar,,,
dialogo_save,0x08D65474,0x08CF4AE4,5184228,116,119,,%d x1 LF x2,記録メディアを検出できませんでした。\nこのゲームのデータをセーブするには空き容量が\n%dKB以上の記録メディアが必要です。,No memory stick was detected.\nThis game needs a memory stick with at\nleast %dKB of free space to save.,102,novo,revisar,記録メディア = midia de gravacao; PSP usa Memory Stick,,
dialogo_save,0x08D65478,0x08CF4B5C,5184348,108,111,,%d x1 LF x2,記録メディアの空き容量が不足しています。\nこのゲームのデータをセーブするには空き容量が\nあと%dKB以上必要です。,Not enough free space on the memory stick.\nSaving this game's data needs at least\n%dKB more of free space.,106,novo,revisar,,,
dialogo_save,0x08D6547C,0x08CF4BCC,5184460,40,43,,,このままゲームを始めてもよろしいですか？,Start the game anyway?,22,novo,revisar,"このまま = neste estado; contexto e ""sem poder salvar""",,
dialogo_save,0x08D65480,0x08CF4AA0,5184160,14,15,sim,,■ Information,(verbatim),14,-,manter,"duplicata do ponteiro anterior de ""■ Information"" — dedup aponta os dois para a mesma string",,
dialogo_save,0x08D65484,0x08CF4BF8,5184504,124,127,,%d x1 LF x2,新規に保存するには記録メディアの空き容量が\n足りません。あと%dKB以上の空き容量が必要です。\n既存のセーブデータを削除しますか？,There is not enough free space on the\nmemory stick to save anew. %dKB more is\nneeded. Delete an existing save file?,115,novo,revisar,,,
dialogo_save,0x08D65488,0x08CF4C78,5184632,160,163,,%d x1 LF x2,記録メディアの空き容量が不足しているため、上書きセーブしか出来ません。\n新規に保存するには、あと%dKB以上の空き容量が必要です。\n既存のセーブデータを削除しますか？,"Free space is low, so only overwriting an\nexisting save is possible. Saving anew\nneeds %dKB more. Delete an existing file?",122,novo,revisar,,,
dialogo_save,0x08D6548C,0x08CF4D1C,5184796,14,15,,,ファイルの削除,Delete File,11,novo,revisar,,,
dialogo_save,0x08D65490,0x08CF4D2C,5184812,8,11,,,削除する,Delete,6,novo,revisar,,,
dialogo_save,0x08D65494,0x08CF4D38,5184824,10,11,,,削除しない,Don't Delete,12,novo,revisar,par de 削除する/削除しない,,
dialogo_save,0x08D65498,0x08CF4D44,5184836,86,87,,%d x1 LF x2,記録メディアを検出できませんでした。\n%dKB以上の空き容量がある\n記録メディアが必要です。,No memory stick was detected.\nA memory stick with at least %dKB\nof free space is required.,90,novo,revisar,,,
dialogo_save,0x08D6549C,0x08CF4D9C,5184924,55,55,,LF x1,記録メディアに既にデータが存在します。\n上書きしますか？,Data already exists on the memory stick.\nOverwrite it?,54,novo,revisar,,,
dialogo_save,0x08D654A0,0x08CF4DD4,5184980,73,75,,LF x1,スリープモードに移行したため、セーブが中断されました。\nやりなおしますか？,Saving was interrupted by sleep mode.\nTry again?,48,novo,revisar,,,
dialogo_save,0x08D654A4,0x08CF4E20,5185056,73,75,,LF x1,スリープモードに移行したため、ロードが中断されました。\nやりなおしますか？,Loading was interrupted by sleep mode.\nTry again?,49,novo,revisar,,,
dialogo_save,0x08D654A8,0x08CF4E6C,5185132,36,39,,,セーブデータを読み込みませんでした。,The save data was not loaded.,29,novo,revisar,,,
dialogo_save,0x08D654AC,0x08CF4E94,5185172,65,67,,LF x1,セーブデータのバージョンが違います。\nロードをキャンセルしました。,The save data version does not match.\nLoading was cancelled.,60,novo,revisar,,,
dialogo_save,0x08D654B0,0x08CF4ED8,5185240,91,91,,LF x1,インストールデータがロードできませんでした。\nデータインストールを『ＯＦＦ』に設定しました。,The install data could not be loaded.\nData Install has been set to OFF.,71,novo,revisar,『ＯＦＦ』 de largura plena vira OFF,,
dialogo_save,0x08D654B4,0x08CF4F34,5185332,107,111,,LF x1,インストールデータが破損しているためロードできませんでした。\nデータインストールを『ＯＦＦ』に設定しました。,The install data is corrupted and could\nnot be loaded. Data Install set to OFF.,79,novo,revisar,,,
