id,va_ponteiro,va_string,off_arquivo,bytes_jp,slot_inplace,control_codes,original,traducao,bytes_usados,status,nota
0,0x08D65740,0x08CF6004,5189636,6,7,,名前：,,,pendente,
1,0x08D65744,0x08CF600C,5189644,6,7,,性別：,,,pendente,
2,0x08D65748,0x08CF6014,5189652,6,7,,職業：,,,pendente,
3,0x08D6574C,0x08CF601C,5189660,10,11,,身長・体型,,,pendente,
4,0x08D65750,0x08CF6028,5189672,4,7,,髪型,,,pendente,
5,0x08D65754,0x08CF6030,5189680,2,3,,顔,,,pendente,
6,0x08D65758,0x08CF6034,5189684,6,7,,肌の色,,,pendente,
7,0x08D6575C,0x08CF603C,5189692,10,11,,勝利ポーズ,,,pendente,
8,0x08D65760,0x08CF6048,5189704,12,15,,ボイスタイプ,,,pendente,
9,0x08D65764,0x08CF6058,5189720,14,15,,ランダムで選ぶ,,,pendente,
10,0x08D65768,0x08CF6068,5189736,4,7,,決定,,,pendente,
11,0x08D6576C,0x08CF6070,5189744,30,31,,キャラクターの名前を設定します,,,pendente,
12,0x08D65770,0x08CF6090,5189776,30,31,,キャラクターの性別を設定します,,,pendente,
13,0x08D65774,0x08CF60B0,5189808,30,31,,ゲーム開始時の職業を設定します,,,pendente,
14,0x08D65778,0x08CF60D0,5189840,36,39,,キャラクターの身長・体型を設定します,,,pendente,
15,0x08D6577C,0x08CF60F8,5189880,28,31,,キャラクターの髪を設定します,,,pendente,
16,0x08D65780,0x08CF6118,5189912,32,35,,キャラクターの目と口を設定します,,,pendente,
17,0x08D65784,0x08CF613C,5189948,32,35,,キャラクターの肌の色を設定します,,,pendente,
18,0x08D65788,0x08CF6160,5189984,30,31,,戦闘勝利時のポーズを設定します,,,pendente,
19,0x08D6578C,0x08CF6180,5190016,26,27,,戦闘時のボイスを設定します,,,pendente,
20,0x08D65790,0x08CF619C,5190044,34,35,,ランダムでキャラクターを作成します,,,pendente,
21,0x08D65794,0x08CF61C0,5190080,40,43,,キャラクターを決定し、ゲームを開始します,,,pendente,
22,0x08D65798,0x08CF61EC,5190124,24,27,,キャラクターを決定します,,,pendente,
23,0x08D6579C,0x08CF6208,5190152,22,23,,タイトルへ戻りますか？,,,pendente,
24,0x08D657A0,0x08CF6220,5190176,51,51,LF,"キャラリメイクを中断して、
変更前の姿に戻しますか？",,,pendente,
25,0x08D657A4,0x08CF6254,5190228,30,31,,キャラクター名を入力して下さい,,,pendente,
26,0x08D657A8,0x08CF6274,5190260,24,27,,名前が設定されていません,,,pendente,
27,0x08D657AC,0x08CF6290,5190288,10,11,,プレイヤー,,,pendente,
28,0x08D657B0,0x08CF629C,5190300,2,3,,女,,,pendente,
29,0x08D657B4,0x08CF62A0,5190304,2,3,,男,,,pendente,
30,0x08D657B8,0x08CF62A4,5190308,4,7,,戦士,,,pendente,
31,0x08D657BC,0x08CF62AC,5190316,4,7,,剣士,,,pendente,
32,0x08D657C0,0x08CF62B4,5190324,8,11,,魔法剣士,,,pendente,
33,0x08D657C4,0x08CF62C0,5190336,6,7,,格闘家,,,pendente,
34,0x08D657C8,0x08CF62C8,5190344,4,7,,狩人,,,pendente,
35,0x08D657CC,0x08CF62D0,5190352,4,7,,盗賊,,,pendente,
36,0x08D657D0,0x08CF62D8,5190360,4,7,,忍者,,,pendente,
37,0x08D657D4,0x08CF62E0,5190368,6,7,,魔術師,,,pendente,
38,0x08D657D8,0x08CF62E8,5190376,4,7,,僧侶,,,pendente,
39,0x08D657DC,0x08CF62F0,5190384,10,11,,ビショップ,,,pendente,
40,0x08D657E0,0x08CF62FC,5190396,6,7,,双剣士,,,pendente,
41,0x08D657E4,0x08CF6304,5190404,6,7,,大剣士,,,pendente,
42,0x08D657E8,0x08CF630C,5190412,6,7,,モンク,,,pendente,
43,0x08D657EC,0x08CF6314,5190420,4,7,,海賊,,,pendente,
44,0x08D657F0,0x08CF631C,5190428,6,7,,聖騎士,,,pendente,
45,0x08D657F4,0x08CF6324,5190436,8,11,,ガンマン,,,pendente,
46,0x08D657F8,0x08CF6330,5190448,53,55,LF,"強力な武器で攻撃を行う近接戦向けの職業
（初心者向け）",,,pendente,
47,0x08D657FC,0x08CF6368,5190504,35,35,LF,"多彩な剣技を持つ職業
（初心者向け）",,,pendente,
48,0x08D65800,0x08CF638C,5190540,36,39,,剣技と攻撃術の両方を駆使出来る万能職,,,pendente,
49,0x08D65804,0x08CF63B4,5190580,53,55,LF,"拳による肉弾戦を得意とする格闘系の職業
（中級者向け）",,,pendente,
50,0x08D65808,0x08CF63EC,5190636,47,47,LF,"弓による遠隔攻撃を得意とする職業
（中級者向け）",,,pendente,
51,0x08D6580C,0x08CF641C,5190684,57,59,LF,"短剣による素早い攻撃と盗みを得意とする職業
（中級者向け）",,,pendente,
52,0x08D65810,0x08CF6458,5190744,40,43,,忍術と呼ばれる特殊な体術を得意とする職業,,,pendente,
53,0x08D65814,0x08CF6484,5190788,53,55,LF,"攻撃に特化した術を得意とする職業
（中級〜上級者向け）",,,pendente,
54,0x08D65818,0x08CF64BC,5190844,53,55,LF,"回復、補助系の術を得意とする職業
（中級〜上級者向け）",,,pendente,
55,0x08D6581C,0x08CF64F4,5190900,38,39,,攻撃術と回復術の両方を得意とする万能職,,,pendente,
56,0x08D65820,0x08CF651C,5190940,38,39,,左右に持つ二本の剣を駆使する亜流の剣士,,,pendente,
57,0x08D65824,0x08CF6544,5190980,40,43,,身の丈程の大剣を駆使するパワーファイター,,,pendente,
58,0x08D65828,0x08CF6570,5191024,38,39,,気の力による回復の技を兼ね備えた格闘職,,,pendente,
59,0x08D6582C,0x08CF6598,5191064,46,47,,銃による遠隔攻撃と短剣による近接攻撃を併せ持つ,,,pendente,
60,0x08D65830,0x08CF65C8,5191112,42,43,,大剣による攻撃力と補助術を兼ね備えた万能職,,,pendente,
61,0x08D65834,0x08CF65F4,5191156,51,51,LF,"二丁の拳銃で高速な攻撃を繰り出す職業
（中級者向け）",,,pendente,
62,0x08D65838,0x08CF6628,5191208,4,7,,身長,,,pendente,
63,0x08D6583C,0x08CF6630,5191216,4,7,,体型,,,pendente,
64,0x08D65840,0x08CF6638,5191224,16,19,,身長を設定します,,,pendente,
65,0x08D65844,0x08CF664C,5191244,16,19,,体型を設定します,,,pendente,
66,0x08D65848,0x08CF6660,5191264,8,11,,髪型選択,,,pendente,
67,0x08D6584C,0x08CF666C,5191276,10,11,,オプション,,,pendente,
68,0x08D65850,0x08CF6678,5191288,4,7,,髪色,,,pendente,
69,0x08D65854,0x08CF6680,5191296,30,31,,キャラクターの髪型を設定します,,,pendente,
70,0x08D65858,0x08CF66A0,5191328,40,43,,キャラクターの髪にオプションを設定します,,,pendente,
71,0x08D6585C,0x08CF66CC,5191372,30,31,,キャラクターの髪色を設定します,,,pendente,
72,0x08D65860,0x08CF66EC,5191404,12,15,,髪パターン１,,,pendente,
73,0x08D65864,0x08CF66FC,5191420,12,15,,髪パターン２,,,pendente,
74,0x08D65868,0x08CF670C,5191436,12,15,,髪パターン３,,,pendente,
75,0x08D6586C,0x08CF671C,5191452,12,15,,髪パターン４,,,pendente,
76,0x08D65870,0x08CF672C,5191468,12,15,,髪パターン５,,,pendente,
77,0x08D65874,0x08CF673C,5191484,12,15,,髪パターン６,,,pendente,
78,0x08D65878,0x08CF674C,5191500,12,15,,髪パターン７,,,pendente,
79,0x08D6587C,0x08CF675C,5191516,12,15,,髪パターン８,,,pendente,
80,0x08D65880,0x08CF676C,5191532,12,15,,髪パターン９,,,pendente,
81,0x08D65884,0x08CF677C,5191548,14,15,,髪パターン１０,,,pendente,
82,0x08D65888,0x08CF678C,5191564,14,15,,髪パターン１１,,,pendente,
83,0x08D6588C,0x08CF679C,5191580,14,15,,髪パターン１２,,,pendente,
84,0x08D65890,0x08CF67AC,5191596,14,15,,髪パターン１３,,,pendente,
85,0x08D65894,0x08CF67BC,5191612,14,15,,髪パターン１４,,,pendente,
86,0x08D65898,0x08CF67CC,5191628,14,15,,髪パターン１５,,,pendente,
87,0x08D6589C,0x08CF67DC,5191644,14,15,,髪パターン１６,,,pendente,
88,0x08D658A0,0x08CF67EC,5191660,14,15,,髪パターン１７,,,pendente,
89,0x08D658A4,0x08CF67FC,5191676,14,15,,髪パターン１８,,,pendente,
90,0x08D658A8,0x08CF680C,5191692,14,15,,髪パターン１９,,,pendente,
91,0x08D658AC,0x08CF681C,5191708,14,15,,髪パターン２０,,,pendente,
92,0x08D658B0,0x08CF682C,5191724,14,15,,ノーオプション,,,pendente,
93,0x08D658B4,0x08CF683C,5191740,12,15,,オプション１,,,pendente,
94,0x08D658B8,0x08CF684C,5191756,12,15,,オプション２,,,pendente,
95,0x08D658BC,0x08CF685C,5191772,12,15,,オプション３,,,pendente,
96,0x08D658C0,0x08CF686C,5191788,12,15,,オプション４,,,pendente,
97,0x08D658C4,0x08CF687C,5191804,12,15,,オプション５,,,pendente,
98,0x08D658C8,0x08CF688C,5191820,12,15,,オプション６,,,pendente,
99,0x08D658CC,0x08CF689C,5191836,12,15,,オプション７,,,pendente,
100,0x08D658D0,0x08CF68AC,5191852,12,15,,オプション８,,,pendente,
101,0x08D658D4,0x08CF68BC,5191868,12,15,,オプション９,,,pendente,
102,0x08D658D8,0x08CF68CC,5191884,14,15,,オプション１０,,,pendente,
103,0x08D658DC,0x08CF68DC,5191900,14,15,,オプション１１,,,pendente,
104,0x08D658E0,0x08CF68EC,5191916,14,15,,オプション１２,,,pendente,
105,0x08D658E4,0x08CF68FC,5191932,14,15,,オプション１３,,,pendente,
106,0x08D658E8,0x08CF690C,5191948,14,15,,オプション１４,,,pendente,
107,0x08D658EC,0x08CF691C,5191964,14,15,,オプション１５,,,pendente,
108,0x08D658F0,0x08CF692C,5191980,10,11,,目のタイプ,,,pendente,
109,0x08D658F4,0x08CF6938,5191992,8,11,,両目の色,,,pendente,
110,0x08D658F8,0x08CF6944,5192004,8,11,,右目の色,,,pendente,
111,0x08D658FC,0x08CF6950,5192016,8,11,,左目の色,,,pendente,
112,0x08D65900,0x08CF695C,5192028,10,11,,口のタイプ,,,pendente,
113,0x08D65904,0x08CF6968,5192040,36,39,,キャラクターの目のタイプを設定します,,,pendente,
114,0x08D65908,0x08CF6990,5192080,20,23,,両目の色を設定します,,,pendente,
115,0x08D6590C,0x08CF69A8,5192104,20,23,,右目の色を設定します,,,pendente,
116,0x08D65910,0x08CF69C0,5192128,20,23,,左目の色を設定します,,,pendente,
117,0x08D65914,0x08CF69D8,5192152,36,39,,キャラクターの口のタイプを設定します,,,pendente,
118,0x08D65918,0x08CF6A00,5192192,12,15,,目パターン１,,,pendente,
119,0x08D6591C,0x08CF6A10,5192208,12,15,,目パターン２,,,pendente,
120,0x08D65920,0x08CF6A20,5192224,12,15,,目パターン３,,,pendente,
121,0x08D65924,0x08CF6A30,5192240,12,15,,目パターン４,,,pendente,
122,0x08D65928,0x08CF6A40,5192256,12,15,,目パターン５,,,pendente,
123,0x08D6592C,0x08CF6A50,5192272,12,15,,目パターン６,,,pendente,
124,0x08D65930,0x08CF6A60,5192288,12,15,,目パターン７,,,pendente,
125,0x08D65934,0x08CF6A70,5192304,12,15,,目パターン８,,,pendente,
126,0x08D65938,0x08CF6A80,5192320,12,15,,目パターン９,,,pendente,
127,0x08D6593C,0x08CF6A90,5192336,14,15,,目パターン１０,,,pendente,
128,0x08D65940,0x08CF6AA0,5192352,14,15,,目パターン１１,,,pendente,
129,0x08D65944,0x08CF6AB0,5192368,14,15,,目パターン１２,,,pendente,
130,0x08D65948,0x08CF6AC0,5192384,14,15,,目パターン１３,,,pendente,
131,0x08D6594C,0x08CF6AD0,5192400,14,15,,目パターン１４,,,pendente,
132,0x08D65950,0x08CF6AE0,5192416,14,15,,目パターン１５,,,pendente,
133,0x08D65954,0x08CF6AF0,5192432,14,15,,目パターン１６,,,pendente,
134,0x08D65958,0x08CF6B00,5192448,14,15,,目パターン１７,,,pendente,
135,0x08D6595C,0x08CF6B10,5192464,14,15,,目パターン１８,,,pendente,
136,0x08D65960,0x08CF6B20,5192480,14,15,,目パターン１９,,,pendente,
137,0x08D65964,0x08CF6B30,5192496,14,15,,目パターン２０,,,pendente,
138,0x08D65968,0x08CF6B40,5192512,14,15,,目パターン２１,,,pendente,
139,0x08D6596C,0x08CF6B50,5192528,14,15,,目パターン２２,,,pendente,
140,0x08D65970,0x08CF6B60,5192544,14,15,,目パターン２３,,,pendente,
141,0x08D65974,0x08CF6B70,5192560,14,15,,目パターン２４,,,pendente,
142,0x08D65978,0x08CF6B80,5192576,14,15,,目パターン２５,,,pendente,
143,0x08D6597C,0x08CF6B90,5192592,14,15,,目パターン２６,,,pendente,
144,0x08D65980,0x08CF6BA0,5192608,14,15,,目パターン２７,,,pendente,
145,0x08D65984,0x08CF6BB0,5192624,14,15,,目パターン２８,,,pendente,
146,0x08D65988,0x08CF6BC0,5192640,14,15,,目パターン２９,,,pendente,
147,0x08D6598C,0x08CF6BD0,5192656,14,15,,目パターン３０,,,pendente,
148,0x08D65990,0x08CF6BE0,5192672,12,15,,口パターン１,,,pendente,
149,0x08D65994,0x08CF6BF0,5192688,12,15,,口パターン２,,,pendente,
150,0x08D65998,0x08CF6C00,5192704,12,15,,口パターン３,,,pendente,
151,0x08D6599C,0x08CF6C10,5192720,12,15,,口パターン４,,,pendente,
152,0x08D659A0,0x08CF6C20,5192736,12,15,,口パターン５,,,pendente,
153,0x08D659A4,0x08CF6C30,5192752,12,15,,口パターン６,,,pendente,
154,0x08D659A8,0x08CF6C40,5192768,12,15,,口パターン７,,,pendente,
155,0x08D659AC,0x08CF6C50,5192784,12,15,,口パターン８,,,pendente,
156,0x08D659B0,0x08CF6C60,5192800,12,15,,口パターン９,,,pendente,
157,0x08D659B4,0x08CF6C70,5192816,14,15,,口パターン１０,,,pendente,
158,0x08D659B8,0x08CF6C80,5192832,14,15,,口パターン１１,,,pendente,
159,0x08D659BC,0x08CF6C90,5192848,14,15,,口パターン１２,,,pendente,
160,0x08D659C0,0x08CF6CA0,5192864,14,15,,口パターン１３,,,pendente,
161,0x08D659C4,0x08CF6CB0,5192880,14,15,,口パターン１４,,,pendente,
162,0x08D659C8,0x08CF6CC0,5192896,14,15,,口パターン１５,,,pendente,
163,0x08D659CC,0x08CF6CD0,5192912,14,15,,口パターン１６,,,pendente,
164,0x08D659D0,0x08CF6CE0,5192928,14,15,,口パターン１７,,,pendente,
165,0x08D659D4,0x08CF6CF0,5192944,14,15,,口パターン１８,,,pendente,
166,0x08D659D8,0x08CF6D00,5192960,14,15,,口パターン１９,,,pendente,
167,0x08D659DC,0x08CF6D10,5192976,14,15,,口パターン２０,,,pendente,
168,0x08D659E0,0x08CF6D20,5192992,10,11,,パターン１,,,pendente,
169,0x08D659E4,0x08CF6D2C,5193004,10,11,,パターン２,,,pendente,
170,0x08D659E8,0x08CF6D38,5193016,10,11,,パターン３,,,pendente,
171,0x08D659EC,0x08CF6D44,5193028,10,11,,パターン４,,,pendente,
172,0x08D659F0,0x08CF6D50,5193040,10,11,,パターン５,,,pendente,
173,0x08D659F4,0x08CF6D5C,5193052,10,11,,パターン６,,,pendente,
174,0x08D659F8,0x08CF6D68,5193064,16,19,,ボイスパターン１,,,pendente,
175,0x08D659FC,0x08CF6D7C,5193084,16,19,,ボイスパターン２,,,pendente,
176,0x08D65A00,0x08CF6D90,5193104,16,19,,ボイスパターン３,,,pendente,
177,0x08D65A04,0x08CF6DA4,5193124,16,19,,ボイスパターン４,,,pendente,
178,0x08D65A08,0x08CF6DB8,5193144,16,19,,ボイスパターン５,,,pendente,
179,0x08D65A0C,0x08CF6DCC,5193164,16,19,,ボイスパターン６,,,pendente,
180,0x08D65A10,0x08CF6DE0,5193184,16,19,,ボイスパターン７,,,pendente,
181,0x08D65A14,0x08CF6DF4,5193204,16,19,,ボイスパターン８,,,pendente,
182,0x08D65A18,0x08CF6E08,5193224,16,19,,ボイスパターン９,,,pendente,
183,0x08D65A1C,0x08CF6E1C,5193244,18,19,,ボイスパターン１０,,,pendente,
184,0x08D65A20,0x08CF6E30,5193264,18,19,,ボイスパターン１１,,,pendente,
185,0x08D65A24,0x08CF6E44,5193284,18,19,,ボイスパターン１２,,,pendente,
186,0x08D65A28,0x08CF6E58,5193304,18,19,,ボイスパターン１３,,,pendente,
187,0x08D65A2C,0x08CF6E6C,5193324,18,19,,ボイスパターン１４,,,pendente,
188,0x08D65A30,0x08CF6E80,5193344,18,19,,ボイスパターン１５,,,pendente,
189,0x08D65A34,0x08CF6E94,5193364,18,19,,ボイスパターン１６,,,pendente,
190,0x08D65A38,0x08CF6EA8,5193384,18,19,,ボイスパターン１７,,,pendente,
191,0x08D65A3C,0x08CF6EBC,5193404,18,19,,ボイスパターン１８,,,pendente,
192,0x08D65A40,0x08CF6ED0,5193424,18,19,,ボイスパターン１９,,,pendente,
193,0x08D65A44,0x08CF6EE4,5193444,18,19,,ボイスパターン２０,,,pendente,
194,0x08D65A48,0x08CF6EF8,5193464,24,27,,ランダムで作成しますか？,,,pendente,
195,0x08D65A4C,0x08CF6F14,5193492,32,35,,このキャラクターに決定しますか？,,,pendente,
