bloco,va_ponteiro,va_string,bytes_jp,traducao,id,original,arena_ini,arena_fim
arena__s1,0x08D184CC,0x08D15060,0,,vazia#0,,0x08D15058,0x08D151DF
arena__s1,0x08D1C5A4,0x08D15060,0,,vazia#1,,0x08D15058,0x08D151DF
avisos__s1,0x08D6412C,0x08CE0704,0,,vazia#2,,0x08CE06C4,0x08CE0965
avisos__s1,0x08D64140,0x08CE0704,0,,vazia#3,,0x08CE06C4,0x08CE0965
avisos__s1,0x08D64154,0x08CE0704,0,,vazia#4,,0x08CE06C4,0x08CE0965
avisos__s1,0x08D64168,0x08CE0704,0,,vazia#5,,0x08CE06C4,0x08CE0965
avisos__s1,0x08D641A4,0x08CE0704,0,,vazia#6,,0x08CE06C4,0x08CE0965
avisos__s1,0x08D641B8,0x08CE0704,0,,vazia#7,,0x08CE06C4,0x08CE0965
avisos__s1,0x08D641CC,0x08CE0704,0,,vazia#8,,0x08CE06C4,0x08CE0965
avisos__s1,0x08D641E0,0x08CE0704,0,,vazia#9,,0x08CE06C4,0x08CE0965
avisos__s1,0x08D641F4,0x08CE0704,0,,vazia#10,,0x08CE06C4,0x08CE0965
avisos__s1,0x08D64208,0x08CE0704,0,,vazia#11,,0x08CE06C4,0x08CE0965
avisos__s1,0x08D6421C,0x08CE0704,0,,vazia#12,,0x08CE06C4,0x08CE0965
avisos__s1,0x08D64230,0x08CE0704,0,,vazia#13,,0x08CE06C4,0x08CE0965
ui__s25,0x08D65E88,0x08CF86D8,0,,vazia#14,,0x08CF863C,0x08CF8847
ui__s25,0x08D65EAC,0x08CF86D8,0,,vazia#15,,0x08CF863C,0x08CF8847
ui__s25,0x08D65F10,0x08CF86D8,0,,vazia#16,,0x08CF863C,0x08CF8847
ui__s25,0x08D65F20,0x08CF86D8,0,,vazia#17,,0x08CF863C,0x08CF8847
ui__s31,0x08D660E8,0x08CF91A0,0,,vazia#18,,0x08CF9190,0x08CF93F3
ui__s59,0x08D66814,0x08CFB0AC,0,,vazia#19,,0x08CFB00C,0x08CFB24D
