id,cena,ordem,ator,falante,tipo,idx_string,bytes_jp,repetida,control_codes,original,traducao,status,nota
sev01_010.scr:0,sev01_010.scr,0,62,アンジュ,personagem,0,58,,CRLF x1,今回はミントからの依頼で、\nオルタータ火山へ行ってもらうね,"Mint has a request for us this time,\nso I need you to go to Alterata Volcano.",validado,
sev01_010.scr:1,sev01_010.scr,1,62,アンジュ,personagem,1,24,,,で、何をするかと言うと…,As for what you'll be doing...,validado,
sev01_010.scr:2,sev01_010.scr,2,62,アンジュ,personagem,3,88,,CRLF x2,アーチェが持って来てくれた\n「ソーサラーリング」に、自然界の息吹を\n注入してきて欲しいの,I'd like you to imbue the Sorcerer's Ring\nthat Arche brought with the breath\nof nature.,validado,
sev01_010.scr:3,sev01_010.scr,3,2,ミント,personagem,4,62,,CRLF x1,自然界の息吹とは、自然のエネルギーと\n捉えていただいて結構です,You can think of the breath of nature\nas natural energy.,validado,
sev01_010.scr:4,sev01_010.scr,4,2,ミント,personagem,5,106,,CRLF x2,そのエネルギーを注入する場所を、\n「リングスポット」と言い、そこで初めて\nソーサラーリングに効力が宿ります,The place where you imbue that energy\nis called a Ring Spot. That is where the\nSorcerer's Ring will gain its power.,validado,
sev01_010.scr:5,sev01_010.scr,5,62,アンジュ,personagem,6,80,,CRLF x2,まあ、何が出来るかといえば、\n宿らせたエネルギーを\nリングで撃てる様になるのかな,"Well, as for what it can do,\nI guess you'll be able to shoot the\nimbued energy from the ring.",validado,
sev01_010.scr:6,sev01_010.scr,6,62,アンジュ,personagem,7,54,,CRLF x1,ま、あちこちで役に立つものだし、\n損になる事は無いから,"Well, it'll come in handy all over,\nso it certainly won't hurt.",validado,
sev01_010.scr:7,sev01_010.scr,7,62,アンジュ,personagem,8,58,,CRLF x1,ええっと、今回の同行者は\nユージーンさんとチャットの二人よ,"Let's see, your companions this time\nwill be Eugene and Chat.",validado,
sev01_010.scr:8,sev01_010.scr,8,62,アンジュ,personagem,9,56,,CRLF x1,それじゃあ、ソーサラーリングを預けるから\nあとはお願いね,"So, I'll hand over the Sorcerer's Ring.\nI'm counting on you!",validado,
sev01_020.scr:0,sev01_020.scr,0,24,チャット,personagem,0,86,,CRLF x2,アンジュさん…。\nボクが、毛がフサフサなのを苦手だと\n知っていながら、この組み合わせ…,"Ange...\nYou knew I don't do well with fluffy\nfur, and yet you paired us up...",validado,
sev01_020.scr:1,sev01_020.scr,1,39,ユージーン,personagem,1,32,,CRLF x1,どうした、チャット。\n忘れ物か？,"What's wrong, Chat?\nDid you forget something?",validado,
sev01_020.scr:2,sev01_020.scr,2,24,チャット,personagem,2,46,,CRLF x1,うわっ…！？\nあ、あまり近寄らないで下さい！！,"Whoa...!?\nD-Don't come so close, please!!",validado,
sev01_020.scr:3,sev01_020.scr,3,24,チャット,personagem,3,94,,CRLF x2,そ、それより、\nボクを子ども扱いしないで下さいよ！\n発つ前にちゃんと準備万端にしてますってば！,"M-More importantly,\ndon't treat me like a kid!\nI was fully prepared before leaving!",validado,
sev01_020.scr:4,sev01_020.scr,4,39,ユージーン,personagem,4,76,,CRLF x2,そうか、それは悪かったな。\nしかし、今回はお前のその小さい身体が\n必要になる,"I see. My apologies, then.\nHowever, we need that small body of\nyours for this mission.",validado,
sev01_020.scr:5,sev01_020.scr,5,39,ユージーン,personagem,5,64,,CRLF x2,俺と○○は、\nお前にしか出来ない仕事をする間の\n護衛というわけだ,○○ and I are your bodyguards\nwhile you do a job\nonly you can handle.,validado,
sev01_020.scr:6,sev01_020.scr,6,24,チャット,personagem,6,28,,,な、何をさせる気なんですか？,W-What are you going to make me do?,validado,
sev01_020.scr:7,sev01_020.scr,7,39,ユージーン,personagem,7,12,,,行けばわかる,You'll see once we get there.,validado,
sev01_030.scr:0,sev01_030.scr,0,24,チャット,personagem,1,52,,CRLF x1,ここは通れないんでしょう？\n進めないじゃないですか！,"We can't get through here, right?\nWe can't move forward at all!",validado,
sev01_030.scr:1,sev01_030.scr,1,39,ユージーン,personagem,2,30,,,この扉は、向こう側からなら開く,This door opens from the other side.,validado,
sev01_030.scr:2,sev01_030.scr,2,24,チャット,personagem,3,50,,CRLF x1,そう言っても、\nどうやって向こう側へ行くんですか？,"Even so,\nhow are we supposed to get over there?",validado,
sev01_030.scr:3,sev01_030.scr,3,39,ユージーン,personagem,4,22,,,それがお前の仕事になる,That is where your job comes in.,validado,
sev01_030.scr:4,sev01_030.scr,4,39,ユージーン,personagem,5,56,,CRLF x1,壁に穴があるだろう。\nあの穴は、扉の向こう側へ続いている,"There's a hole in the wall, right?\nThat hole leads to the other side.",validado,
sev01_030.scr:5,sev01_030.scr,5,24,チャット,personagem,6,74,,CRLF x2,ええ！！\nバンエルティア号の船長であるボクに\n何かあったらどうするんですか,"What?!\nWhat if something happens to me,\nthe captain of the Van Eltia?!",validado,
sev01_030.scr:6,sev01_030.scr,6,39,ユージーン,personagem,7,34,,CRLF x1,もしもの為に俺達がいる。\n安心しろ,We are here just in case.\nDon't worry.,validado,
sev01_030.scr:7,sev01_030.scr,7,39,ユージーン,personagem,8,58,,CRLF x1,それとも出来ないと言うならば、\n他の者に代わってもらうか？,"Or if you say you cannot do it,\nshould we have someone replace you?",validado,
sev01_030.scr:8,sev01_030.scr,8,24,チャット,personagem,9,38,,CRLF x1,で、出来ますよ！！\nボクが行きます！！,I-I can do it!!\nI'll go!!,validado,
sev01_030.scr:9,sev01_030.scr,9,24,チャット,personagem,10,8,,,う………,Ugh...,validado,
sev01_030.scr:10,sev01_030.scr,10,24,チャット,personagem,11,54,,CRLF x1,（奥にフサフサのネズミとかいたら…、\n　どうしよう…）,(What if there's a fluffy mouse\n inside...? What do I do...?),validado,
sev01_030.scr:11,sev01_030.scr,11,39,ユージーン,personagem,12,26,,CRLF x1,どうした。\n何かいるのか？,What is it?\nIs something there?,validado,
sev01_030.scr:12,sev01_030.scr,12,24,チャット,personagem,13,34,,,うわぁぁああ、こっちもフサフサ！！,"Waaagh, you're fluffy too!!",validado,
sev01_030.scr:13,sev01_030.scr,13,24,チャット,personagem,14,54,,CRLF x1,こっちに来ないで下さい！\n行きます、行きますってば！！,"Don't come over here!\nI'm going, I'm going already!!",validado,
sev01_030.scr:14,sev01_030.scr,14,24,チャット,personagem,15,24,,,…どうぞ、…開きましたよ,...Here you go... It's open.,validado,
sev01_030.scr:15,sev01_030.scr,15,39,ユージーン,personagem,16,20,,,よくやった、チャット,"Well done, Chat.",validado,
sev01_030.scr:16,sev01_030.scr,16,39,ユージーン,personagem,17,36,,,しかし、その帽子で、よく穴を通れたな,"Still, you managed through with that hat.",validado,
sev01_030.scr:17,sev01_030.scr,17,24,チャット,personagem,18,40,,CRLF x1,………そうですね。\n…我ながら不思議です,.........You're right.\n...Even I find it baffling.,validado,
sev01_040.scr:0,sev01_040.scr,0,39,ユージーン,personagem,1,28,,,む…、あれはフィアブロンクか,Hm... Is that a Fiabronk?,validado,
sev01_040.scr:1,sev01_040.scr,1,39,ユージーン,personagem,2,36,,CRLF x1,○○はともかく、\nチャットは大丈夫か,"Never mind ○○,\nare you all right, Chat?",validado,
sev01_040.scr:2,sev01_040.scr,2,24,チャット,personagem,3,58,,CRLF x1,馬鹿にしないで下さい。\n毛が無い相手なら、恐くありません！,Don't mock me!\nI'm not scared if it doesn't have fur!,validado,
sev01_040.scr:3,sev01_040.scr,3,39,ユージーン,personagem,4,24,,,…そいつは頼もしい言葉だ,...Those are reassuring words.,validado,
sev01_040.scr:4,sev01_040.scr,4,39,ユージーン,personagem,5,14,,,では、行くぞ！,"Well then, let's go!",validado,
sev01_050.scr:0,sev01_050.scr,0,39,ユージーン,personagem,1,34,,CRLF x1,倒さねば、\n仕事は完了しないからな,"If we do not defeat it,\nthe job will not be complete.",validado,
sev01_050.scr:1,sev01_050.scr,1,39,ユージーン,personagem,2,8,,,行くぞ！,Let's go!,validado,
sev01_060.scr:0,sev01_060.scr,0,39,ユージーン,personagem,0,32,,CRLF x1,さあ、目指すはこの先だ。\n行くぞ,Our destination lies just ahead.\nLet's go.,validado,
sev01_070.scr:0,sev01_070.scr,0,39,ユージーン,personagem,1,22,,,ここがリングスポットだ,This is the Ring Spot.,validado,
sev01_070.scr:1,sev01_070.scr,1,39,ユージーン,personagem,2,58,,CRLF x2,○○。\nはめているソーサラーリングを\nあの台にかざしてみろ,○○.\nHold the Sorcerer's Ring you're wearing\nover that pedestal.,validado,
sev01_070.scr:2,sev01_070.scr,2,39,ユージーン,personagem,4,48,,CRLF x1,これで、ソーサラーリングに\n自然界の息吹が宿った,"With this, the breath of nature has\nbeen imbued into the Sorcerer's Ring.",validado,
sev01_070.scr:3,sev01_070.scr,3,24,チャット,personagem,5,28,,,扉が閉まってしまいましたよ！,The door shut completely!,validado,
sev01_070.scr:4,sev01_070.scr,4,39,ユージーン,personagem,6,26,,,大体の仕掛けはわかっている,I understand how this mechanism works.,validado,
sev01_070.scr:5,sev01_070.scr,5,39,ユージーン,personagem,7,68,,CRLF x2,後に、ソーサラーリング用の\nスイッチがある。\n○○、あれを撃ってみろ,"There's a switch behind us for\nthe Sorcerer's Ring.\n○○, shoot that.",validado,
sev01_070.scr:6,sev01_070.scr,6,,(mensagem de sistema),sistema,8,48,,CRLF x1,ソーサラーリングは、\n□ボタンで撃つ事が出来ます,You can shoot the Sorcerer's Ring\nwith the Square button.,validado,
sev01_080.scr:0,sev01_080.scr,0,39,ユージーン,personagem,0,28,,CRLF x1,やはりな。\nそういう仕掛けか,Just as I thought.\nSo that's how the gimmick works.,validado,
sev01_080.scr:1,sev01_080.scr,1,24,チャット,personagem,1,58,,CRLF x2,良かった…。\nこのまま閉じ込められるのかと\n思いましたよ…,Thank goodness...\nI thought we were going to be\ntrapped in here forever...,validado,
sev01_080.scr:2,sev01_080.scr,2,39,ユージーン,personagem,2,54,,CRLF x1,今の様に、ソーサラーリングでしか\n道を作れない所がある,"Like just now, there are places where\nonly the Sorcerer's Ring can open a path.",validado,
sev01_080.scr:3,sev01_080.scr,3,39,ユージーン,personagem,3,86,,CRLF x2,このリングを持っていれば、\n今まで行く事が出来なかった場所も\nこうして行ける様になるぞ,"As long as you have this ring,\nyou will be able to reach places\nthat were previously inaccessible.",validado,
sev01_080.scr:4,sev01_080.scr,4,39,ユージーン,personagem,4,40,,CRLF x1,では、この仕事は終わりだ。\n戻るとしよう,"With that, our job here is done.\nLet us return.",validado,
sev01_090.scr:0,sev01_090.scr,0,62,アンジュ,personagem,0,10,,,お疲れ様！,Good work!,validado,
sev01_090.scr:1,sev01_090.scr,1,62,アンジュ,personagem,1,100,,CRLF x2,ソーサラーリングはまだ効力を上げる事が\n出来るから、新しいリングスポットが\nわかったら教えてあげるね,"The Sorcerer's Ring can still gain more\npower, so I'll let you know once\nwe find a new Ring Spot.",validado,
sev01_090.scr:2,sev01_090.scr,2,62,アンジュ,personagem,2,70,,CRLF x2,あ、そうそう。\nリングはあなたに預けておくから、\n役立ててちょうだいね,"Oh, that's right.\nI'll leave the ring in your care,\nso be sure to make good use of it!",validado,
sev02_010.scr:0,sev02_010.scr,0,22,キール,personagem,0,52,,CRLF x2,アンジュ。\n新しいリングスポットの場所が\nわかったぞ,Ange.\nI've found the location of a new\nRing Spot.,validado,
sev02_010.scr:1,sev02_010.scr,1,62,アンジュ,personagem,1,16,,,まあ、ほんとに？,"My, really?",validado,
sev02_010.scr:2,sev02_010.scr,2,22,キール,personagem,2,94,,CRLF x2,場所はカダイフ砂漠だ。\nここで新たな自然界の息吹を得れば、\nリングに新しい機能が生まれるはずだ,"The location is Kadaif Desert.\nIf we receive a new breath of nature\nthere, the ring should gain a new power.",validado,
sev02_010.scr:3,sev02_010.scr,3,62,アンジュ,personagem,3,14,,,○○、聞いた？,"Did you hear that, ○○?",validado,
sev02_010.scr:4,sev02_010.scr,4,62,アンジュ,personagem,4,66,,CRLF x1,あなたが持ってるソーサラーリング、\nもっと使える様にして欲しいな♪,I'd love for your Sorcerer's Ring\nto become even more useful!,validado,
sev02_010.scr:5,sev02_010.scr,5,62,アンジュ,personagem,5,46,,CRLF x1,これから依頼として登録するから、\nヨロシクね！,"I'll register it as a quest now,\nso I'm counting on you!",validado,
sev02_020.scr:0,sev02_020.scr,0,62,アンジュ,personagem,0,26,,,じゃあ、依頼の説明をするね,"All right, I'll explain the quest.",validado,
sev02_020.scr:1,sev02_020.scr,1,62,アンジュ,personagem,1,94,,CRLF x2,今回あなたには、ソーサラーリングの\n効力を上げる為に、新しいリングスポットへ\n行ってもらいます,"This time, I need you to head to a new\nRing Spot to increase the power of the\nSorcerer's Ring.",validado,
sev02_020.scr:2,sev02_020.scr,2,62,アンジュ,personagem,2,56,,CRLF x2,えーっと。\n詳しい話は、キール君に\nお願いしちゃおうかな,Um...\nI think I'll leave the details\nto Keele.,validado,
sev02_020.scr:3,sev02_020.scr,3,22,キール,personagem,3,24,,,じゃあ、手短に説明するぞ,Then I'll make this brief.,validado,
sev02_020.scr:4,sev02_020.scr,4,22,キール,personagem,4,94,,CRLF x2,今回目指すリングスポットは、\nカダイフ砂漠奥地の赤い水が湧く、\n「赤のオアシス」という所にある,"The Ring Spot we seek is located deep in\nKadaif Desert, at a place called the\nRed Oasis, where red water springs up.",validado,
sev02_020.scr:5,sev02_020.scr,5,22,キール,personagem,5,48,,CRLF x1,ただし、そこは立ち入れない様に\n壁が作られている,"However, a wall was built there\nto prevent anyone from entering.",validado,
sev02_020.scr:6,sev02_020.scr,6,62,アンジュ,personagem,6,28,,,どうして壁が作られているの？,Why was a wall built there?,validado,
sev02_020.scr:7,sev02_020.scr,7,22,キール,personagem,7,94,,CRLF x2,文献によると、赤い水に不吉なものを感じた\n大昔の民が、人が立ち入らない様に\n作ったものだそうだ,"According to records, ancient people felt\nthe red water was an ill omen, so they\nbuilt it to keep people away.",validado,
sev02_020.scr:8,sev02_020.scr,8,22,キール,personagem,8,108,,CRLF x2,実際は、ただの鉄分が多く含まれた水って\nだけだろうけど、昔の人からはその色から\n忌むべき場所と考えたんだろう,"In truth, it was likely just water rich\nin iron, but ancient folk must have seen\nit as an ominous place from its color.",validado,
sev02_020.scr:9,sev02_020.scr,9,22,キール,personagem,10,64,,CRLF x1,さて、目的の為に壁を壊す必要がある。\nこの爆弾を持っていってくれ,"Now, we need to break that wall for our\ngoal. Take this bomb with you.",validado,
sev02_020.scr:10,sev02_020.scr,10,62,アンジュ,personagem,11,70,,CRLF x1,同行者は、コレットとコハクよ。\n爆弾の取り扱いにはくれぐれも注意してね,Your companions are Colette and Kohaku.\nPlease be very careful handling the bomb!,validado,
sev02_020.scr:11,sev02_020.scr,11,62,アンジュ,personagem,12,30,,,それじゃあ、行ってらっしゃい！,"Well then, have a safe trip!",validado,
sev02_030.scr:0,sev02_030.scr,0,27,コレット,personagem,0,58,,CRLF x2,ねえねえ。\nこれから行く赤のオアシスって、\nどんな所だろ？,"Hey, hey.\nWhat kind of place is the Red Oasis\nwe're heading to, I wonder?",validado,
sev02_030.scr:1,sev02_030.scr,1,71,コハク,personagem,1,58,,CRLF x1,大昔の人が不吉に思ったくらいだから、\n血の色かもしれないよ,"Ancient people thought it an ill omen,\nso it might be the color of blood.",validado,
sev02_030.scr:2,sev02_030.scr,2,27,コレット,personagem,2,58,,CRLF x2,そっかぁ〜。\nいちごのジャムみたいな水だったら\nいいのにね,"I see...\nIf only the water were like\nstrawberry jam, that'd be nice.",validado,
sev02_030.scr:3,sev02_030.scr,3,27,コレット,personagem,3,64,,CRLF x2,一杯取って、好きなだけ\nアイスやヨーグルトにかけたり\n出来るから,We could take plenty and pour as much\nas we want over ice cream\nor yogurt.,validado,
sev02_030.scr:4,sev02_030.scr,4,71,コハク,personagem,4,46,,CRLF x1,ジャムかぁ。\nわたしだったら、赤ミソがいいな！,"Jam, huh?\nIf it were me, I'd prefer red miso!",validado,
sev02_030.scr:5,sev02_030.scr,5,27,コレット,personagem,5,48,,CRLF x1,赤くておいしそうなものって、\n他に何があるかな？,"What else is there that's red and\ntasty, I wonder?",validado,
sev02_030.scr:6,sev02_030.scr,6,71,コハク,personagem,6,30,,,う〜ん…、意外と思い付かないね,"Hmm... Surprisingly, none come to mind.",validado,
sev02_040.scr:0,sev02_040.scr,0,27,コレット,personagem,0,64,,CRLF x2,喉が渇いちゃった。\nこの辺で一休みして、\nお水飲んでもいいかな？,I've gotten thirsty.\nCan we take a break around here\nand drink some water?,validado,
sev02_040.scr:1,sev02_040.scr,1,71,コハク,personagem,1,70,,CRLF x2,あっ、じゃあわたしが持って来た\nキュウリ食べる？\nミソも付けてあげるよ,"Ah, then how about a cucumber I brought?\nDo you want one?\nI'll put some miso on it too!",validado,
sev02_040.scr:2,sev02_040.scr,2,27,コレット,personagem,2,16,,,きゅうりにミソ？,Miso on a cucumber?,validado,
sev02_040.scr:3,sev02_040.scr,3,71,コハク,personagem,3,90,,CRLF x2,キュウリは軽食になるし、水分も取れるよ。\nそれに、汗で出た塩分はミソで\n補給出来るでしょ？,"Cucumbers make a light snack and hydrate.\nPlus, miso restores the salt\nlost from sweat, right?",validado,
sev02_040.scr:4,sev02_040.scr,4,71,コハク,personagem,4,36,,CRLF x1,はい、一本どうぞ。\n○○も食べてね！,"Here, have one!\n○○, you eat one too!",validado,
sev02_040.scr:5,sev02_040.scr,5,27,コレット,personagem,5,60,,CRLF x2,すごーい。\nミソでくるまって、\nキュウリが全然見えないよ〜？,Amazing.\nIt's so covered in miso that I can't\neven see the cucumber at all!,validado,
sev02_040.scr:6,sev02_040.scr,6,27,コレット,personagem,6,44,,CRLF x1,こんなに一気にミソ食べて、\nだいじょぶかな？,Is it really okay to eat this much\nmiso all at once?,validado,
sev02_040.scr:7,sev02_040.scr,7,71,コハク,personagem,9,24,,CRLF x1,どう？\n美味しいでしょ？,"How is it?\nDelicious, right?",validado,
sev02_040.scr:8,sev02_040.scr,8,71,コハク,personagem,12,90,,CRLF x2,それじゃあ、バナナも持って来たから\nミソ付けてあげるね！\nマイミソ、一杯持ってきてるから！,"I also brought bananas, so I'll add\nmiso to those too!\nI brought plenty of my miso!",validado,
sev02_040.scr:9,sev02_040.scr,9,27,コレット,personagem,13,54,,CRLF x2,わぁ〜。\nコハクって、\nホントにミソが好きなんだねぇ〜,"Whoa~.\nKohaku, you really love\nmiso, don't you~?",validado,
sev02_040.scr:10,sev02_040.scr,10,71,コハク,personagem,14,54,,CRLF x1,慌てて食べるからだよ。\nでも、気に入ってくれたんだね！,"That's because you ate in a rush!\nStill, you liked it, didn't you?!",validado,
sev02_040.scr:11,sev02_040.scr,11,71,コハク,personagem,15,36,,CRLF x1,じゃあ、はい！\nミソ増量してあげる！,"Well then, here!\nI'll give you extra miso!",validado,
sev02_040.scr:12,sev02_040.scr,12,71,コハク,personagem,16,30,,,コレットも、ミソもう少しいる？,"Colette, do you want a bit more miso too?",validado,
sev02_040.scr:13,sev02_040.scr,13,27,コレット,personagem,17,28,,CRLF x2,え？\nううん。\n私は平気だよ,"Huh?\nNo, no.\nI'm fine!",validado,
sev02_040.scr:14,sev02_040.scr,14,71,コハク,personagem,18,30,,,そう？　遠慮しなくていいのにな,Really? You don't have to hold back.,validado,
sev02_040.scr:15,sev02_040.scr,15,71,コハク,personagem,19,54,,CRLF x1,このくらい全然平気なのに。\n他にも、色々付けるんだよ！,This amount is totally fine.\nI put it on all sorts of things too!,validado,
sev02_040.scr:16,sev02_040.scr,16,71,コハク,personagem,20,86,,CRLF x2,特に桜餅とかに付けると美味しいんだけど、\nみんなわたしの事、\nミソミソって言うんだよね,"It's especially good on sakura mochi,\nbut everyone keeps calling me\nMiso-Miso, you know.",validado,
sev02_040.scr:17,sev02_040.scr,17,27,コレット,personagem,21,48,,CRLF x1,そういえば、コハクは\nずっとミソを持ち歩いてるね,"Come to think of it, Kohaku,\nyou carry miso around all the time.",validado,
sev02_040.scr:18,sev02_040.scr,18,71,コハク,personagem,22,66,,CRLF x2,うん、マイミソなの。\nいつでもすぐに食べられるから、\n便利でしょ？,"Yep, it's my miso.\nIt's so handy because I can eat it\nanytime right away, right?",validado,
sev02_040.scr:19,sev02_040.scr,19,27,コレット,personagem,23,28,,,ホントにミソが好きなんだねえ,"You really do love miso, huh?",validado,
sev02_040.scr:20,sev02_040.scr,20,,(opcao do jogador),escolha,7,20,,,ミソキュウリをかじる,Bite into the miso cucumber,validado,
sev02_040.scr:21,sev02_040.scr,21,,(opcao do jogador),escolha,8,28,,,身体によくない、とたしなめる,Warn that it's bad for health,validado,
sev02_040.scr:22,sev02_040.scr,22,,(opcao do jogador),escolha,10,8,,,うなずく,Nod in agreement,validado,
sev02_040.scr:23,sev02_040.scr,23,,(opcao do jogador),escolha,11,14,,,慌てて水を飲む,Frantically drink water,validado,
sev02_050.scr:0,sev02_050.scr,0,27,コレット,personagem,1,28,,,ここが赤のオアシス…だよね？,This is the Red Oasis... right?,validado,
sev02_050.scr:1,sev02_050.scr,1,71,コハク,personagem,2,24,,,邪魔されちゃってるなあ…,We're being blocked...,validado,
sev02_050.scr:2,sev02_050.scr,2,71,コハク,personagem,3,62,,CRLF x1,でも、ここに用があるんだから\nさっさとボコメキョにしちゃおう！,"But we have business here,\nso let's beat 'em to a pulp already!",validado,
sev02_060.scr:0,sev02_060.scr,0,71,コハク,personagem,0,48,,CRLF x1,行くよ、○○、コレット！\n今度こそやっつけよう！,"Let's go, ○○, Colette!\nLet's take them down this time!",validado,
sev02_070.scr:0,sev02_070.scr,0,71,コハク,personagem,1,52,,CRLF x1,えっと…、この壁の向こうに\n赤のオアシスがあるんだね,"Um... So the Red Oasis is on the other\nside of this wall, right?",validado,
sev02_070.scr:1,sev02_070.scr,1,27,コレット,personagem,2,44,,CRLF x1,キールが持たせてくれた爆弾で\n壁を壊すんだね,"We're going to break the wall with\nthe bomb Keele gave us, right?",validado,
sev02_070.scr:2,sev02_070.scr,2,71,コハク,personagem,3,28,,,じゃあ、爆弾を早く仕掛けよう,Then let's set the bomb quickly.,validado,
sev02_070.scr:3,sev02_070.scr,3,27,コレット,personagem,4,26,,CRLF x1,○○、\n私もお手伝いするね,"○○,\nI'll help out too!",validado,
sev02_070.scr:4,sev02_070.scr,4,27,コレット,personagem,5,12,,,あ、あれ…？,H-Huh...?,validado,
sev02_070.scr:5,sev02_070.scr,5,27,コレット,personagem,6,30,,,ごめんね、倒れちゃったみたい…,"I'm sorry, it looks like I fell down...",validado,
sev02_070.scr:6,sev02_070.scr,6,71,コハク,personagem,7,30,,,あ、謝る事はないんじゃないかな,I-I don't think you need to apologize.,validado,
sev02_070.scr:7,sev02_070.scr,7,71,コハク,personagem,8,64,,CRLF x1,でも、大昔からあった、誰も通さない壁が\nあっさり倒れちゃうなんて,"Still, for an ancient impenetrable wall\nto fall down so easily...",validado,
sev02_070.scr:8,sev02_070.scr,8,27,コレット,personagem,9,60,,CRLF x2,あ、そっか。\nもう爆弾で壊さなくても\n向こうに行けるんだね！,"Oh, that's right!\nNow we can go across without having\nto break it with the bomb!",validado,
sev02_070.scr:9,sev02_070.scr,9,71,コハク,personagem,10,58,,CRLF x1,でも、つまずく様な所なかったよね…？\nどうやって転んだの？,"Still, there wasn't anything to trip on,\nright...? How did you fall?",validado,
sev02_070.scr:10,sev02_070.scr,10,27,コレット,personagem,11,12,,,…わかんない,...I don't know.,validado,
sev02_080.scr:0,sev02_080.scr,0,27,コレット,personagem,1,36,,CRLF x1,わぁ〜。\nホントに赤い水が湧いてるね,Whoa~.\nRed water really is welling up!,validado,
sev02_080.scr:1,sev02_080.scr,1,71,コハク,personagem,2,52,,CRLF x1,やっぱり、ミソじゃなかったかぁ。\nちょっとがっかり…,"As expected, it wasn't miso.\nI'm a little disappointed...",validado,
sev02_080.scr:2,sev02_080.scr,2,27,コレット,personagem,3,48,,CRLF x1,あ、ほら、○○。\nあそこにリングスポットがあるよ,"Oh, look, ○○.\nThere's a Ring Spot over there!",validado,
sev02_080.scr:3,sev02_080.scr,3,71,コハク,personagem,5,52,,CRLF x1,これでまた、ソーサラーリングの\n効力が上がったんだね,"With this, the Sorcerer's Ring has\ngained more power once again!",validado,
sev02_080.scr:4,sev02_080.scr,4,27,コレット,personagem,6,26,,,うん、これで依頼は完了だね,"Yeah, that completes our quest!",validado,
sev02_080.scr:5,sev02_080.scr,5,27,コレット,personagem,7,20,,,それじゃ、船に戻ろ？,Shall we head back to the ship then?,validado,
sev02_090.scr:0,sev02_090.scr,0,62,アンジュ,personagem,0,48,,CRLF x1,お疲れ様。\nこれでまた、リングの効果が上がったね,Welcome back.\nThat boosted the ring's power again!,validado,
sev02_090.scr:1,sev02_090.scr,1,62,アンジュ,personagem,1,48,,CRLF x1,キール君、新しい効果がどんなものか\nわかるかな？,"Keele, do you know what the new\neffect is?",validado,
sev02_090.scr:2,sev02_090.scr,2,22,キール,personagem,2,30,,,そうだな、今のリングの能力は…,"Let's see, the ring's current power is...",validado,
sev02_090.scr:3,sev02_090.scr,3,22,キール,personagem,3,74,,CRLF x2,魔物に向かって撃つと、\nわずかな間だが相手の動きを\n止める事が出来るはずだ,"If you shoot it at a monster, it should\nstop its movement, if only for a brief\nmoment.",validado,
sev02_090.scr:4,sev02_090.scr,4,22,キール,personagem,4,80,,CRLF x2,あとは、火の力が強まっているな。\n雪の塊くらいは溶かす事が\n出来るかもしれないぞ,"Also, its fire power has grown stronger.\nIt might even be able to melt blocks\nof snow.",validado,
sev02_090.scr:5,sev02_090.scr,5,62,アンジュ,personagem,5,64,,CRLF x2,じゃあ、そういった環境の所では\n活躍しそうね。\n良かったじゃない,Then it seems it'll be quite useful in\nthose environments.\nIsn't that wonderful?,validado,
sev02_090.scr:6,sev02_090.scr,6,62,アンジュ,personagem,6,58,,CRLF x1,それじゃ、今回もご苦労様。\nまた仕事を受けに来てちょうだい,"Well then, great job this time as well.\nPlease come take on more jobs again!",validado,
sev03_010.scr:0,sev03_010.scr,0,89,カノンノ・イアハート,personagem,1,34,,CRLF x1,ねえ、○○。\nこの黒い玉はなぁに？,"Hey, ○○.\nWhat's this black orb?",validado,
sev03_010.scr:1,sev03_010.scr,1,89,カノンノ・イアハート,personagem,4,44,,CRLF x1,他の人達の部屋にはないんだよ。\n何だろうね…,It isn't in anyone else's room.\nI wonder what it could be...,validado,
sev03_010.scr:2,sev03_010.scr,2,89,カノンノ・イアハート,personagem,5,40,,CRLF x1,この部屋にだけあるんだよ。\n変じゃない？,It's only in this room.\nIsn't that strange?,validado,
sev03_010.scr:3,sev03_010.scr,3,89,カノンノ・イアハート,personagem,6,16,,,ニアタはわかる？,"Do you know anything, Niata?",validado,
sev03_010.scr:4,sev03_010.scr,4,91,ニアタ,personagem,7,8,,,ふむ……,Hmph...,validado,
sev03_010.scr:5,sev03_010.scr,5,91,ニアタ,personagem,8,36,,CRLF x1,この玉から、\n何かの意思を感じるが…,"I sense some kind of will\nemanating from this orb, however...",validado,
sev03_010.scr:6,sev03_010.scr,6,89,カノンノ・イアハート,personagem,9,6,,,意思？,A will?,validado,
sev03_010.scr:7,sev03_010.scr,7,91,ニアタ,personagem,10,28,,,これもソウルアルケミーか…？,Is this Soul Alchemy too...?,validado,
sev03_010.scr:8,sev03_010.scr,8,91,ニアタ,personagem,11,44,,CRLF x1,どうやら、無機物に意思を\n入力したものの様だ,It appears someone imprinted a will\ninto an inanimate object.,validado,
sev03_010.scr:9,sev03_010.scr,9,89,カノンノ・イアハート,personagem,12,52,,CRLF x1,意思って、じゃあ、\nこの黒い玉は何かを言っているの？,"A will? Then, is this black orb\nsaying something?",validado,
sev03_010.scr:10,sev03_010.scr,10,91,ニアタ,personagem,13,28,,,「戻りたい」と言っている様だ,"""It seems to say, """"I want to return.""""""",validado,
sev03_010.scr:11,sev03_010.scr,11,89,カノンノ・イアハート,personagem,14,66,,CRLF x2,どこなんだろう。\nニアタ、いつもの様に世界を覗いて\nわからないかな,"Where could that be?\nNiata, could you peer into the world\nas usual to find out?",validado,
sev03_010.scr:12,sev03_010.scr,12,91,ニアタ,personagem,15,26,,,この玉の意思が望む地は……,The land this orb's will desires is...,validado,
sev03_010.scr:13,sev03_010.scr,13,91,ニアタ,personagem,16,14,,,ルバーブ連山か,"The Rhubarb Mountains, is it?",validado,
sev03_010.scr:14,sev03_010.scr,14,89,カノンノ・イアハート,personagem,17,46,,CRLF x1,戻りたいって望んでいるなら\nそうしてあげたいな,"If it wishes to return,\nI'd like to help it do so.",validado,
sev03_010.scr:15,sev03_010.scr,15,89,カノンノ・イアハート,personagem,18,44,,CRLF x1,よし！\nじゃあ、この事を依頼として届けるね！,All right!\nI'll submit this as a quest then!,validado,
sev03_010.scr:16,sev03_010.scr,16,,(opcao do jogador),escolha,2,18,,,わからない、と言う,Say you don't know,validado,
sev03_010.scr:17,sev03_010.scr,17,,(opcao do jogador),escolha,3,28,,,インテリアじゃないか、と言う,Suggest it might be interior decor,validado,
sev03_020.scr:0,sev03_020.scr,0,62,アンジュ,personagem,0,46,,CRLF x1,このイアハートからの依頼、\nあなたが受けるのね,So you're taking on this request\nfrom Earhart.,validado,
sev03_020.scr:1,sev03_020.scr,1,62,アンジュ,personagem,1,58,,CRLF x1,何でも、戻りたがってる玉を\n送りに行くとか言ってるけれど…,"She said something about taking an orb\nback that wants to return, but...",validado,
sev03_020.scr:2,sev03_020.scr,2,62,アンジュ,personagem,2,46,,CRLF x1,詳しい説明は…。\nニアタ、お願いしていいかな？,"As for the details...\nNiata, could you explain?",validado,
sev03_020.scr:3,sev03_020.scr,3,91,ニアタ,personagem,3,58,,CRLF x1,まず、イアハートと共に\nルバーブ連山山頂方面へ向かってくれ,"First, head toward the summit of the\nRhubarb Mountains with Earhart.",validado,
sev03_020.scr:4,sev03_020.scr,4,91,ニアタ,personagem,4,38,,,そこでやらなければならない事は、二つだ,There are two things you must do there.,validado,
sev03_020.scr:5,sev03_020.scr,5,91,ニアタ,personagem,6,84,,CRLF x1,まず、あの黒い玉がはまる穴を探して欲しい。\nそこが、この黒い玉が戻りたい場所だそうだ,"First, find a hole to fit that black orb.\nThat is where it wishes to return.",validado,
sev03_020.scr:6,sev03_020.scr,6,91,ニアタ,personagem,7,36,,,そして、次に「白い三兄弟」を探す事だ,"Next, find the 'Three White Brothers'.",validado,
sev03_020.scr:7,sev03_020.scr,7,62,アンジュ,personagem,8,30,,CRLF x1,白い三兄弟？\nそれは、何かしら,The Three White Brothers?\nWhat on earth is that?,validado,
sev03_020.scr:8,sev03_020.scr,8,91,ニアタ,personagem,9,32,,,この黒い玉に連なるものの様だが…,They seem connected to this black orb...,validado,
sev03_020.scr:9,sev03_020.scr,9,91,ニアタ,personagem,10,32,,,いずれもルバーブ連山にいるらしい,They seem to be in the Rhubarb Mountains.,validado,
sev03_020.scr:10,sev03_020.scr,10,62,アンジュ,personagem,11,50,,CRLF x1,でも、こんな黒い玉、\n今まで気にも止めなかったなあ,"Still, I never paid any mind\nto a black orb like this until now.",validado,
sev03_020.scr:11,sev03_020.scr,11,62,アンジュ,personagem,12,48,,CRLF x1,ねえ、値打ちがあるものか\n鑑定してからにしない？,"Hey, shouldn't we appraise it first\nto see if it has any value?",validado,
sev03_020.scr:12,sev03_020.scr,12,62,アンジュ,personagem,15,26,,,ええ〜、もったいないなぁ…,"Aww, what a waste...",validado,
sev03_020.scr:13,sev03_020.scr,13,62,アンジュ,personagem,16,48,,CRLF x1,玉に恩を売るの？\n大した見返り、無さそうだな〜…,Doing a favor for an orb?\nDoesn't sound like much of a reward~...,validado,
sev03_020.scr:14,sev03_020.scr,14,62,アンジュ,personagem,17,14,,,まあ、いっか…,"Well, whatever...",validado,
sev03_020.scr:15,sev03_020.scr,15,62,アンジュ,personagem,18,46,,CRLF x1,じゃあ、今のニアタの説明通り\nお仕事してきてね,Then please carry out the job\njust as Niata explained!,validado,
sev03_020.scr:16,sev03_020.scr,16,62,アンジュ,personagem,19,22,,,じゃ、行ってらっしゃい,"Well then, take care!",validado,
sev03_020.scr:17,sev03_020.scr,17,,(opcao do jogador),escolha,13,4,,,断る,Refuse,validado,
sev03_020.scr:18,sev03_020.scr,18,,(opcao do jogador),escolha,14,36,,,黒い玉が恩返ししてくれるかも、と言う,Say the black orb might repay the favor,validado,
sev03_030.scr:0,sev03_030.scr,0,91,ニアタ,personagem,0,64,,CRLF x1,黒い玉の意思が強くなっている。\nやはり、この山で間違いはない様だ,The black orb's will is growing stronger.\nThis mountain is indeed the right place.,validado,
sev03_030.scr:1,sev03_030.scr,1,89,カノンノ・イアハート,personagem,1,46,,CRLF x1,でも、この黒い玉は\n何の為に創られたんだろう？,"Still, what was this black orb\ncreated for, I wonder?",validado,
sev03_030.scr:2,sev03_030.scr,2,91,ニアタ,personagem,2,26,,,それは、行けばわかるだろう,We should find out once we go there.,validado,
sev03_030.scr:3,sev03_030.scr,3,89,カノンノ・イアハート,personagem,3,14,,,うん、そうだね,"Yeah, you're right.",validado,
sev03_030.scr:4,sev03_030.scr,4,89,カノンノ・イアハート,personagem,4,36,,,じゃあ、山頂への道を目指して行こう！,Then let's head for the summit path!,validado,
sev03_040.scr:0,sev03_040.scr,0,89,カノンノ・イアハート,personagem,1,68,,CRLF x2,ねえ、○○。\nこのへこんだ所、ちょうどあの玉が\n入るサイズみたいだよ,"Hey, ○○.\nThis indentation looks just the right\nsize for that orb to fit!",validado,
sev03_040.scr:1,sev03_040.scr,1,91,ニアタ,personagem,2,46,,CRLF x1,うむ、黒い玉もそこに収まる事を\n強く願っている,"Indeed, the black orb strongly wishes\nto be placed in that spot.",validado,
sev03_040.scr:2,sev03_040.scr,2,91,ニアタ,personagem,3,38,,CRLF x1,○○、\n黒い玉を置いてやってくれないか,"○○,\nwould you place the black orb there?",validado,
sev03_040.scr:3,sev03_040.scr,3,89,カノンノ・イアハート,personagem,4,14,,,扉が開いたよ！,The door opened!,validado,
sev03_040.scr:4,sev03_040.scr,4,91,ニアタ,personagem,5,28,,,……黒い玉の意思反応が消えた,...The black orb's will has faded.,validado,
sev03_040.scr:5,sev03_040.scr,5,91,ニアタ,personagem,6,108,,CRLF x2,恐らく、役目を終えたのだろう。\n鍵として、そしてここへの案内人としての\n役目を持たされて、生み出されたのだな,"It likely fulfilled its purpose.\nCreated with the role of a key,\nand a guide leading to this place.",validado,
sev03_040.scr:6,sev03_040.scr,6,89,カノンノ・イアハート,personagem,7,20,,,でも誰が、何の為に？,"But who made it, and for what?",validado,
sev03_040.scr:7,sev03_040.scr,7,91,ニアタ,personagem,8,14,,,真実はわからぬ,The truth is unknown.,validado,
sev03_040.scr:8,sev03_040.scr,8,91,ニアタ,personagem,9,94,,CRLF x2,だが、モノや場に刻まれた思念を\n読み取る能力を持った者ならば、\n黒い玉の意思に感応出来ただろう,Yet anyone capable of reading thoughts\netched into objects or places could\nhave resonated with the orb's will.,validado,
sev03_040.scr:9,sev03_040.scr,9,91,ニアタ,personagem,10,76,,CRLF x2,もしかするならば、この先に\n特別な価値のあるものが\n隠されているのかもしれん,Perhaps something of\nextraordinary value is hidden\nbeyond this point.,validado,
sev03_040.scr:10,sev03_040.scr,10,91,ニアタ,personagem,11,112,,CRLF x2,何らかの術者が、それを手にするに相応しい\n能力を持った者の為に、案内人、鍵として\n作ったのだと我々は思うのだが…,"We believe some sorcerer created it as a\nguide and key for one worthy of claiming\nwhat lies within, however...",validado,
sev03_040.scr:11,sev03_040.scr,11,89,カノンノ・イアハート,personagem,12,26,,,へぇぇ…、何があるんだろう,Whoa... I wonder what's ahead?,validado,
sev03_040.scr:12,sev03_040.scr,12,89,カノンノ・イアハート,personagem,13,82,,CRLF x2,そういえば、白い三兄弟を探せって\n言ってたね。\nそれが「価値のあるもの」なのかな？,"Come to think of it, you said to look\nfor the Three White Brothers.\nIs that the 'valuable thing'?",validado,
sev03_040.scr:13,sev03_040.scr,13,89,カノンノ・イアハート,personagem,14,50,,CRLF x1,じゃあ、次はこの先を進んで\n白い三兄弟を探そう！！,Then let's press on ahead\nand look for the Three White Brothers!!,validado,
sev03_050.scr:0,sev03_050.scr,0,89,カノンノ・イアハート,personagem,0,26,,,ここで行き止まりみたいだね,Looks like a dead end here.,validado,
sev03_050.scr:1,sev03_050.scr,1,91,ニアタ,personagem,1,22,,,あるのは宝箱が三つか…,All that is here are three chests...,validado,
sev03_060.scr:0,sev03_060.scr,0,89,カノンノ・イアハート,personagem,1,18,,,どれも、白い玉だね,They're all white orbs.,validado,
sev03_060.scr:1,sev03_060.scr,1,89,カノンノ・イアハート,personagem,2,42,,CRLF x1,ひょっとして、\nこれが白い三兄弟なのかな？,Could these be the\nThree White Brothers?,validado,
sev03_060.scr:2,sev03_060.scr,2,89,カノンノ・イアハート,personagem,3,20,,,ニアタ、何か感じる？,"Niata, do you feel anything?",validado,
sev03_060.scr:3,sev03_060.scr,3,91,ニアタ,personagem,4,26,,CRLF x1,○○を\n気に入っている様だ,They appear to have\ntaken a liking to ○○.,validado,
sev03_060.scr:4,sev03_060.scr,4,89,カノンノ・イアハート,personagem,5,34,,CRLF x1,○○が、\n黒い玉を置いたからかな？,Is it because ○○\nplaced the black orb?,validado,
sev03_060.scr:5,sev03_060.scr,5,89,カノンノ・イアハート,personagem,6,56,,CRLF x1,この白い玉も、どこか行きたい場所が\nあるのかもしれないね,These white orbs might have somewhere\nthey want to go too.,validado,
sev03_060.scr:6,sev03_060.scr,6,91,ニアタ,personagem,7,36,,CRLF x1,とりあえず黒い玉に関しては\n解決だな,"For now, the matter of the black orb\nis resolved.",validado,
sev03_060.scr:7,sev03_060.scr,7,91,ニアタ,personagem,8,14,,,では、戻ろうか,Shall we head back then?,validado,
sev03_060.scr:8,sev03_060.scr,8,89,カノンノ・イアハート,personagem,9,4,,,うん,Yeah.,validado,
sev03_060.scr:9,sev03_060.scr,9,89,カノンノ・イアハート,personagem,10,34,,CRLF x1,○○、\n力を貸してくれてありがとう,"○○,\nthank you for lending your strength!",validado,
sev03_060.scr:10,sev03_060.scr,10,89,カノンノ・イアハート,personagem,11,18,,,さあ、船へ帰ろっ！,"Now, let's head back to the ship!",validado,
sev03_070.scr:0,sev03_070.scr,0,62,アンジュ,personagem,0,8,,,お疲れ様,Welcome back.,validado,
sev03_070.scr:1,sev03_070.scr,1,62,アンジュ,personagem,1,48,,CRLF x1,それにしても、黒い玉が白い玉三つに\nなるなんてね,"Still, to think that one black orb\nturned into three white orbs!",validado,
sev03_070.scr:2,sev03_070.scr,2,62,アンジュ,personagem,2,90,,CRLF x2,ひょっとして、今回の様な事を\n繰り返していたら、どんどん玉が\n増えていったりしないかしら？,"Could it be that if we keep doing this,\nthe orbs will just keep multiplying\nmore and more?",validado,
sev03_070.scr:3,sev03_070.scr,3,89,カノンノ・イアハート,personagem,3,22,,,うーん、どうなんだろう,"Hmm, I wonder about that...",validado,
sev03_070.scr:4,sev03_070.scr,4,89,カノンノ・イアハート,personagem,4,54,,CRLF x1,でも、この白い玉は、それぞれに\n行きたい所があるみたい,"Still, it seems each of these white orbs\nhas somewhere it wants to go.",validado,
sev03_070.scr:5,sev03_070.scr,5,91,ニアタ,personagem,5,36,,CRLF x1,しかし、白い玉にある意思が\n弱い様だ,"However, the will within the white orbs\nappears to be weak.",validado,
sev03_070.scr:6,sev03_070.scr,6,91,ニアタ,personagem,6,28,,,場所については語ってくれぬな,They speak not of a destination.,validado,
sev03_070.scr:7,sev03_070.scr,7,91,ニアタ,personagem,7,46,,CRLF x1,これらの玉は、どうも○○を\n気に入っている様だ,These orbs seem to have taken quite\na liking to ○○.,validado,
sev03_070.scr:8,sev03_070.scr,8,91,ニアタ,personagem,8,48,,CRLF x1,ならば、このまま○○が\n持っているのが良いだろう,"In that case, it would be best for\n○○ to keep holding on to them.",validado,
sev03_070.scr:9,sev03_070.scr,9,89,カノンノ・イアハート,personagem,9,22,,,うん、それがいいのかも,"Yeah, that might be for the best.",validado,
sev03_070.scr:10,sev03_070.scr,10,89,カノンノ・イアハート,personagem,10,48,,CRLF x1,また、黒い玉を置いた様な所が\nあるかもしれないし,There might be other places where\nwe can place them like that black orb.,validado,
sev03_070.scr:11,sev03_070.scr,11,89,カノンノ・イアハート,personagem,11,92,,CRLF x2,じゃあ、白い玉はあなたが持っていてね。\n今日は、付き合ってくれてありがとう。\n嬉しかったよ！,"So keep those white orbs with you, okay?\nThank you for joining me today.\nI was really happy!",validado,
sev04_010.scr:0,sev04_010.scr,0,89,カノンノ・イアハート,personagem,0,56,,CRLF x2,○○、\n白い三兄弟達は、\nみんな自分の場所へ戻れたんだね,"○○,\nthe Three White Brothers all returned\nto their proper places, didn't they?",validado,
sev04_010.scr:1,sev04_010.scr,1,91,ニアタ,personagem,1,56,,CRLF x1,しかし、今度はそれぞれ色の違う\n三つの玉がやって来たか…,"However, three orbs of different colors\nhave appeared this time, eh...?",validado,
sev04_010.scr:2,sev04_010.scr,2,89,カノンノ・イアハート,personagem,3,36,,CRLF x1,この玉も、\n何か言っているのかなぁ？,"Are these orbs\nsaying something too, I wonder?",validado,
sev04_010.scr:3,sev04_010.scr,3,91,ニアタ,personagem,4,32,,,うむ、では呼びかけてみるとしよう,Indeed. Let us reach out to them.,validado,
sev04_010.scr:4,sev04_010.scr,4,91,ニアタ,personagem,5,66,,CRLF x2,………ふむ、\nこれらの玉は今までのものよりも\n強い意思を放っている,......Hmph.\nThese orbs radiate a stronger will\nthan the ones before.,validado,
sev04_010.scr:5,sev04_010.scr,5,91,ニアタ,personagem,6,48,,CRLF x1,どうやら、この三色の玉を作成した者の\n意思らしい,It seems to be the will of the one\nwho created these three colored orbs.,validado,
sev04_010.scr:6,sev04_010.scr,6,91,ニアタ,personagem,7,46,,CRLF x1,これらの玉が収まるべき場所は\n霊峰アブソール…,The place where these orbs belong\nis Mt. Absole...,validado,
sev04_010.scr:7,sev04_010.scr,7,91,ニアタ,personagem,8,50,,CRLF x1,そして、開かれた道の奥に、\n何かが隠されている様だ,"And deep within the opened path,\nsomething appears to be hidden.",validado,
sev04_010.scr:8,sev04_010.scr,8,91,ニアタ,personagem,11,86,,CRLF x2,深くは語ってくれぬが、\nこれらの玉が訴えるその場には\n何か畏敬の念の様なものを感じるな,"It speaks not in detail, yet I sense\na feeling akin to awe emanating\nfrom the place these orbs speak of.",validado,
sev04_010.scr:9,sev04_010.scr,9,91,ニアタ,personagem,12,22,,,いや、そうではない様だ,"No, that does not seem to be it.",validado,
sev04_010.scr:10,sev04_010.scr,10,91,ニアタ,personagem,13,80,,CRLF x2,これらの玉が訴えるその場に、\nとてつもなく価値のあるものが\n待っているかもしれん,Something of immense value might be\nwaiting at the place these orbs\nare calling for.,validado,
sev04_010.scr:11,sev04_010.scr,11,62,アンジュ,personagem,14,50,,CRLF x1,駄目よ、そんな大事な話を\nリーダーに内緒にしちゃあ,You mustn't keep such important talk\na secret from your leader!,validado,
sev04_010.scr:12,sev04_010.scr,12,62,アンジュ,personagem,15,96,,CRLF x2,わたしがいるって事は、ここは教会も同然。\n許してあげるから、今の事を全て\n洗いざらい懺悔なさい？,"With me here, this is like a church.\nI'll forgive you, so confess everything\nyou just talked about, all right?",validado,
sev04_010.scr:13,sev04_010.scr,13,62,アンジュ,personagem,18,76,,CRLF x2,あなたは、わたし…リーダーに\n隠し事をしようとしているよね？\nさ、白状して？,"You were trying to keep secrets from me...\nfrom your leader, weren't you?\nCome on, spit it out!",validado,
sev04_010.scr:14,sev04_010.scr,14,62,アンジュ,personagem,19,82,,CRLF x2,もう一度言った方がいいのかな？\n大事な話はリーダーにちゃんと\n話さなくっちゃでしょ,"Should I say it once more?\nYou must speak of important matters\nto your leader, after all!",validado,
sev04_010.scr:15,sev04_010.scr,15,62,アンジュ,personagem,20,64,,CRLF x1,でも、まあ、何となく話は聞いてたんだけど。\nもちろん、行くよね？,"Well, I kind of overheard anyway.\nOf course you're going, right?",validado,
sev04_010.scr:16,sev04_010.scr,16,62,アンジュ,personagem,23,26,,,ウフフ、霊峰アブソールよ♪,"Tee-hee, to Mt. Absole!",validado,
sev04_010.scr:17,sev04_010.scr,17,62,アンジュ,personagem,24,102,,CRLF x2,そんな事ないわよ。\nわたしを差し置いて行動しようとした事は\nちゃんと天に、世界樹に懺悔してくれなくちゃ,Not at all!\nYou must confess to the heavens and\nthe World Tree for leaving me out!,validado,
sev04_010.scr:18,sev04_010.scr,18,62,アンジュ,personagem,25,20,,,ま、それはおいといて,"Well, putting that aside...",validado,
sev04_010.scr:19,sev04_010.scr,19,62,アンジュ,personagem,26,76,,CRLF x2,その三つの玉を収めに行くって依頼、\nわたしが出すから。\n受けてちょうだいね！,"I'll issue the quest to go place\nthose three orbs, so you had better\naccept it, okay?!",validado,
sev04_010.scr:20,sev04_010.scr,20,,(opcao do jogador),escolha,9,18,,,お宝かな…、と聞く,Ask if it could be treasure,validado,
sev04_010.scr:21,sev04_010.scr,21,,(opcao do jogador),escolha,10,20,,,また玉かな…、と聞く,Ask if it's more orbs,validado,
sev04_010.scr:22,sev04_010.scr,22,,(opcao do jogador),escolha,16,18,,,懺悔の必要性を聞く,Ask why confession is necessary,validado,
sev04_010.scr:23,sev04_010.scr,23,,(opcao do jogador),escolha,17,34,,,自分が何をしたのか、しばらく考える,Ponder what you did for a moment,validado,
sev04_010.scr:24,sev04_010.scr,24,,(opcao do jogador),escolha,21,22,,,どこに行けと…、と問う,Ask where you are supposed to go,validado,
sev04_010.scr:25,sev04_010.scr,25,,(opcao do jogador),escolha,22,32,,,結局懺悔の必要は無かった、と言う,Say confession wasn't needed after all,validado,
sev04_020.scr:0,sev04_020.scr,0,62,アンジュ,personagem,0,60,,CRLF x2,この依頼を受けてくれるの？\nああんもう、いい子ね、\n○○って,"You're accepting this quest?\nOh, you really are such a good kid,\n○○!",validado,
sev04_020.scr:1,sev04_020.scr,1,62,アンジュ,personagem,1,64,,CRLF x1,その人徳なら、教会に入ったって\n立派な伝道師になれちゃうかもよ？,"With virtue like yours, you could become\na fine missionary in the church!",validado,
sev04_020.scr:2,sev04_020.scr,2,62,アンジュ,personagem,2,30,,,じゃあ、早速依頼の説明をするね,Then I'll explain the quest right away.,validado,
sev04_020.scr:3,sev04_020.scr,3,62,アンジュ,personagem,3,64,,CRLF x1,あなたが持つ三つの玉を、\n霊峰アブソールに収めに行ってちょうだい,Please go and place the three orbs\nyou hold in Mt. Absole.,validado,
sev04_020.scr:4,sev04_020.scr,4,62,アンジュ,personagem,4,106,,CRLF x2,で、その後が最重要任務よ。\nニアタが言う例の場所まで進んだら、\nそこに何があるのかを確認してきてちょうだい,"And after that is your top priority.\nOnce you reach the place Niata spoke of,\ncheck out what's there for me!",validado,
sev04_020.scr:5,sev04_020.scr,5,89,カノンノ・イアハート,personagem,5,18,,,確認だけでいいの？,Just checking it is enough?,validado,
sev04_020.scr:6,sev04_020.scr,6,62,アンジュ,personagem,6,80,,CRLF x2,んー、それなりにギルドにとって\n有益なモノだったら、\n持ってきてくれてもいいかな,"Hmm, if it's something useful to\nthe guild, you can bring it back\nwith you, I suppose.",validado,
sev04_020.scr:7,sev04_020.scr,7,62,アンジュ,personagem,7,36,,,それじゃ、同行はイアハートでいいのね,"All right, you'll go with Earhart, yes?",validado,
sev04_020.scr:8,sev04_020.scr,8,89,カノンノ・イアハート,personagem,8,6,,,はい！,Right!,validado,
sev04_020.scr:9,sev04_020.scr,9,62,アンジュ,personagem,9,46,,CRLF x1,じゃ、いい報告待ってるね。\n行ってらっしゃい♪,"Well, I'll be waiting for good news.\nHave a safe trip!",validado,
sev04_030.scr:0,sev04_030.scr,0,89,カノンノ・イアハート,personagem,0,34,,,まずはどっちに行けばいいんだろう？,Which way should we head first?,validado,
sev04_030.scr:1,sev04_030.scr,1,91,ニアタ,personagem,1,24,,CRLF x1,ここからか。\nそうだな…,"From here, is it?\nLet's see...",validado,
sev04_030.scr:2,sev04_030.scr,2,89,カノンノ・イアハート,personagem,2,22,,,○○は、わかるんだね？,"You know the way, right, ○○?",validado,
sev04_030.scr:3,sev04_030.scr,3,89,カノンノ・イアハート,personagem,3,36,,CRLF x1,じゃあ、道案内は○○に\nお願いするよ,"Then we'll leave guiding the way\nto you, ○○!",validado,
sev04_040.scr:0,sev04_040.scr,0,89,カノンノ・イアハート,personagem,1,10,,,氷の壁が！,The ice wall...!,validado,
sev04_040.scr:1,sev04_040.scr,1,91,ニアタ,personagem,2,50,,CRLF x1,三つの玉の意思が消えた。\n彼らの役目も終わったのか,The will of the three orbs vanished.\nTheir duty must have ended as well.,validado,
sev04_040.scr:2,sev04_040.scr,2,89,カノンノ・イアハート,personagem,3,36,,,この先に…、何かが隠されているんだね,"Something is hidden ahead, isn't there?",validado,
sev04_040.scr:3,sev04_040.scr,3,89,カノンノ・イアハート,personagem,4,46,,CRLF x2,うんっ！\nじゃあ、○○。\nそこまで行ってみよう,"Right!\nWell then, ○○,\nlet's head over there!",validado,
sev04_050.scr:0,sev04_050.scr,0,89,カノンノ・イアハート,personagem,0,88,,CRLF x2,この世界も、ちょっと見てまわったけど\n私の世界と似てる所もあるし、\n似てない所もあるなぁ,"I've looked around this world a bit,\nand there are parts like my world,\nas well as parts that aren't.",validado,
sev04_050.scr:1,sev04_050.scr,1,89,カノンノ・イアハート,personagem,3,50,,CRLF x1,風景とか、街並とか\nそんなにグラニデと変わらないよ,The scenery and townscapes aren't\nreally all that different from Granide.,validado,
sev04_050.scr:2,sev04_050.scr,2,89,カノンノ・イアハート,personagem,4,44,,CRLF x1,科学技術や、星晶がある所なんかは\n違うのかな,"Things like technology or starcrystals\nbeing here are what's different, maybe.",validado,
sev04_050.scr:3,sev04_050.scr,3,89,カノンノ・イアハート,personagem,5,48,,CRLF x1,でも、アドリビトムも、\nメンバーのみんなもいるし,"Still, Ad Libitum and all its\nmembers are here too.",validado,
sev04_050.scr:4,sev04_050.scr,4,89,カノンノ・イアハート,personagem,6,26,,,そこが一番似ているのかなぁ,Maybe that's what's most alike.,validado,
sev04_050.scr:5,sev04_050.scr,5,89,カノンノ・イアハート,personagem,7,48,,CRLF x2,うん？\nグラニデでのアドリビトムの\nみんなの事？,Huh?\nYou want to know about everyone in\nAd Libitum back in Granide?,validado,
sev04_050.scr:6,sev04_050.scr,6,89,カノンノ・イアハート,personagem,8,18,,,みんないい人だよ！,They're all wonderful people!,validado,
sev04_050.scr:7,sev04_050.scr,7,89,カノンノ・イアハート,personagem,9,36,,,少し違うなって所もあるけど、えっと…,"A few things differ, though... Um...",validado,
sev04_050.scr:8,sev04_050.scr,8,89,カノンノ・イアハート,personagem,10,88,,CRLF x2,グラニデのアドリビトムのリーダーは、\nチャットで。\nルークはこっちと違って、髪が短くて…,"In Granide, Ad Libitum's leader is Chat.\nAnd unlike here,\nLuke has short hair...",validado,
sev04_050.scr:9,sev04_050.scr,9,89,カノンノ・イアハート,personagem,11,90,,CRLF x2,不思議だなぁ。\nこんなに似ている世界が、まだ一杯あって\n違う世界の自分に会えたりするのが…,"It's so wondrous. Many worlds are alike,\nand you can even meet other versions\nof yourself...",validado,
sev04_050.scr:10,sev04_050.scr,10,89,カノンノ・イアハート,personagem,12,46,,CRLF x2,そうだ！\n今度、○○も\nグラニデに遊びに来てよ,"Oh, I know!\nNext time, ○○, you should\ncome visit Granide too!",validado,
sev04_050.scr:11,sev04_050.scr,11,89,カノンノ・イアハート,personagem,15,22,,,ホント！？　嬉しいなぁ,Really?! I'm so happy!,validado,
sev04_050.scr:12,sev04_050.scr,12,89,カノンノ・イアハート,personagem,16,52,,CRLF x1,うん、ニアタに頼めば\n連れて行ってもらえるはずだから,"Yeah, if we ask Niata,\nhe should be able to take you!",validado,
sev04_050.scr:13,sev04_050.scr,13,89,カノンノ・イアハート,personagem,17,66,,CRLF x2,じゃあ、約束！\n絶対だよ、グラニデのアドリビトムに\n遊びに来てね！,"Then it's a promise!\nYou definitely have to visit\nAd Libitum in Granide, okay?!",validado,
sev04_050.scr:14,sev04_050.scr,14,,(opcao do jogador),escolha,1,22,,,どこが似ている、と聞く,Ask where it is similar,validado,
sev04_050.scr:15,sev04_050.scr,15,,(opcao do jogador),escolha,2,32,,,イアハートの世界の皆について聞く,Ask about everyone in Earhart's world,validado,
sev04_050.scr:16,sev04_050.scr,16,,(opcao do jogador),escolha,13,20,,,ぜひ行きたい、と言う,Say you would love to go,validado,
sev04_050.scr:17,sev04_050.scr,17,,(opcao do jogador),escolha,14,22,,,そのうちに行く、と言う,Say you will visit someday,validado,
sev04_060.scr:0,sev04_060.scr,0,89,カノンノ・イアハート,personagem,1,18,,,あっちゃあ、魔物だ,"Oh boy, monsters!",validado,
sev04_060.scr:1,sev04_060.scr,1,89,カノンノ・イアハート,personagem,2,46,,CRLF x1,それにあの魔物、\n何だかとても生き生きしてるね,"And those monsters look really lively\nfor some reason, don't they?",validado,
sev04_060.scr:2,sev04_060.scr,2,91,ニアタ,personagem,3,52,,CRLF x2,なるほど…。\n隠されていたものとは、\nこの場所の力か,I see...\nSo what was hidden here was the power\nof this very place.,validado,
sev04_060.scr:3,sev04_060.scr,3,89,カノンノ・イアハート,personagem,4,14,,,○○、来るよ！,"Here they come, ○○!",validado,
sev04_070.scr:0,sev04_070.scr,0,89,カノンノ・イアハート,personagem,1,20,,,これで決めなくちゃ…,We've got to finish this...!,validado,
sev04_070.scr:1,sev04_070.scr,1,89,カノンノ・イアハート,personagem,2,14,,,行くよ、○○！,"Let's go, ○○!",validado,
sev04_080.scr:0,sev04_080.scr,0,89,カノンノ・イアハート,personagem,1,26,,CRLF x1,これ、\nリングスポットだ…,This...\nis a Ring Spot...,validado,
sev04_080.scr:1,sev04_080.scr,1,89,カノンノ・イアハート,personagem,2,40,,CRLF x1,隠されていたものって、\nきっとこれなんだ,"What was hidden here,\nthis must surely be it!",validado,
sev04_080.scr:2,sev04_080.scr,2,91,ニアタ,personagem,3,52,,CRLF x1,この場は、マナや超自然界的な力の\n通り道になっている,This place serves as a conduit for mana\nand supernatural powers.,validado,
sev04_080.scr:3,sev04_080.scr,3,89,カノンノ・イアハート,personagem,4,54,,CRLF x2,ねえ、○○。\n何か感じない？\nこのリングスポットから…,"Hey, ○○.\nDon't you feel something\nfrom this Ring Spot...?",validado,
sev04_080.scr:4,sev04_080.scr,4,91,ニアタ,personagem,7,34,,,それは、このリングスポットの囁きだ,Those are whispers from this Ring Spot.,validado,
sev04_080.scr:5,sev04_080.scr,5,91,ニアタ,personagem,8,68,,CRLF x2,わからぬか？\nカノンノが感じているのは、\nこのリングスポットの囁きだ,Do you not understand?\nWhat Kanonno senses is the whispers\nof this Ring Spot.,validado,
sev04_080.scr:6,sev04_080.scr,6,89,カノンノ・イアハート,personagem,9,46,,CRLF x1,リングスポットが、\n何かを訴えているってこと？,You mean the Ring Spot is trying\nto tell us something?,validado,
sev04_080.scr:7,sev04_080.scr,7,89,カノンノ・イアハート,personagem,10,32,,,そこまでは、私にはわからないなぁ,I can't tell that much on my own...,validado,
sev04_080.scr:8,sev04_080.scr,8,91,ニアタ,personagem,11,54,,CRLF x1,では、このリングスポットから\n発せられる意思を伝えよう,Then I shall convey the will\nemitted by this Ring Spot.,validado,
sev04_080.scr:9,sev04_080.scr,9,91,ニアタ,personagem,12,62,,CRLF x2,そなたらは、\nこの力を受け取るにふさわしい者と\n認められた様だ,It seems you have been recognized\nas worthy of receiving\nthis power.,validado,
sev04_080.scr:10,sev04_080.scr,10,89,カノンノ・イアハート,personagem,13,72,,CRLF x2,それじゃあ、○○の\nソーサラーリングは\nまだ効力を上げられるって事だね！,Then that means ○○'s\nSorcerer's Ring can gain\neven greater power!,validado,
sev04_080.scr:11,sev04_080.scr,11,91,ニアタ,personagem,14,30,,,ああ、それも最高レベルのものだ,"Yes, and of the highest level, too.",validado,
sev04_080.scr:12,sev04_080.scr,12,91,ニアタ,personagem,15,76,,CRLF x2,どうやら古代の民にとって、\nソーサラーリングは必要不可欠なもの\nだった様だな,It seems the Sorcerer's Ring\nwas an essential tool\nfor the ancients.,validado,
sev04_080.scr:13,sev04_080.scr,13,91,ニアタ,personagem,16,48,,CRLF x1,リングスポットも、古代の民によって\n作られている,The Ring Spots were also crafted\nby the people of ancient times.,validado,
sev04_080.scr:14,sev04_080.scr,14,91,ニアタ,personagem,17,82,,CRLF x2,中でもここのリングスポットは、\n大きな力を秘める事から秘匿とされて\nいたものらしい,"This Ring Spot in particular held great\npower, and so it was kept hidden away\nfrom the world.",validado,
sev04_080.scr:15,sev04_080.scr,15,89,カノンノ・イアハート,personagem,18,70,,CRLF x2,何だか、ここにいると\n力が溢れてくる様な感じがするけど\nそのせいかなぁ,"I feel like power is welling up\njust standing here, but I wonder\nif that's the reason why...",validado,
sev04_080.scr:16,sev04_080.scr,16,91,ニアタ,personagem,19,90,,CRLF x2,そうだ。\nリングスポットは、場に漂う超自然的な力を\n一点に集めるアンテナの様なものだからな,Indeed.\nA Ring Spot acts like an antenna that\nfocuses power drifting through the area.,validado,
sev04_080.scr:17,sev04_080.scr,17,91,ニアタ,personagem,20,46,,CRLF x1,しかし…これはとてつもなく\n価値のあるものだ…,Still... this is something of\ntruly immense value...,validado,
sev04_080.scr:18,sev04_080.scr,18,89,カノンノ・イアハート,personagem,21,80,,CRLF x2,そっかぁ…。\n私の部屋にあった黒い玉が、\nここに辿りつく為の鍵になっていたんだね,I see...\nThe black orb that was in my room was\nthe key to reaching this place!,validado,
sev04_080.scr:19,sev04_080.scr,19,91,ニアタ,personagem,22,84,,CRLF x2,ディセンダー。\nその手に持つリングで力を受け止めよ。\nここにある力は、そなたのものだ,Descender.\nReceive the power with the ring in hand.\nThe strength here is rightfully yours.,validado,
sev04_080.scr:20,sev04_080.scr,20,89,カノンノ・イアハート,personagem,24,98,,CRLF x2,良かったよね、○○。\n玉は、自分の望む場所へ戻れて…。\nそして私達は、ステキな力に出会えたんだもん,"I'm so glad, ○○.\nThe orb returned where it wished,\nand we found wonderful new power!",validado,
sev04_080.scr:21,sev04_080.scr,21,91,ニアタ,personagem,25,24,,,では、帰還するとしようか,Shall we return then?,validado,
sev04_080.scr:22,sev04_080.scr,22,,(opcao do jogador),escolha,5,14,,,感じる、と言う,Say you feel it,validado,
sev04_080.scr:23,sev04_080.scr,23,,(opcao do jogador),escolha,6,16,,,感じない、と言う,Say you don't feel it,validado,
sev04_090.scr:0,sev04_090.scr,0,62,アンジュ,personagem,0,70,,CRLF x2,何だか、ちょっぴり残念。\nお宝が隠されていると、\n思ったんだけどなぁ…,It's a little disappointing.\nI really thought some treasure\nwas hidden away...,validado,
sev04_090.scr:1,sev04_090.scr,1,89,カノンノ・イアハート,personagem,1,90,,CRLF x2,けど、このリングでまた行ける場所が\n増えるんだろうし。\nそれこそ、本当の宝物に出会えるかも,"Still, this ring opens more places to go.\nMaybe we'll even find real treasure\nfrom here on out!",validado,
sev04_090.scr:2,sev04_090.scr,2,62,アンジュ,personagem,2,46,,CRLF x1,ん〜、そう聞くと\n依頼した甲斐もあったのかな？,"Hmm, hearing that, I suppose having you\ntake the quest was worth it after all?",validado,
sev04_090.scr:3,sev04_090.scr,3,2,ミント,personagem,3,110,,CRLF x2,効力のあるソーサラーリングを手にする者は\n多くいますが、ここまでの効力を持ったものは\n恐らくはいないと思います,"Many possess a functional Sorcerer's Ring,\nbut I believe none possess one with\npower to this extent.",validado,
sev04_090.scr:4,sev04_090.scr,4,2,ミント,personagem,4,52,,CRLF x1,ですから、リングだけでも大変な価値の\nあるものですよ,"Therefore, the ring alone holds\ntremendous value.",validado,
sev04_090.scr:5,sev04_090.scr,5,62,アンジュ,personagem,5,50,,CRLF x1,じゃあ、これで○○に\n行けない道は無いって事よね？,"Then that means there is no path\n○○ cannot tread now, right?",validado,
sev04_090.scr:6,sev04_090.scr,6,62,アンジュ,personagem,6,40,,,だったら、努めてお宝を集めて回りなさい♪,So go gather lots of treasure for us!,validado,
sev04_090.scr:7,sev04_090.scr,7,62,アンジュ,personagem,7,28,,,それじゃあ、今回もありがとう,"Well then, thank you once again!",validado,
sev05_010.scr:0,sev05_010.scr,0,76,ダオス,personagem,0,24,,,とうとうこの世に現れたか,So you've finally appeared.,validado,
sev05_010.scr:1,sev05_010.scr,1,76,ダオス,personagem,1,42,,CRLF x1,お前の事は知っている…。\nディセンダーだな,I know of you...\nYou're a Descender.,validado,
sev05_010.scr:2,sev05_010.scr,2,76,ダオス,personagem,2,20,,,またお前に会うとは…,To meet you once again...,validado,
sev05_010.scr:3,sev05_010.scr,3,76,ダオス,personagem,3,82,,CRLF x2,ここまで来るとは大したものだな。\nさすがはヒトの絶望を糧に肥え太る\nディセンダー…,"Impressive, to make it this far.\nFitting of a Descender who feeds\nupon the despair of humanity...",validado,
sev05_010.scr:4,sev05_010.scr,4,78,ユグドラシル,personagem,4,82,,CRLF x2,世界の危機が生まれし時、\n世界樹はディセンダーを生み出す。\nそれは、世界の守り手…,"When crisis arises, the World Tree\nbrings forth a Descender.\nThe guardian of the world...",validado,
sev05_010.scr:5,sev05_010.scr,5,78,ユグドラシル,personagem,5,80,,CRLF x2,だが、私は認めない…。\n結局は、ディセンダーを待ち望む者達に\n堕落を与えただけだ,"Yet I will not acknowledge it...\nIn the end, it merely brought ruin\nto those awaiting a Descender.",validado,
sev05_010.scr:6,sev05_010.scr,6,78,ユグドラシル,personagem,7,98,,CRLF x2,我々は、ヴェラトローパに生きた民…。\nヒトの祖が地上に降りたその時から、\n今へ渡る時間を生きている,"We are the people who dwelt in Veratropa.\nSince humanity first descended to earth,\nwe have lived throughout the ages.",validado,
sev05_010.scr:7,sev05_010.scr,7,76,ダオス,personagem,8,36,,,地上へ降りた、多くのヒトの祖の子孫…,Descendants of humans who descended...,validado,
sev05_010.scr:8,sev05_010.scr,8,76,ダオス,personagem,9,96,,CRLF x2,その者達に伝わったディセンダーが\n現れるという予言は、\n絶望から目をそらす者達の大義名分となった,The prophecy passed to them of a\nDescender's arrival became an excuse\nfor those blind to their despair!,validado,
sev05_010.scr:9,sev05_010.scr,9,76,ダオス,personagem,10,68,,CRLF x2,より世界を混迷に陥れれば、\n救いは現れると！\n愚かな望みを抱かせた！,That throwing the world into chaos\nwould bring forth salvation!\nIt nurtured a foolish hope!,validado,
sev05_010.scr:10,sev05_010.scr,10,76,ダオス,personagem,11,28,,,私は、ディセンダーなど認めぬ,I shall never acknowledge a Descender!,validado,
sev05_010.scr:11,sev05_010.scr,11,76,ダオス,personagem,12,26,,,ここで散れ！　偽りの光よ！,Perish here! O false light!,validado,
sev05_010.scr:12,sev05_010.scr,12,,(sem caixa de nome),sem_caixa,6,22,,,お前達は何者だ、と問う,Ask who they are,validado,
sev05_020.scr:0,sev05_020.scr,0,76,ダオス,personagem,0,56,,CRLF x1,お前の存在は、偽りの希望に過ぎん。\n何度でも散らそうぞ！,Your existence is merely false hope.\nI will strike you down time and again!,validado,
sev05_030.scr:0,sev05_030.scr,0,76,ダオス,personagem,0,24,,,おのれ…、ディセンダー…,Curse you... Descender...,validado,
sev05_030.scr:1,sev05_030.scr,1,78,ユグドラシル,personagem,1,86,,CRLF x2,我々の種族は、ヴェラトローパを降りる時、\nこの世界を治めるに相応しい者として\n設計した,"When descending Veratropa, we designed\nour race as beings worthy of ruling\nover this world.",validado,
sev05_030.scr:2,sev05_030.scr,2,78,ユグドラシル,personagem,2,32,,,天使の力、その全てを見せてやろう,I shall show you the full power of angels!,validado,
sev05_030.scr:3,sev05_030.scr,3,78,ユグドラシル,personagem,3,78,,CRLF x2,ディセンダーなどいなくとも、\n我等が世界を統治する力を持つ事を\n証明してやる！,"Even without a Descender, I will prove\nwe possess the strength to govern\nthis world!",validado,
sev06_010.scr:0,sev06_010.scr,0,78,ユグドラシル,personagem,0,38,,,お前がこの世に現れる事が、道理に反する,Your manifestation goes against reason.,validado,
sev06_010.scr:1,sev06_010.scr,1,78,ユグドラシル,personagem,1,60,,CRLF x1,お前というマナは我々天使の手によって、\n駆使されるべきなのだ,The mana that is you should be commanded\nby the hands of us angels!,validado,
sev06_010.scr:2,sev06_010.scr,2,78,ユグドラシル,personagem,2,36,,,さあ、この手で世界樹へ還してやる！！,I shall return you to the World Tree!!,validado,
sev06_020.scr:0,sev06_020.scr,0,78,ユグドラシル,personagem,0,44,,CRLF x1,さあ、世界樹へ還れ！\nそして、その力を私に！,"Now, return to the World Tree!\nAnd surrender that power to me!",validado,
sev06_030.scr:0,sev06_030.scr,0,78,ユグドラシル,personagem,1,60,,CRLF x2,くっ…。\nこの世界で最強と謳われた\n我等天使を退かせるとは…,"Ugh...\nTo think you drove back us angels,\nheralded as strongest in this world...",validado,
sev06_030.scr:1,sev06_030.scr,1,76,ダオス,personagem,2,38,,CRLF x1,だが、いずれその身を砕き\nマナに還す…,Yet before long we will crush your form\nand return you to mana...,validado,
sev06_030.scr:2,sev06_030.scr,2,78,ユグドラシル,personagem,3,48,,CRLF x1,それまで偽りの正義ごっこでも\nやっているんだな…,"Until then, keep playing at your\nfalse game of justice...",validado,
sev07_010.scr:0,sev07_010.scr,0,76,ダオス,personagem,0,64,,CRLF x1,お前の存在は、偽りの希望だ。\nまやかしのマナの姿よ、散るがいい！,"Your existence is false hope.\nO deceptive form of mana, perish!",validado,
sev07_020.scr:0,sev07_020.scr,0,78,ユグドラシル,personagem,0,90,,CRLF x2,まだこの世に存在していたか…。\n本来、世界のあるべき姿。\nそれはお前が存在しない世界なんだ,You still exist in this world...?\nThe world as it truly ought to be\nis one where you do not exist.,validado,
sev07_020.scr:1,sev07_020.scr,1,78,ユグドラシル,personagem,1,22,,,さあ、世界樹へと還れ！,"Now, return to the World Tree!",validado,
sev07_030.scr:0,sev07_030.scr,0,78,ユグドラシル,personagem,0,94,,CRLF x2,お前は世界の影にしか過ぎない。\n共に世界の者と歩む事はならない。\nただ力と原理として在ればいい,You are nothing more than a shadow.\nYou cannot walk beside its people.\nExist only as power and principle!,validado,
sev07_030.scr:1,sev07_030.scr,1,76,ダオス,personagem,1,78,,CRLF x2,世界全ての者の為に。\nそして、我等天使が世界を統一する為に。\nお前の姿を砕く！,For the sake of all in this world.\nAnd for us angels to unite the world.\nI shall shatter your very form!,validado,
