origem_jp,bytes_jp,ocorrencias,categoria,canonico_en,bytes_canonico,folga_vs_jp,ab_7,ab_5,ab_3,fonte,status,nota,contexto_1
装備スキル,10,5,sistema,Equip Skill,11,-1,EqSkill,EqSkl,ESk,rm2_deriv,derivado,"装備=Equip (RM2 3.5), 技=Skill (RM2 3.2 特技)",「合成」は鍛冶屋で行う事が出来ます。 これは、装備品に備わっている「装備スキル」を、 別の装備品へと移すものです。 キャラの目的に沿った装備スキルの組み合わせも 出来る為、カスタムの幅が広がります。 「合成」を行うには、装備スキルを付加させ
ボトル,6,5,item,Bottle,6,0,Bottle,Bottl,Btl,serie,validado,serie Tales: Cure/Panacea Bottle,「ボトル」は状態異常、状態変化、戦闘不能などを 回復するアイテムです。 ４種類あり、それぞれ効果は異なります。 状態異常には、毒、衰弱、封印、マヒ、石化、気絶が あり、状態変化には、攻撃、防御、術攻撃、術防御、 敏捷の増減があります。 　 
セミオート,10,4,batalha,Semi-Auto,9,1,SemiAut,Semi,S-A,serie,validado,modo de IA classico da serie,術・技のメニューでＳＥＬＥＣＴボタンを押す事で 確認中のキャラの操作モードを切り替えられます。 切り替えは「オート」「セミオート」「マニュアル」の 順で行われます。 この操作切り替えは、戦闘中でも可能です。 なお、パーティ内で「セミオート」
マニュアル,10,4,batalha,Manual,6,4,Manual,Manul,Man,serie,validado,modo de IA classico da serie,術・技のメニューでＳＥＬＥＣＴボタンを押す事で 確認中のキャラの操作モードを切り替えられます。 切り替えは「オート」「セミオート」「マニュアル」の 順で行われます。 この操作切り替えは、戦闘中でも可能です。 なお、パーティ内で「セミオート」
素材装備品,10,4,producao,Material Gear,13,-3,MatGear,MatGr,Mat,rm2_deriv,derivado,素材=Material (RM2 3.7),「合成」は鍛冶屋で行う事が出来ます。 これは、装備品に備わっている「装備スキル」を、 別の装備品へと移すものです。 キャラの目的に沿った装備スキルの組み合わせも 出来る為、カスタムの幅が広がります。 「合成」を行うには、装備スキルを付加させ
グミ,4,4,item,Gel,3,1,Gel,Gel,Gel,rm2,validado,"RM2 3.2: NAO ""gummi""",「グミ」は回復アイテムで、効果は種類により 異なります。 　 「アップルグミ」「レモングミ」ＨＰを回復 「オレンジグミ」「パイングミ」ＴＰを回復 「ミックスグミ」「ミラクルグミ」ＨＰ・ＴＰ回復 　 グミは戦闘中にも使用可能で、回復の術を持た
ワールドマップ,14,3,mapa,World Map,9,5,WorldMp,W.Map,WMp,serie,validado,,ＳＴＡＲＴボタンを押すと移動メニューが表示され、 「ワールドマップ」やバンエルティア号の 各フロアを選択することができます。 　 「ワールドマップ」を選択することで ワールドマップへ移動することができます。 　 各フロアを選択することで、各
ベース装備品,12,3,producao,Base Gear,9,3,BaseGer,BaseG,Bse,novo,revisar,par de 素材装備品,「合成」は鍛冶屋で行う事が出来ます。 これは、装備品に備わっている「装備スキル」を、 別の装備品へと移すものです。 キャラの目的に沿った装備スキルの組み合わせも 出来る為、カスタムの幅が広がります。 「合成」を行うには、装備スキルを付加させ
型紙アイテム,12,3,producao,Pattern Item,12,0,Pattern,Pattn,Pat,novo,revisar,型紙 = molde de costura,この「型紙アイテム」は、武器や防具の型紙です。 この型紙を集めてロックスに渡すと、型紙を元に 仕立てられたアイテムと交換してくれます。 入手した「型紙アイテム」は、メニューのアイテム、 カテゴリ・道具 で確認出来ます。 この型紙の交換で入手
雑貨武器,8,3,equip,Misc Weapon,11,-3,MiscWpn,MscWp,Msc,novo,revisar,雑貨 = bugigangas; categoria de arma,「武器」には様々な種類があり、 プレイヤーキャラが装備出来るものだけでも 「片手剣」「両手剣」「短剣」「斧」「拳」「杖」 「弓」「拳銃」などの武器が存在します。 　 武器の中には、特定のテイルズキャラしか装備 出来ない武器もあり、それらはま
オート,6,3,batalha,Auto,4,2,Auto,Auto,Aut,serie,validado,,術・技のメニューでＳＥＬＥＣＴボタンを押す事で 確認中のキャラの操作モードを切り替えられます。 切り替えは「オート」「セミオート」「マニュアル」の 順で行われます。 この操作切り替えは、戦闘中でも可能です。 なお、パーティ内で「セミオート」
強化,4,3,producao,Enhance,7,-3,Enhance,Enhnc,Enh,novo,revisar,,「強化」は鍛冶屋で行う事が出来ます。 これは、装備品のパラメータを増加させるものです。 「強化」を行うには、強化させたい装備品を選び、 次に強化素材を選び、必要なガルドを支払います。 なお、「強化素材」は「強化」後に失われます。 使用する素
料理,4,3,item,Food,4,0,Food,Food,Fod,rm2,validado,RM2 3.7,「生産」とは、生産素材を消費してアイテム、 もしくは効果を作り出す事です。 生産には「料理」「グミ」「ボトル」があります。 生産を行うには、生産素材だけではなく、 レシピが必要です。 レシピを入手すれば、相当する 「料理」「グミ」「ボトル」
盗む,4,3,batalha,Steal,5,-1,Steal,Steal,Stl,rm2_deriv,derivado,RM2 3.4 盗めるアイテム=Stealable,盗賊や一部のキャラクターは、 ローバーアイテム（特技）などで、敵から アイテムを「盗む」事が出来ます。 　 通常、敵を倒すとアイテムが入手出来るのですが、 「盗む」では、倒した時以外のアイテムが 入手出来たりします。
レディアント・ドライヴ,22,2,sistema,Radiant Drive,13,9,RadDriv,RadDr,RDr,novo,revisar,mecanica-titulo do RM3,「リミッツゲージ」が満タンの状態で 「Ｌボタンと方向キー下を押したままＲボタンを 押す」と「レディアント・ドライヴ」状態になり、 以下の３点が可能となります。 ・ＴＰを消費せずに術・技を使用 ・特技、秘技、奥義を無視した連携 ・詠唱時間０で
アンジュにおまかせ！,20,2,batalha,Leave it to Ange!,17,3,AngePik,Ange,Ang,novo,revisar,アンジュ = personagem Ange; おまかせ = deixar a IA decidir,「アンジュにおまかせ！」には、クエストがひとつ、 ランダムでエントリーされます。 クエストを選ぶのが面倒になってしまったら、 アンジュにおまかせ！でクエストを受けると いいかもしれません。 特に何が違うわけではありませんが、たまには選択を 
クリティカルダメージ,20,2,batalha,Critical Damage,15,5,CritDmg,CritD,CDm,serie,validado,,敵を攻撃、あるいは敵から攻撃された時に、 「ＣＲＩＴＩＣＡＬ！」と表示されるダメージを 「クリティカルダメージ」といいます。 　 この「クリティカルダメージ」は、通常の ダメージよりも大きいものです。
アイテムを引き取る,18,2,menu,Collect Item,12,6,Collect,Colct,Col,novo,revisar,acao de menu,「倉庫」は、ショップとホールの二箇所にあり、 装備を預ける事が出来きます。 また、連動サイトから入手したアイテムは、 この倉庫にて１８個まで預かってくれます。 これらアイテムは「アイテムを引き取る」で 引き取る事が出来ます。
クリティカルガード,18,2,batalha,Critical Guard,14,4,CritGrd,CritG,CGd,novo,revisar,,「クリティカルガード」は、 □ボタン＋方向キーを敵に向かって前方向操作で 発動します。 このクリティカルガードにより、相手を押し返し、 通常のガードよりも多くのダメージを軽減出来ます。 タイミングは難しいですが、使いこなせば より有利な戦闘
クエストカウンタ,16,2,local,Quest Counter,13,3,QuestCt,QstCt,QCt,rm2_deriv,derivado,クエスト=quest (RM2 3.2),天駆ける船「バンエルティア号」は、プレイヤー達が 所属するギルド「アドリビトム」の拠点です。 クエストが受けられる「クエストカウンタ」他、 ショップなどの施設があります。 ダンジョンへの移動も、このバンエルティア号で 行います。
リミッツゲージ,14,2,batalha,Limits Gauge,12,2,LimGaug,LimGa,LGa,serie,validado,"""Limits"" da serie Tales",敵を攻撃する事で「リミッツゲージ」がたまります。 ゲージが満タンになると、ゲージ上に 「ＭＡＸ」と表示され、この状態で 「Ｌボタンを押したままＲボタンを押す」と オーバーリミッツ状態になります。 　 このオーバーリミッツ状態の間は 攻撃力ア
アップルグミ,12,2,item,Apple Gel,9,3,AppleGl,ApplG,AGl,rm2,validado,RM2 3.2 cita este exemplo,「グミ」は回復アイテムで、効果は種類により 異なります。 　 「アップルグミ」「レモングミ」ＨＰを回復 「オレンジグミ」「パイングミ」ＴＰを回復 「ミックスグミ」「ミラクルグミ」ＨＰ・ＴＰ回復 　 グミは戦闘中にも使用可能で、回復の術を持た
キュアボトル,12,2,item,Cure Bottle,11,1,CureBtl,CureB,CBt,serie,validado,,「ボトル」は状態異常、状態変化、戦闘不能などを 回復するアイテムです。 ４種類あり、それぞれ効果は異なります。 状態異常には、毒、衰弱、封印、マヒ、石化、気絶が あり、状態変化には、攻撃、防御、術攻撃、術防御、 敏捷の増減があります。 　 
特殊クエスト,12,2,quest,Special Quest,13,-1,SpQuest,SpQst,SpQ,rm2_deriv,derivado,,修行クエスト、腕試しクエスト以外にあるのが 「特殊クエスト」となります。 アンジュから受けることができる「特殊クエスト」は 「アンジュにおまかせ！」に現れます。 一度達成すると、もう出現しない一度きりの クエストです。
鍛冶屋ランク,12,2,sistema,Smith Rank,10,2,SmthRnk,SmRnk,SmR,novo,revisar,,「鍛冶屋」はショップにあり、ポッポが 営んでいます。 鍛冶屋では、装備の合成と強化が出来ます。 鍛冶屋には「鍛冶屋ランク」があり、特殊クエストの 達成でランクが上がります。 「鍛冶屋ランク」が上がれば、使用出来る素材が 増えて行きます。
オプション,10,2,menu,Options,7,3,Options,Optns,Opt,serie,validado,,「システム」には、「セーブ」や「オプション」など、 ゲームの進行に必要な機能がまとめてあります。
パッと戻る,10,2,menu,Quick Return,12,-2,QckRtrn,QkRtn,QRt,novo,revisar,,クエストを達成すると、ダンジョンから バンエルティア号へ「パッと戻る」事が出来ます。 ＳＴＡＲＴボタンを押して、 「バンエルティア号に戻りますか？」の メニューを呼び出し「はい」を選んで下さい。 ただし、このメニューはクエストを達成するまで
ミニマップ,10,2,mapa,Minimap,7,3,Minimap,MnMap,Mmp,serie,validado,,ダンジョンで×ボタンを押すと、「ミニマップ」が 表示されます。 この「ミニマップ」には、自分の周囲の地形が表示され 出入り口には矢印が記されます。
のけぞり,8,2,batalha,Flinch,6,2,Flinch,Flnch,Fln,novo,revisar,,攻撃を受けると「のけぞり」状態となります。 のけぞり中には反撃を行う事が出来ません。 一部の敵には「のけぞり」になるまでの耐久があり、 複数攻撃を与えないとのけぞり状態になりません。 この様な敵には、連続攻撃が当たる技や術の後に、 さらに攻
クエスト,8,2,quest,Quest,5,3,Quest,Quest,Qst,rm2,validado,RM2 3.2,ライブラリの「クエスト」では、現在受けている クエストの情報を確認出来ます。 目的のダンジョンや目標のモンスターの情報が表示 されるので、クエスト内容を忘れたらここで確認 しましょう。
特殊装備,8,2,equip,Special Gear,12,-4,SpGear,SpGr,SpG,novo,revisar,,「武器」には様々な種類があり、 「通常装備」「特殊装備」「雑貨武器」のカテゴリに 分けて所有されます。 　 「通常装備」はプレイヤーキャラが転職出来る 職業の中で装備可能な武器です。 　 「特殊装備」と「雑貨武器」は、特定のテイルズキャラ 
緑の宝箱,8,2,dungeon,Green Chest,11,-3,GrnChst,GrnCh,GCh,novo,revisar,,レシピの入手について グミ、ボトルのレシピは 「緑の宝箱」から入手出来ます。 　 料理のレシピは、 「緑の宝箱や特定のクエスト」で入手出来ます。
通常装備,8,2,equip,Normal Gear,11,-3,NrmGear,NrmGr,NGr,novo,revisar,,「武器」には様々な種類があり、 「通常装備」「特殊装備」「雑貨武器」のカテゴリに 分けて所有されます。 　 「通常装備」はプレイヤーキャラが転職出来る 職業の中で装備可能な武器です。 　 「特殊装備」と「雑貨武器」は、特定のテイルズキャラ 
上級職,6,2,classe,Advanced Job,12,-6,AdvJob,AdvJb,AJb,rm2_deriv,derivado,職業=Job (RM2 3.4),プレイヤーがギルドで活躍する為には、必ず何らかの 職業に就いていなくてはなりません。 それぞれの職業に、それぞれの得意とする 戦闘スタイルがあります。 職業には「基本職」と「上級職」があり、 はじめは基本職からしか職業は選べません。 なお、
装飾品,6,2,equip,Accessory,9,-3,Accsry,Accsy,Acc,rm2,validado,RM2 3.7,「装飾品」を装備する事で様々な効果が表れます。 パラメータの上昇や、状態異常の防止、 属性付与などです。 装飾品は、ひとつだけ装備する事が出来ます。 状況に合った装飾品を装備する事で、冒険を有利に 進める事が出来るでしょう。 　 装飾品は道
足装備,6,2,equip,Feet Gear,9,-3,FeetGer,Feet,Leg,rm2,validado,RM2 3.7: 足=Feet; binario RM2 usou Leg em 3 bytes,「防具」には装備する部位により様々な種類があり、 「鎧」「服」「ローブ」「兜」「帽子」「顔装備」 「篭手」「腕輪」「足装備」「盾」が存在します。 　 これらは、職業やテイルズキャラにより、 装備可能な防具が異なります。 装備が可能な部位も、
顔装備,6,2,equip,Face Gear,9,-3,FaceGer,Face,Fce,rm2,validado,RM2 3.7 cita 顔装備=Face Gear literalmente,「防具」には装備する部位により様々な種類があり、 「鎧」「服」「ローブ」「兜」「帽子」「顔装備」 「篭手」「腕輪」「足装備」「盾」が存在します。 　 これらは、職業やテイルズキャラにより、 装備可能な防具が異なります。 装備が可能な部位も、
受身,4,2,batalha,Recovery,8,-4,Recover,Recvr,Rcv,novo,revisar,levantar apos queda,敵から攻撃を受けて空中に居るタイミングで □ボタンを押すと「受身」を行う事が出来ます。 　 普通、「受身」を取らない場合はダウン状態となり、 隙が出来てしまい不利となります。 そうならない為にも、受身が出来るように しましょう。
合成,4,2,producao,Synthesis,9,-5,Synth,Synth,Syn,novo,revisar,,「合成」は鍛冶屋で行う事が出来ます。 これは、装備品に備わっている「装備スキル」を、 別の装備品へと移すものです。 キャラの目的に沿った装備スキルの組み合わせも 出来る為、カスタムの幅が広がります。 「合成」を行うには、装備スキルを付加させ
武器,4,2,equip,Weapon,6,-2,Weapon,Weapn,Wpn,rm2,validado,RM2 3.7,「武器」には様々な種類があり、 プレイヤーキャラが装備出来るものだけでも 「片手剣」「両手剣」「短剣」「斧」「拳」「杖」 「弓」「拳銃」などの武器が存在します。 　 武器の中には、特定のテイルズキャラしか装備 出来ない武器もあり、それらはま
逃走,4,2,batalha,Escape,6,-2,Escape,Escpe,Esc,rm2_deriv,derivado,RM2 3.6 逃避=Escape,逃走＆逃走解除 「逃走」を実行すると逃走ゲージが表示され、 時間の経過とともに減少し、ゲージが０になると 逃走に成功となり、戦闘は中断となります。 　 強い敵との戦闘の場合、逃走ゲージの減少速度は 鈍くなり、逃走まで時間がかかります。 　 
防具,4,2,equip,Armor,5,-1,Armor,Armor,Arm,rm2,validado,RM2 3.7,「防具」には装備する部位により様々な種類があり、 「鎧」「服」「ローブ」「兜」「帽子」「顔装備」 「篭手」「腕輪」「足装備」「盾」が存在します。 　 これらは、職業やテイルズキャラにより、 装備可能な防具が異なります。 装備が可能な部位も、
毒,2,2,status,Poison,6,-4,Poison,Poisn,Psn,novo,revisar,,状態異常の一種です。 「毒」状態になると、時間の経過と共に ＨＰが減少します。 アイテムや術で回復が出来るので、 早めに対処するようにしましょう。 　 なお、この「毒」状態は、回復しない限り 戦闘終了後も続きます。
盾,2,2,equip,Shield,6,-4,Shield,Shld,Shd,rm2,validado,RM2 3.7; binario RM2 = Shd em 3 bytes,「防具」には装備する部位により様々な種類があり、 「鎧」「服」「ローブ」「兜」「帽子」「顔装備」 「篭手」「腕輪」「足装備」「盾」が存在します。 　 これらは、職業やテイルズキャラにより、 装備可能な防具が異なります。 装備が可能な部位も、
"Ｌボタンと方向キー下を押したままＲボタンを
押す",47,1,instrucao,"Hold L + Down, then press R",27,20,-,-,-,novo,revisar,string com quebra de linha real no meio (47 B),「リミッツゲージ」が満タンの状態で 「Ｌボタンと方向キー下を押したままＲボタンを 押す」と「レディアント・ドライヴ」状態になり、 以下の３点が可能となります。 ・ＴＰを消費せずに術・技を使用 ・特技、秘技、奥義を無視した連携 ・詠唱時間０で
Ｌボタンを押したままＲボタンを押す,34,1,instrucao,"Hold L, then press R",20,14,-,-,-,novo,revisar,,敵を攻撃する事で「リミッツゲージ」がたまります。 ゲージが満タンになると、ゲージ上に 「ＭＡＸ」と表示され、この状態で 「Ｌボタンを押したままＲボタンを押す」と オーバーリミッツ状態になります。 　 このオーバーリミッツ状態の間は 攻撃力ア
バンエルティア号に戻りますか？,30,1,aviso,Return to the Van Eltia?,24,6,-,-,-,rm2_deriv,derivado,RM2 3.2: バンエルティア号=Van Eltia,クエストを達成すると、ダンジョンから バンエルティア号へ「パッと戻る」事が出来ます。 ＳＴＡＲＴボタンを押して、 「バンエルティア号に戻りますか？」の メニューを呼び出し「はい」を選んで下さい。 ただし、このメニューはクエストを達成するまで
緑の宝箱や特定のクエスト,24,1,corrido,green chests and certain quests,31,-7,-,-,-,novo,revisar,"nao e rotulo, e texto corrido",レシピの入手について グミ、ボトルのレシピは 「緑の宝箱」から入手出来ます。 　 料理のレシピは、 「緑の宝箱や特定のクエスト」で入手出来ます。
スペシャルミッション,20,1,quest,Special Mission,15,5,SpMissn,SpMsn,SpM,novo,revisar,,闘技場の「スペシャルミッション」では、 パスワードにより特別なミッションを追加出来ます。 パスワードは、雑誌やテイルズのイベントで 入手する事が出来ます。
敵と対面した時の隊列,20,1,batalha,Encounter Formation,19,1,EncForm,EncFm,EFm,novo,revisar,隊列=Formation,「隊列」は、戦闘が開始された直後のキャラの戦闘開始 位置であり、「敵と対面した時の隊列」のウィンドウで 確認出来ます。 敵に対して「前列」「中列」「後列」の３列に並び、 敵との距離が変化します。 隊列での位置は、キャラの職業と基本行動によっ
ダンジョンギミック,18,1,dungeon,Dungeon Gimmick,15,3,DngGmck,DnGmk,DGm,novo,revisar,,「ダンジョンギミック」は、ダンジョンの奥へ進むのを 阻む仕掛けであり、何かしらのアクションによって、 これを解除出来ます。 また、どうしても解除出来ないダンジョンギミックが あっても、ゲームの進行の中で解除する為の手段を 入手しているかもし
モンスターシンボル,18,1,dungeon,Monster Symbol,14,4,MonSymb,MnSym,MSy,novo,revisar,,ダンジョン内部には、様々なモンスターが 徘徊しています。 それらの様子は「モンスターシンボル」として ダンジョン内で見る事が出来ます。 モンスターシンボルは、プレイヤー達のレベルが 低いと襲い掛かかる傾向があり、 逆にプレイヤー達のレベルが
他プレイヤーキャラ,18,1,sistema,Other Players,13,5,OthPlyr,OthPl,OPl,novo,revisar,,「ダウンロード傭兵」は、連動サイトから ダウンロードした「他プレイヤーキャラ」の事です。 ゲーム内に５人まで取り込む事が可能で、 その中から最大３人までのダウンロード傭兵が バンエルティア号の展望室に配置されます。 なお、ＮＰＣ傭兵と同じく
ＣＲＩＴＩＣＡＬ！,18,1,batalha,CRITICAL!,9,9,CRITIC!,CRIT!,CR!,serie,validado,ja esta em latim de largura plena; converter para ASCII,敵を攻撃、あるいは敵から攻撃された時に、 「ＣＲＩＴＩＣＡＬ！」と表示されるダメージを 「クリティカルダメージ」といいます。 　 この「クリティカルダメージ」は、通常の ダメージよりも大きいものです。
クエストを受ける,16,1,quest,Accept Quest,12,4,AcptQst,AcpQt,AQt,rm2_deriv,derivado,RM2 3.5 受ける=Accept,「クエスト」とは、依頼人から依頼を受け、それを 達成する行為です。 このゲームでは、クエストを受け、達成していくのが 基本的な遊び方となります。 通常のクエストは、ギルドリーダーのアンジュから 「クエストを受ける」事で受ける事が出来ます。 
ソーサラーリング,16,1,item,Sorcerer's Ring,15,1,SorcRng,SorcR,SRg,serie,validado,item classico da serie Tales,「ソーサラーリング」はダンジョンの特殊な ギミックを開放し、移動の幅を広げる重要な アイテムです。 □ボタンで、特殊なエネルギー体を発射し、 これをオブジェクトに当てギミックを操作します。 ソーサラーリングにはレベルがあり、レベルが 相当し
ダウンロードキー,16,1,sistema,Download Key,12,4,DL Key,DLKey,DLK,novo,revisar,,連動サイトでクエストをダウンロードし、 ロックスに話しかけると「ダウンロードキー」を 渡してくれます。 入手したダウンロードキーは、貴重品で確認出来ます。 　 ダウンロードキーを所持し、プレイ条件を満たせば 特定のイベントが発生し、クエスト
ダウンロード傭兵,16,1,sistema,Download Merc,13,3,DLMerc,DLMrc,DLM,novo,revisar,傭兵 = mercenario,「ダウンロード傭兵」は、連動サイトから ダウンロードした「他プレイヤーキャラ」の事です。 ゲーム内に５人まで取り込む事が可能で、 その中から最大３人までのダウンロード傭兵が バンエルティア号の展望室に配置されます。 なお、ＮＰＣ傭兵と同じく
バンエルティア号,16,1,local,Van Eltia,9,7,VanElt,VanEl,VEl,rm2,validado,RM2 3.2 e 3.8,天駆ける船「バンエルティア号」は、プレイヤー達が 所属するギルド「アドリビトム」の拠点です。 クエストが受けられる「クエストカウンタ」他、 ショップなどの施設があります。 ダンジョンへの移動も、このバンエルティア号で 行います。
パッシングスルー,16,1,batalha,Pass Through,12,4,PassThr,PasTh,PTh,novo,revisar,atravessar o inimigo apos クリティカルガード,職業やキャラによっては「クリティカルガード」の 動作で（□ボタン＋方向キーを敵に向かって前方向操作）、 「パッシングスルー」が出来ます。 パッシングスルーはガードではなく、敵をすり抜け 背後へと移動します。 ただ、パッシングスルーはガードで
パナシーアボトル,16,1,item,Panacea Bottle,14,2,PanacBt,PancB,PBt,serie,validado,item classico da serie,「ボトル」は状態異常、状態変化、戦闘不能などを 回復するアイテムです。 ４種類あり、それぞれ効果は異なります。 状態異常には、毒、衰弱、封印、マヒ、石化、気絶が あり、状態変化には、攻撃、防御、術攻撃、術防御、 敏捷の増減があります。 　 
特殊な装備スキル,16,1,sistema,Special Equip Skill,19,-3,SpEqSkl,SpESk,SES,rm2_deriv,derivado,,プレイヤーキャラのステータス画面で□ボタンを 押すと装備中の装備についている 「特殊な装備スキル」の効果を確認する事が 出来ます。 　 「毒付与」「ガード破壊」「採取効果ＵＰ」などの 効果が一覧で表示されるので、確認に便利です。
通常エンカウント,16,1,batalha,Normal Encounter,16,0,NrmEnc,NrmEn,NEn,novo,revisar,,モンスターシンボルとプレイヤーキャラとの 接触が、お互いの前方方向で行われると、 「通常エンカウント」となり、 互角な条件で戦闘が開始されます。
ガードブレイク,14,1,batalha,Guard Break,11,3,GrdBrk,GrdBk,GBk,serie,validado,,敵の攻撃をガードをしていても、 攻撃を受け続ける事で「ガードブレイク」の 状態となります。 　 ガードブレイク状態になると、 のけぞりが発生し、攻撃を防げなくなります。 　 ガードも万能ではないので、回避も行いつつ 戦闘を進めるようにしまし
バックアタック,14,1,batalha,Back Attack,11,3,BackAtk,BckAt,BAt,serie,validado,,モンスターシンボルとプレイヤーキャラとの 接触で、どちらかが背面となった場合、 「バックアタック」が発生します。 背面から接触された方は、不利な状態で 戦闘が開始されます。 　 バックアタックを受けた敵、もしくは味方には ダメージや気絶が発
バックステップ,14,1,batalha,Back Step,9,5,BackStp,BckSt,BSt,serie,validado,,「バックステップ」は、 □ボタン＋方向キーを敵に向かって 後ろ方向操作で発動します。 このバックステップは、短いリーチの攻撃や 範囲の狭い魔法などの回避に有効です。 ただし、直線状にリーチがある攻撃、広範囲に及ぶ 魔法には有効ではない為、使
マジックガード,14,1,batalha,Magic Guard,11,3,MagGrd,MagGd,MGd,novo,revisar,,「マジックガード」は、 □ボタン＋方向キー下で発動します。 このマジックガードにより、魔法攻撃ダメージを 軽減出来ます。 　 ただし、全ての魔法がガード出来るわけではなく、 中には回避出来ない魔法もあります。
モンスター図鑑,14,1,menu,Bestiary,8,6,Bestiry,Bestr,Bst,novo,revisar,図鑑 = compendio,ライブラリの「モンスター図鑑」では、これまでに 対峙したモンスターを確認出来ます。 対峙しただけの敵は、名前とグラフィックが表示され、 パラメータを解析した敵はステータスが表示されます。 ドロップしたアイテム、盗んだアイテムがあれば、 それ
味方を蘇生しろ,14,1,batalha,Revive Ally,11,3,Revive,Revve,Rev,novo,revisar,ordem de IA,戦闘中の味方キャラは、戦闘思考に沿って動作して います。 戦闘思考には「優先行動」というものがあり、これを 設定する事で、より的確な戦闘動作が期待出来ます。 優先行動は、その行動を行う為の条件が満たされると、 実行されます。 たとえば、「味
戦闘フィールド,14,1,batalha,Battle Field,12,2,BtlFild,BtlFl,BFl,novo,revisar,,「戦闘フィールド」は円形をしており、 戦闘が継続している間は、この戦闘フィールドから 出る事は出来ません。
腕試しクエスト,14,1,quest,Trial Quest,11,3,TrialQt,TrlQt,TQt,novo,revisar,腕試し = teste de habilidade,「腕試しクエスト」は、各テイルズシリーズの 主役キャラと対決するクエストです。 スタンとの腕試しから始まり、シナリオの進行に伴い 様々なキャラが腕試しを申し出てきます。 このクエストは、テイルズキャラから直接受ける事が 出来ます。 　 １対
アドリビトム,12,1,local,Ad Libitum,10,2,AdLibtm,AdLib,ALb,serie,validado,guilda da serie Radiant Mythology,天駆ける船「バンエルティア号」は、プレイヤー達が 所属するギルド「アドリビトム」の拠点です。 クエストが受けられる「クエストカウンタ」他、 ショップなどの施設があります。 ダンジョンへの移動も、このバンエルティア号で 行います。
エネミー素材,12,1,producao,Enemy Material,14,-2,EnmyMat,EnmMt,Emy,rm2_deriv,derivado,,「エネミー素材」は、鍛冶屋で装備を強化する為に 必要なアイテムです。 エネミー素材には「割れた牙」や「硬い表皮」など 多数あり、武器強化で大きな変化を期待出来る 強化素材です。 モンスターを倒して入手出来ますが、強力なエネミー 素材を手に入
オレンジグミ,12,1,item,Orange Gel,10,2,OrangGl,OrngG,OGl,rm2_deriv,derivado,regra グミ=Gel,「グミ」は回復アイテムで、効果は種類により 異なります。 　 「アップルグミ」「レモングミ」ＨＰを回復 「オレンジグミ」「パイングミ」ＴＰを回復 「ミックスグミ」「ミラクルグミ」ＨＰ・ＴＰ回復 　 グミは戦闘中にも使用可能で、回復の術を持た
ガイドブック,12,1,menu,Guidebook,9,3,GuideBk,Guide,Gde,novo,revisar,,ライブラリの「ガイドブック」では、 レディアント マイソロジー3の遊び方を 確認する事が出来ます。 　 全部読み終えた項目によっては、 アイテムがもらえることがあります。
ミックスグミ,12,1,item,Mixed Gel,9,3,MixedGl,MixGl,MGl,serie,validado,,「グミ」は回復アイテムで、効果は種類により 異なります。 　 「アップルグミ」「レモングミ」ＨＰを回復 「オレンジグミ」「パイングミ」ＴＰを回復 「ミックスグミ」「ミラクルグミ」ＨＰ・ＴＰ回復 　 グミは戦闘中にも使用可能で、回復の術を持た
ミラクルグミ,12,1,item,Miracle Gel,11,1,MiraclG,MircG,MrG,serie,validado,,「グミ」は回復アイテムで、効果は種類により 異なります。 　 「アップルグミ」「レモングミ」ＨＰを回復 「オレンジグミ」「パイングミ」ＴＰを回復 「ミックスグミ」「ミラクルグミ」ＨＰ・ＴＰ回復 　 グミは戦闘中にも使用可能で、回復の術を持た
モルダバイト,12,1,producao,Moldavite,9,3,Moldavt,Moldv,Mol,novo,revisar,mineral real,「宝石素材」は、鍛冶屋で装備を強化する為に 必要なアイテムです。 宝石素材には「水晶」や「モルダバイト」など ５種類あり、装備の術攻撃力、術防御力の変化を 引き出す傾向がある強化素材です。 　 ダンジョンの採掘ポイントを調べる事で入手 出来
レディアント,12,1,equip,Radiant,7,5,Radiant,Radnt,Rad,novo,revisar,nivel de raridade mais alto,敵を倒すと、装備品をドロップする事があります。 これらは、 　 　「白モノ」…（表示：白）スキルが付いていない 　「レア」…（表示：青）１〜６個のスキルが付与 　「ユニーク」…（表示：緑）６種の特定スキルが付与 　「レディアント」…（表示：
修行クエスト,12,1,quest,Training Quest,14,-2,TrainQt,TrnQt,TrQ,novo,revisar,,「修行クエスト」は、テイルズキャラと一緒に ザコモンスターを規定数まで退治するクエストで、 テイルズキャラから直接受ける事が出来ます。 　 ほとんどが依頼者のシリーズにまつわる パーティ編成となります。
光の幾何学場,12,1,dungeon,Geometry of Light,17,-5,LightGe,LigGe,LGe,novo,revisar,ponto de salvamento dentro da dungeon,「光の幾何学場」は、ダンジョンの中に点在する、 セーブが可能な場所です。 　 光の幾何学場の先には、ボス戦闘や重要なイベントが 控えているので、セーブをしておく事をお勧めします。
採取ポイント,12,1,dungeon,Gathering Point,15,-3,GathrPt,GthPt,GPt,novo,revisar,,ダンジョンの各所には、 「採掘ポイント」と「採取ポイント」が存在します。 このポイントを調べる事で、装備の強化に必要な素材や 料理などの生産に必要な素材を入手する事が出来ます。 採掘ポイントと採取ポイントは、いつも決まった場所に 出現します
採取効果ＵＰ,12,1,sistema,Gather Rate Up,14,-2,GathrUP,GthUP,GUp,novo,revisar,,プレイヤーキャラのステータス画面で□ボタンを 押すと装備中の装備についている 「特殊な装備スキル」の効果を確認する事が 出来ます。 　 「毒付与」「ガード破壊」「採取効果ＵＰ」などの 効果が一覧で表示されるので、確認に便利です。
採掘ポイント,12,1,dungeon,Mining Point,12,0,MinePt,MinPt,MPt,novo,revisar,,ダンジョンの各所には、 「採掘ポイント」と「採取ポイント」が存在します。 このポイントを調べる事で、装備の強化に必要な素材や 料理などの生産に必要な素材を入手する事が出来ます。 採掘ポイントと採取ポイントは、いつも決まった場所に 出現します
納品クエスト,12,1,quest,Delivery Quest,14,-2,DelivQt,DlvQt,DQt,novo,revisar,,「納品クエスト」は、指定されたアイテムを入手する クエストで、ギルドリーダーのアンジュから 受ける事が出来ます。 　 アイテムの入手方法は、モンスターを倒したり、 採取・採掘場所から、あるいは青い宝箱を探し出して など様々です。 　 指定さ
艦内見取り図,12,1,menu,Ship Map,8,4,ShipMap,ShpMp,SMp,rm2_deriv,derivado,RM2 3.8 lista as salas do navio,□ボタンを押すと、バンエルティア号の 「艦内見取り図」が表示されます。 各階層、各部屋の確認や、イベントの有無及び、 テイルズキャラのクエストも確認出来ます。
術攻撃アップ,12,1,status,M.Atk Up,8,4,M.AtkUp,MAtkU,MA+,rm2,validado,RM2 3.4 術攻撃=M.Atk,術・技やアイテムなどで「術攻撃アップ」の 効果を及ぼすものがあります。 これにより術で敵に与えるダメージが大きくなり、 戦闘が有利に進められます。 　 一方、敵からの攻撃などで「術攻撃ダウン」の 効果を及ぼすものがあります。 これにより、術
術攻撃ダウン,12,1,status,M.Atk Down,10,2,M.AtkDn,MAtkD,MA-,rm2,validado,RM2 3.4,術・技やアイテムなどで「術攻撃アップ」の 効果を及ぼすものがあります。 これにより術で敵に与えるダメージが大きくなり、 戦闘が有利に進められます。 　 一方、敵からの攻撃などで「術攻撃ダウン」の 効果を及ぼすものがあります。 これにより、術
術防御アップ,12,1,status,M.Def Up,8,4,M.DefUp,MDefU,MD+,rm2,validado,RM2 3.4 術防御=M.Def,術・技やアイテムなどで「術防御アップ」の 効果を及ぼすものがあります。 これにより敵から受ける術ダメージが 小さくなり、戦闘が有利に進められます。 　 一方、敵からの攻撃などで「術防御ダウン」の 効果を及ぼすものがあります。 これにより敵か
術防御ダウン,12,1,status,M.Def Down,10,2,M.DefDn,MDefD,MD-,rm2,validado,RM2 3.4,術・技やアイテムなどで「術防御アップ」の 効果を及ぼすものがあります。 これにより敵から受ける術ダメージが 小さくなり、戦闘が有利に進められます。 　 一方、敵からの攻撃などで「術防御ダウン」の 効果を及ぼすものがあります。 これにより敵か
退治クエスト,12,1,quest,Hunt Quest,10,2,HuntQst,HntQt,HQt,novo,revisar,退治 = exterminar,「退治クエスト」は、特定、不定のザコモンスターや、 ボスモンスターの退治を行うクエストで、 ギルドリーダーのアンジュから受ける事が出来ます。 ザコモンスターの退治は、指定されたダンジョンで 指定されたモンスターを規定数退治すれば、 クエスト
通常ダメージ,12,1,batalha,Normal Damage,13,-1,NrmDmg,NrmDm,NDm,novo,revisar,,敵を攻撃、あるいは敵から攻撃される事で ダメージを与えたり受けたりします。 これを「通常ダメージ」といいます。
ガード破壊,10,1,batalha,Guard Break,11,-1,GrdBrk,GrdBk,GBk,serie,validado,sinonimo de ガードブレイク — usar a MESMA forma,プレイヤーキャラのステータス画面で□ボタンを 押すと装備中の装備についている 「特殊な装備スキル」の効果を確認する事が 出来ます。 　 「毒付与」「ガード破壊」「採取効果ＵＰ」などの 効果が一覧で表示されるので、確認に便利です。
ターゲット,10,1,batalha,Target,6,4,Target,Targt,Tgt,serie,validado,,戦闘フィールド上の全てのキャラはそれぞれ、 敵の１体を常に「ターゲット」とし、 通常移動や攻撃は、ターゲットに対して行います。 　 プレイヤーキャラのターゲットは、Ｒボタンを 押す事で切り替えられます。 あるいは、Ｒボタンを押したまま、方向
ダウン状態,10,1,status,Knockdown,9,1,Knckdwn,Down,Dwn,novo,revisar,,敵に吹き飛ばされると「ダウン状態」になります。 この状態は、吹き飛ぶ効果のある術や技を 受けた時に起こります。 　 こうなると敵の攻撃を受け続ける為、 危険な状態となります。 　 このダウン状態は、受身を取る事で回避出来ます。 一方、敵をダ
ダンジョン,10,1,local,Dungeon,7,3,Dungeon,Dngn,Dng,serie,validado,,「ダンジョン」では、クエストの目的を達成したり、 敵と戦いレベルアップを行ったり、宝箱や採掘ポイント などからレアなアイテムを取得したりといった 冒険を行う場です。 シナリオの進行に従い、よりダンジョンの奥へと 行けるようになり、より手ごわ
パイングミ,10,1,item,Pineapple Gel,13,-3,PineGel,PinGl,PGl,serie,validado,,「グミ」は回復アイテムで、効果は種類により 異なります。 　 「アップルグミ」「レモングミ」ＨＰを回復 「オレンジグミ」「パイングミ」ＴＰを回復 「ミックスグミ」「ミラクルグミ」ＨＰ・ＴＰ回復 　 グミは戦闘中にも使用可能で、回復の術を持た
ベジタブル,10,1,item,Vegetable,9,1,Vegetbl,Vegtb,Veg,novo,revisar,categoria de 食材,「食材」は、料理の生産に必要なアイテムです。 「こくもつ」や「ベジタブル」など１０種類の食材があり、 規定の数を消費する事で、料理を生産出来ます。 　 一部の食材は道具屋で購入出来ますが、 多くの食材は、ダンジョンの採取ポイントや宝箱、 あ
ボトル素材,10,1,producao,Bottle Material,15,-5,BtlMatl,BtMat,BMt,rm2_deriv,derivado,,「ボトル素材」は、ボトルの生産に必要な アイテムです。 ボトル素材には「ボトル」や「生命の実」など ４種類あり、規定の数を消費する事で、ボトルを生産 出来ます。 　 一部のボトル素材は道具屋で購入出来ますが、 多くのボトル素材は、ダンジョン
ミッション,10,1,quest,Mission,7,3,Mission,Missn,Msn,serie,validado,,「ミッション」とは、闘技場で行う戦闘の事です。 このミッションにて、様々な相手と対戦が行えます。 ミッションは特定の条件を満たす事で 追加されていきます。 また、ミッションを連勝していく事で、思わぬ 対戦相手が現れる事があるかもしれません。
レモングミ,10,1,item,Lemon Gel,9,1,LemonGl,LemnG,LGl,serie,validado,,「グミ」は回復アイテムで、効果は種類により 異なります。 　 「アップルグミ」「レモングミ」ＨＰを回復 「オレンジグミ」「パイングミ」ＴＰを回復 「ミックスグミ」「ミラクルグミ」ＨＰ・ＴＰ回復 　 グミは戦闘中にも使用可能で、回復の術を持た
攻撃アップ,10,1,status,Atk Up,6,4,Atk Up,AtkUp,At+,rm2_deriv,derivado,RM2 3.4 物理攻撃=P.Atk,術・技やアイテムなどで「攻撃アップ」の 効果を及ぼすものがあります。 これにより敵に与える物理攻撃のダメージが 大きくなり、戦闘が有利に進められます。 　 一方、敵からの攻撃などで「攻撃ダウン」の 効果を及ぼすものがあります。 これにより敵
攻撃ダウン,10,1,status,Atk Down,8,2,AtkDown,AtkDn,At-,rm2_deriv,derivado,,術・技やアイテムなどで「攻撃アップ」の 効果を及ぼすものがあります。 これにより敵に与える物理攻撃のダメージが 大きくなり、戦闘が有利に進められます。 　 一方、敵からの攻撃などで「攻撃ダウン」の 効果を及ぼすものがあります。 これにより敵
敏捷の変化,10,1,status,Agi Change,10,0,AgiChng,AgiCh,ACh,rm2,validado,RM2 3.4 敏捷=Agi,「繊維素材」は、鍛冶屋で装備を強化する為に 必要なアイテムです。 繊維素材には「麻」や「綿」など５種類あり、 装備の「敏捷の変化」を引き出す傾向がある 強化素材です。 　 ダンジョンの宝箱などから入手出来ます。
敏捷アップ,10,1,status,Agi Up,6,4,Agi Up,AgiUp,Ag+,rm2,validado,RM2 3.4,術・技やアイテムなどで「敏捷アップ」の 効果を及ぼすものがあります。 これにより、クリティカルが出る可能性が 高くなり、戦闘が有利に進められます。 　 一方、敵からの攻撃などで「敏捷ダウン」の 効果を及ぼすものがあります。 これにより、敵か
敏捷ダウン,10,1,status,Agi Down,8,2,AgiDown,AgiDn,Ag-,rm2,validado,RM2 3.4,術・技やアイテムなどで「敏捷アップ」の 効果を及ぼすものがあります。 これにより、クリティカルが出る可能性が 高くなり、戦闘が有利に進められます。 　 一方、敵からの攻撃などで「敏捷ダウン」の 効果を及ぼすものがあります。 これにより、敵か
防御アップ,10,1,status,Def Up,6,4,Def Up,DefUp,Df+,rm2_deriv,derivado,RM2 3.4 物理防御=P.Def,術・技やアイテムなどで「防御アップ」の 効果を及ぼすものがあります。 これにより敵から受ける物理ダメージが 小さくなり、戦闘が有利に進められます。 　 一方、敵からの攻撃などで「防御ダウン」の 効果を及ぼすものがあります。 これにより敵から
防御ダウン,10,1,status,Def Down,8,2,DefDown,DefDn,Df-,rm2_deriv,derivado,,術・技やアイテムなどで「防御アップ」の 効果を及ぼすものがあります。 これにより敵から受ける物理ダメージが 小さくなり、戦闘が有利に進められます。 　 一方、敵からの攻撃などで「防御ダウン」の 効果を及ぼすものがあります。 これにより敵から
ＮＰＣ傭兵,10,1,sistema,NPC Merc,8,2,NPCMerc,NPCMc,NPC,novo,revisar,,テイルズキャラ以外にもパーティを組む事が 出来るのが「ＮＰＣ傭兵」です。 テイルズキャラと同じく、クエストカウンタにて パーティに加える事が出来ます。 ＮＰＣ傭兵は成長させたり装備の付け替えが 出来ませんが、プレイヤーのレベルアップに従い、
あらすじ,8,1,menu,Synopsis,8,0,Synopss,Synop,Syn,novo,revisar,banco OLDATA (P-25),ライブラリの「あらすじ」では、 これまでに体験した物語をあらすじとして 再確認出来ます。
こくもつ,8,1,item,Grain,5,3,Grain,Grain,Grn,novo,revisar,穀物 escrito em hiragana,「食材」は、料理の生産に必要なアイテムです。 「こくもつ」や「ベジタブル」など１０種類の食材があり、 規定の数を消費する事で、料理を生産出来ます。 　 一部の食材は道具屋で購入出来ますが、 多くの食材は、ダンジョンの採取ポイントや宝箱、 あ
アップル,8,1,item,Apple,5,3,Apple,Apple,App,novo,revisar,material de グミ,「グミ素材」は、グミの生産に必要なアイテムです。 グミ素材には「グミの元」や「アップル」など６種類 あり、規定の数を消費する事で、グミを生産出来ます。 　 一部のグミ素材は道具屋で購入出来ますが、 多くのグミ素材は、ダンジョンの採取ポイント
グミの元,8,1,producao,Gel Base,8,0,GelBase,GelBs,GBs,rm2_deriv,derivado,元 = base/origem,「グミ素材」は、グミの生産に必要なアイテムです。 グミ素材には「グミの元」や「アップル」など６種類 あり、規定の数を消費する事で、グミを生産出来ます。 　 一部のグミ素材は道具屋で購入出来ますが、 多くのグミ素材は、ダンジョンの採取ポイント
グミ素材,8,1,producao,Gel Material,12,-4,GelMatl,GelMt,GMt,rm2_deriv,derivado,,「グミ素材」は、グミの生産に必要なアイテムです。 グミ素材には「グミの元」や「アップル」など６種類 あり、規定の数を消費する事で、グミを生産出来ます。 　 一部のグミ素材は道具屋で購入出来ますが、 多くのグミ素材は、ダンジョンの採取ポイント
システム,8,1,menu,System,6,2,System,Systm,Sys,serie,validado,,「システム」には、「セーブ」や「オプション」など、 ゲームの進行に必要な機能がまとめてあります。
スロット,8,1,sistema,Slot,4,4,Slot,Slot,Slt,rm2,validado,RM2 3.4 aplicou SLOT 1-3,術技は、方向キーに対応して４つまで登録出来ます。 これを「スロット」と呼びます。 スロットは３つまで登録が可能で、 Ｌボタンでスロットを切り替える事が出来ます。 　 スロットを駆使して、最大１２の術と技を使い分ける 事が出来れば、戦闘の上級
メニュー,8,1,menu,Menu,4,4,Menu,Menu,Mnu,serie,validado,,「メニュー」は、△ボタンを押す事で表示されます。 アイテムの使用から、セーブなどの基本的な操作を 行います。
メリット,8,1,quest,Merit,5,3,Merit,Merit,Mrt,novo,revisar,bonus ativo durante a quest,「メリット」は、クエストを受けている最中に発生する 効果の事です。 各クエストには、このメリットというものがあり、 獲得経験値が増えたり、宝箱ドロップ効果が上昇 したりします。 　 メリットの内容は、クエスト受注時の情報ウィンドウで 確認出
ユニーク,8,1,equip,Unique,6,2,Unique,Uniqu,Unq,novo,revisar,raridade verde,敵を倒すと、装備品をドロップする事があります。 これらは、 　 　「白モノ」…（表示：白）スキルが付いていない 　「レア」…（表示：青）１〜６個のスキルが付与 　「ユニーク」…（表示：緑）６種の特定スキルが付与 　「レディアント」…（表示：
人物名鑑,8,1,menu,Character List,14,-6,CharLst,ChrLs,Chr,novo,revisar,名鑑 = quem e quem,ライブラリの「人物名鑑」では、これまでに登場した テイルズキャラを確認出来ます。 キャラのプロフィールは、本作でのプロフィールと、 オリジナル作品でのプロフィールが確認できます。
優先行動,8,1,batalha,Priority Action,15,-7,PriorAc,PriAc,PAc,novo,revisar,,戦闘中の味方キャラは、戦闘思考に沿って動作して います。 戦闘思考には「優先行動」というものがあり、これを 設定する事で、より的確な戦闘動作が期待出来ます。 優先行動は、その行動を行う為の条件が満たされると、 実行されます。 たとえば、「味
割れた牙,8,1,producao,Cracked Fang,12,-4,CrckFng,CrkFg,CFg,novo,revisar,material de inimigo,「エネミー素材」は、鍛冶屋で装備を強化する為に 必要なアイテムです。 エネミー素材には「割れた牙」や「硬い表皮」など 多数あり、武器強化で大きな変化を期待出来る 強化素材です。 モンスターを倒して入手出来ますが、強力なエネミー 素材を手に入
基本行動,8,1,batalha,Basic Action,12,-4,BasicAc,BasAc,BAc,novo,revisar,,戦闘中の味方キャラは、戦闘思考に沿って動作して います。 　 戦闘思考には７つの「基本行動」があり、 選択が可能です。 「自由戦闘」の基本行動が、安定して使用出来る 戦闘思考ですが、キャラの特性や戦闘方針に合わせ、 基本行動を変更する事で、
報酬候補,8,1,quest,Reward Pool,11,-3,Rewards,Rewrd,Rwd,novo,revisar,ate 3 recompensas sorteadas,各クエストには「報酬候補」というものがあり、 クエスト達成により、この報酬候補の中から報酬が もらえます。 報酬候補は最高３つあり、それぞれ入手出来る確率が 異なります。 　 報酬候補の内容は、クエスト受注時の情報ウィンドウで 確認出来るの
宝石素材,8,1,producao,Gem Material,12,-4,GemMatl,GemMt,Gem,rm2_deriv,derivado,RM2 3.2 ジェム=gem,「宝石素材」は、鍛冶屋で装備を強化する為に 必要なアイテムです。 宝石素材には「水晶」や「モルダバイト」など ５種類あり、装備の術攻撃力、術防御力の変化を 引き出す傾向がある強化素材です。 　 ダンジョンの採掘ポイントを調べる事で入手 出来
強化素材,8,1,producao,Enhance Material,16,-8,EnhMatl,EnhMt,Enh,novo,revisar,,「強化」は鍛冶屋で行う事が出来ます。 これは、装備品のパラメータを増加させるものです。 「強化」を行うには、強化させたい装備品を選び、 次に強化素材を選び、必要なガルドを支払います。 なお、「強化素材」は「強化」後に失われます。 使用する素
後方戦闘,8,1,batalha,Ranged,6,2,Ranged,Rangd,Rng,rm2,validado,RM2 3.6 literal,「隊列」は、戦闘が開始された直後のキャラの戦闘開始 位置であり、「敵と対面した時の隊列」のウィンドウで 確認出来ます。 敵に対して「前列」「中列」「後列」の３列に並び、 敵との距離が変化します。 隊列での位置は、キャラの職業と基本行動によっ
戦闘不能,8,1,status,KO,2,6,KO,KO,KO,novo,revisar,incapacitado em batalha,ＨＰが「０」になると「戦闘不能」の状態に なります。 　 戦闘不能になったキャラは戦闘から外れ、 パーティ全員が戦闘不能となれば敗北と なります。 　 パーティの戦力が落ち、非常に不利な状況と なるので、アイテムや術で素早く回復するように 
支援戦闘,8,1,batalha,Support,7,1,Support,Suppt,Spt,rm2_deriv,derivado,par de 自由戦闘/近接戦闘/後方戦闘,「隊列」は、戦闘が開始された直後のキャラの戦闘開始 位置であり、「敵と対面した時の隊列」のウィンドウで 確認出来ます。 敵に対して「前列」「中列」「後列」の３列に並び、 敵との距離が変化します。 隊列での位置は、キャラの職業と基本行動によっ
特殊武器,8,1,equip,Special Weapon,14,-6,SpWpn,SpWpn,SpW,rm2_deriv,derivado,,「武器」には様々な種類があり、 プレイヤーキャラが装備出来るものだけでも 「片手剣」「両手剣」「短剣」「斧」「拳」「杖」 「弓」「拳銃」などの武器が存在します。 　 武器の中には、特定のテイルズキャラしか装備 出来ない武器もあり、それらはま
生命の実,8,1,producao,Life Fruit,10,-2,LifeFrt,LifFr,LFr,novo,revisar,material de ボトル,「ボトル素材」は、ボトルの生産に必要な アイテムです。 ボトル素材には「ボトル」や「生命の実」など ４種類あり、規定の数を消費する事で、ボトルを生産 出来ます。 　 一部のボトル素材は道具屋で購入出来ますが、 多くのボトル素材は、ダンジョン
硬い表皮,8,1,producao,Hard Hide,9,-1,HardHid,HrdHd,HHd,novo,revisar,material de inimigo,「エネミー素材」は、鍛冶屋で装備を強化する為に 必要なアイテムです。 エネミー素材には「割れた牙」や「硬い表皮」など 多数あり、武器強化で大きな変化を期待出来る 強化素材です。 モンスターを倒して入手出来ますが、強力なエネミー 素材を手に入
称号実績,8,1,menu,Titles,6,2,TitlRec,Title,Ttl,novo,revisar,称号 = titulo de personagem,ライブラリの「称号実績」では、これまでに入手した 称号を確認出来ます。 称号は、冒険の途中で様々な条件を達成する事で 入手出来ます。 称号は、入手しにくいものほど強力な効果を 持っています。
繊維素材,8,1,producao,Fiber Material,14,-6,FibrMat,FibMt,FbM,novo,revisar,,「繊維素材」は、鍛冶屋で装備を強化する為に 必要なアイテムです。 繊維素材には「麻」や「綿」など５種類あり、 装備の「敏捷の変化」を引き出す傾向がある 強化素材です。 　 ダンジョンの宝箱などから入手出来ます。
自由戦闘,8,1,batalha,Free Battle,11,-3,FreeBtl,FreeB,FBt,rm2,validado,RM2 3.6 literal,戦闘中の味方キャラは、戦闘思考に沿って動作して います。 　 戦闘思考には７つの「基本行動」があり、 選択が可能です。 「自由戦闘」の基本行動が、安定して使用出来る 戦闘思考ですが、キャラの特性や戦闘方針に合わせ、 基本行動を変更する事で、
装備図鑑,8,1,menu,Gear List,9,-1,GearLst,GearL,GLs,novo,revisar,,ライブラリの「装備図鑑」では、これまでに入手した 装備を確認出来ます。 一度入手した装備であれば装備図鑑に登録されますが、 表示される装備の性能は、装備スキルの効果は 反映されておらず、強化も行われていない状態の 性能となります。
赤い宝箱,8,1,dungeon,Red Chest,9,-1,RedChst,RedCh,RCh,novo,revisar,,「赤い宝箱」は、ダンジョンに入る度に新たに 配置される宝箱です。 赤い宝箱からは、装備や素材などが手に入ります。
近接戦闘,8,1,batalha,Melee,5,3,Melee,Melee,Mle,rm2,validado,RM2 3.6 literal,「隊列」は、戦闘が開始された直後のキャラの戦闘開始 位置であり、「敵と対面した時の隊列」のウィンドウで 確認出来ます。 敵に対して「前列」「中列」「後列」の３列に並び、 敵との距離が変化します。 隊列での位置は、キャラの職業と基本行動によっ
通常移動,8,1,batalha,Normal Move,11,-3,NrmMove,NrmMv,NMv,novo,revisar,,「通常移動」では、自分がターゲットにしている 敵に対し、方向キー左右で接近したり 離れたりします。 その為、通常移動では方向キーの上下は使用しません。 　 ターゲットとしている敵との間合いを計るのに 適した移動であり、相手を真正面に捕らえな
重要任務,8,1,quest,Key Mission,11,-3,KeyMssn,KeyMs,KMs,novo,revisar,,「重要任務」は、ストーリーを進める為のクエストや、 テイルズキャラが絡んでくるクエストです。 これは他のクエストをクリアしたり、特定の条件を 満たす事で発生します。 　 重要任務のクエストでは、パーティが指定のメンバーに 変更される事がある
鉱物素材,8,1,producao,Ore Material,12,-4,OreMatl,OreMt,OrM,novo,revisar,,「鉱物素材」は、鍛冶屋で装備を強化する為に 必要なアイテムです。 鉱物素材には「銅」や「銀」など５種類あり、 装備の攻撃力、防御力の変化を引き出す傾向がある 強化素材です。 　 ダンジョンの採掘ポイントを調べる事で入手 出来ます。
青い宝箱,8,1,dungeon,Blue Chest,10,-2,BluChst,BluCh,BCh,novo,revisar,,「青い宝箱」は、特定のクエストを受けた時に 出現する宝箱です。 青い宝箱からは、受けているクエストにちなんだ アイテムを入手する事が出来ます。 どこに配置されているかはクエスト次第となり、 ダンジョンの隅々まで探す必要があります。
いいえ,6,1,menu,No,2,4,No,No,No,rm2,validado,RM2 3.5,クエストを達成すると、ダンジョンから バンエルティア号へ「パッと戻る」事が出来ます。 ＳＴＡＲＴボタンを押して、 「バンエルティア号に戻りますか？」の メニューを呼び出し「はい」を選んで下さい。 ただし、このメニューはクエストを達成するまで
ガード,6,1,batalha,Guard,5,1,Guard,Guard,Grd,serie,validado,,「ガード」は、□ボタンで行います。 このガードにより、攻撃ダメージを軽減出来ます。 　 なお、魔法による攻撃はガードで防ぐ事が 出来ません。
コンボ,6,1,batalha,Combo,5,1,Combo,Combo,Cmb,serie,validado,,「コンボ」は、敵に攻撃を連続して与える事で 発生します。 コンボを受けている敵は、のけぞり状態となり 反撃が出来ません。 一人の攻撃だけでもコンボは可能ですが、 味方の攻撃から隙なく繋ぐ事でも出来ます。 　 コンボを繋ぐ事で戦闘終了時にボー
セーブ,6,1,menu,Save,4,2,Save,Save,Sav,serie,validado,,「システム」には、「セーブ」や「オプション」など、 ゲームの進行に必要な機能がまとめてあります。
ローブ,6,1,equip,Robe,4,2,Robe,Robe,Rob,rm2,validado,RM2 3.7,「防具」には装備する部位により様々な種類があり、 「鎧」「服」「ローブ」「兜」「帽子」「顔装備」 「篭手」「腕輪」「足装備」「盾」が存在します。 　 これらは、職業やテイルズキャラにより、 装備可能な防具が異なります。 装備が可能な部位も、
両手剣,6,1,equip,2H Sword,8,-2,2HSword,2HSwd,2HS,rm2,validado,RM2 3.7,「武器」には様々な種類があり、 プレイヤーキャラが装備出来るものだけでも 「片手剣」「両手剣」「短剣」「斧」「拳」「杖」 「弓」「拳銃」などの武器が存在します。 　 武器の中には、特定のテイルズキャラしか装備 出来ない武器もあり、それらはま
体装備,6,1,equip,Body Gear,9,-3,BodyGer,Body,Bdy,rm2,validado,RM2 3.7 体=Body; binario RM2 = Bdy em 3 bytes,「防具」には様々な種類があり、 「体装備」「頭装備」「顔装備」「手装備」「足装備」 「盾」のカテゴリに分けて所有されます。
基本職,6,1,classe,Basic Job,9,-3,BaseJob,BasJb,BJb,rm2_deriv,derivado,par de 上級職,プレイヤーがギルドで活躍する為には、必ず何らかの 職業に就いていなくてはなりません。 それぞれの職業に、それぞれの得意とする 戦闘スタイルがあります。 職業には「基本職」と「上級職」があり、 はじめは基本職からしか職業は選べません。 なお、
手装備,6,1,equip,Hand Gear,9,-3,HandGer,Hands,Hnd,rm2,validado,RM2 3.7 手=Hands; binario RM2 = Hnd,「防具」には様々な種類があり、 「体装備」「頭装備」「顔装備」「手装備」「足装備」 「盾」のカテゴリに分けて所有されます。
武器屋,6,1,local,Weapon Shop,11,-5,WpnShop,WpnSh,WpS,rm2_deriv,derivado,,「武器屋」はショップにあり、キュッポが 営んでいます。 様々な武器を購入する事はもちろん、売却も可能です。 プレイヤーキャラに限り、試着が出来ます。 これにより、装備した時のイメージがわかります。 ただし、装備に必要なレベルが足りない、装備
毒付与,6,1,sistema,Add Poison,10,-4,AddPois,AddPs,AP+,novo,revisar,efeito de skill de equipamento,プレイヤーキャラのステータス画面で□ボタンを 押すと装備中の装備についている 「特殊な装備スキル」の効果を確認する事が 出来ます。 　 「毒付与」「ガード破壊」「採取効果ＵＰ」などの 効果が一覧で表示されるので、確認に便利です。
片手剣,6,1,equip,1H Sword,8,-2,1HSword,1HSwd,1HS,rm2,validado,RM2 3.7,「武器」には様々な種類があり、 プレイヤーキャラが装備出来るものだけでも 「片手剣」「両手剣」「短剣」「斧」「拳」「杖」 「弓」「拳銃」などの武器が存在します。 　 武器の中には、特定のテイルズキャラしか装備 出来ない武器もあり、それらはま
白モノ,6,1,equip,Common,6,0,Common,Comon,Com,novo,revisar,"raridade branca, sem skills",敵を倒すと、装備品をドロップする事があります。 これらは、 　 　「白モノ」…（表示：白）スキルが付いていない 　「レア」…（表示：青）１〜６個のスキルが付与 　「ユニーク」…（表示：緑）６種の特定スキルが付与 　「レディアント」…（表示：
秘奥義,6,1,batalha,Mystic Arte,11,-5,MystArt,MystA,MyA,rm2,validado,RM2 3.2,プレイヤーや仲間のキャラクターが秘奥義を覚え、 オーバーリミッツ中の奥義使用、または術詠唱中に ○ボタンを長押しすると非常に強力な攻撃 「秘奥義」が発動します。 　 秘奥義を使用すると、ゲージは全て消費され、 オーバーリミッツ状態は解除され
調べる,6,1,menu,Examine,7,-1,Examine,Exmne,Exm,novo,revisar,,インスペクトアイ（特技）などで敵を「調べる」と、 敵の弱点や体力を知る事が出来ます。 一度調べた敵は、体力のゲージが常に表示される ようになります。 　 またモンスター図鑑で、より詳細な情報を 見る事が出来るようにもなります。
貴重品,6,1,item,Valuables,9,-3,Valubls,Valub,Val,novo,revisar,,ゲームの進行で重要なアイテムや、クエストで入手を 指定された特殊なアイテムなどは、「貴重品」の カテゴリで所有されます。 これらのものは、キャラが直接使用したり、捨てる事は 出来ません。
道具屋,6,1,local,Item Shop,9,-3,ItemShp,ItmSh,ItS,rm2_deriv,derivado,RM2 3.7 道具=Item,「道具屋」はショップにあり、コーダが 営んでいます。 グミやボトルなどの道具、装備品である装飾品や 生産素材が購入出来ます。
鍛冶屋,6,1,local,Smithy,6,0,Smithy,Smith,Smt,novo,revisar,,「鍛冶屋」はショップにあり、ポッポが 営んでいます。 鍛冶屋では、装備の合成と強化が出来ます。 鍛冶屋には「鍛冶屋ランク」があり、特殊クエストの 達成でランクが上がります。 「鍛冶屋ランク」が上がれば、使用出来る素材が 増えて行きます。
防具屋,6,1,local,Armor Shop,10,-4,ArmrShp,ArmSh,ArS,rm2_deriv,derivado,,「防具屋」はショップにあり、ピッポが 営んでいます。 様々な防具を購入する事はもちろん、売却も可能です。 プレイヤーキャラに限り、試着が出来ます。 これにより、装備した時のイメージがわかります。 ただし、装備に必要なレベルが足りない、装備可
頭装備,6,1,equip,Head Gear,9,-3,HeadGer,Head,Hed,rm2,validado,RM2 3.7 頭=Head; binario RM2 = Hed,「防具」には様々な種類があり、 「体装備」「頭装備」「顔装備」「手装備」「足装備」 「盾」のカテゴリに分けて所有されます。
ＭＡＸ,6,1,sistema,MAX,3,3,MAX,MAX,MAX,serie,validado,ja em latim de largura plena,敵を攻撃する事で「リミッツゲージ」がたまります。 ゲージが満タンになると、ゲージ上に 「ＭＡＸ」と表示され、この状態で 「Ｌボタンを押したままＲボタンを押す」と オーバーリミッツ状態になります。 　 このオーバーリミッツ状態の間は 攻撃力ア
はい,4,1,menu,Yes,3,1,Yes,Yes,Yes,rm2,validado,RM2 3.5,クエストを達成すると、ダンジョンから バンエルティア号へ「パッと戻る」事が出来ます。 ＳＴＡＲＴボタンを押して、 「バンエルティア号に戻りますか？」の メニューを呼び出し「はい」を選んで下さい。 ただし、このメニューはクエストを達成するまで
マヒ,4,1,status,Paralysis,9,-5,Paralys,Paral,Par,novo,revisar,,状態異常の一種です。 「マヒ」状態になると、攻撃しようとした時に 行動が行えない事があります。 　 非常に不利な状況となる為、 アイテムや術で回復するようにしましょう。
レア,4,1,equip,Rare,4,0,Rare,Rare,Rar,novo,revisar,raridade azul,敵を倒すと、装備品をドロップする事があります。 これらは、 　 　「白モノ」…（表示：白）スキルが付いていない 　「レア」…（表示：青）１〜６個のスキルが付与 　「ユニーク」…（表示：緑）６種の特定スキルが付与 　「レディアント」…（表示：
中列,4,1,batalha,Mid Row,7,-3,Mid Row,MidRw,Mid,novo,revisar,,「隊列」は、戦闘が開始された直後のキャラの戦闘開始 位置であり、「敵と対面した時の隊列」のウィンドウで 確認出来ます。 敵に対して「前列」「中列」「後列」の３列に並び、 敵との距離が変化します。 隊列での位置は、キャラの職業と基本行動によっ
倉庫,4,1,local,Storage,7,-3,Storage,Storg,Stg,novo,revisar,,「倉庫」は、ショップとホールの二箇所にあり、 装備を預ける事が出来きます。 また、連動サイトから入手したアイテムは、 この倉庫にて１８個まで預かってくれます。 これらアイテムは「アイテムを引き取る」で 引き取る事が出来ます。
前列,4,1,batalha,Front Row,9,-5,FrntRow,FrntR,Frt,novo,revisar,,「隊列」は、戦闘が開始された直後のキャラの戦闘開始 位置であり、「敵と対面した時の隊列」のウィンドウで 確認出来ます。 敵に対して「前列」「中列」「後列」の３列に並び、 敵との距離が変化します。 隊列での位置は、キャラの職業と基本行動によっ
型紙,4,1,producao,Pattern,7,-3,Pattern,Pattn,Pat,novo,revisar,,「型紙」は、規定の個数を所持し、ロックスに 話しかける事で、その型紙に応じた装備を入手する事が 出来るアイテムです。 　 型紙の入手方法は、ダンジョンの宝箱の中、クエストや 闘技場の報酬、称号を得た褒美など様々です。 冒険を進めるうちに、少
封印,4,1,status,Seal,4,0,Seal,Seal,Sea,novo,revisar,bloqueia artes e skills,状態異常の一種です。 「封印」状態になると、術や技が使用出来なく なります。 　 攻撃や回復も出来ずに不利な状況となる為、 アイテムで回復するようにしましょう。
属性,4,1,sistema,Element,7,-3,Element,Elemt,Ele,rm2_deriv,derivado,RM2 3.4 弱点属性=Weakness,攻撃や術技には「属性」があるものもあります。 　 属性は「土」「水」「火」「風」「光」「闇」の ６種類です。 　 敵の中には弱点属性や得意属性を持つものが います。 これにより弱点をつけば、多くのダメージを 与える事が出来ますが、得意属性で
帽子,4,1,equip,Hat,3,1,Hat,Hat,Hat,rm2,validado,RM2 3.7,「防具」には装備する部位により様々な種類があり、 「鎧」「服」「ローブ」「兜」「帽子」「顔装備」 「篭手」「腕輪」「足装備」「盾」が存在します。 　 これらは、職業やテイルズキャラにより、 装備可能な防具が異なります。 装備が可能な部位も、
後列,4,1,batalha,Back Row,8,-4,BackRow,BackR,Bck,novo,revisar,,「隊列」は、戦闘が開始された直後のキャラの戦闘開始 位置であり、「敵と対面した時の隊列」のウィンドウで 確認出来ます。 敵に対して「前列」「中列」「後列」の３列に並び、 敵との距離が変化します。 隊列での位置は、キャラの職業と基本行動によっ
投げ,4,1,batalha,Throw,5,-1,Throw,Throw,Thr,novo,revisar,,格闘家や一部のキャラクターは、「投げ」技を 使用出来ます。 　 投げは、敵がダウン状態の時、 敵の足元などの特定の位置でしか使用出来ません。 　 投げが決まれば、強力な追い討ち攻撃となります。 状況を見極め使用しましょう。
拳銃,4,1,equip,Gun,3,1,Gun,Gun,Gun,novo,revisar,,「武器」には様々な種類があり、 プレイヤーキャラが装備出来るものだけでも 「片手剣」「両手剣」「短剣」「斧」「拳」「杖」 「弓」「拳銃」などの武器が存在します。 　 武器の中には、特定のテイルズキャラしか装備 出来ない武器もあり、それらはま
気絶,4,1,status,Stun,4,0,Stun,Stun,Stn,novo,revisar,,状態異常の一種です。 敵から攻撃を受け続けると、「気絶」状態に なる事があります。 　 再び敵から攻撃を受ける、あるいは一定時間が 経過すれば回復します。 　 しかし、回復するまでは隙が出来て危険な状況に なる為に、早めにアイテムや術で回復
水晶,4,1,producao,Crystal,7,-3,Crystal,Crys,Cry,novo,revisar,,「宝石素材」は、鍛冶屋で装備を強化する為に 必要なアイテムです。 宝石素材には「水晶」や「モルダバイト」など ５種類あり、装備の術攻撃力、術防御力の変化を 引き出す傾向がある強化素材です。 　 ダンジョンの採掘ポイントを調べる事で入手 出来
生産,4,1,producao,Craft,5,-1,Craft,Craft,Crf,novo,revisar,,「生産」とは、生産素材を消費してアイテム、 もしくは効果を作り出す事です。 生産には「料理」「グミ」「ボトル」があります。 生産を行うには、生産素材だけではなく、 レシピが必要です。 レシピを入手すれば、相当する 「料理」「グミ」「ボトル」
短剣,4,1,equip,Dagger,6,-2,Dagger,Dagr,Dgr,rm2,validado,RM2 3.7,「武器」には様々な種類があり、 プレイヤーキャラが装備出来るものだけでも 「片手剣」「両手剣」「短剣」「斧」「拳」「杖」 「弓」「拳銃」などの武器が存在します。 　 武器の中には、特定のテイルズキャラしか装備 出来ない武器もあり、それらはま
石化,4,1,status,Petrify,7,-3,Petrify,Petrf,Ptf,novo,revisar,,状態異常の一種です。 「石化」状態になると、一切の行動が行えません。 　 ただし、戦闘不能とは違い、回復すれば ＨＰ・ＴＰはそのままの状態で戦闘に復帰します。 　 また、パーティ全員が石化となれば、敗北です。 　 パーティメンバーが石化した
篭手,4,1,equip,Gauntlet,8,-4,Gauntlt,Gaunt,Gnt,rm2,validado,RM2 3.7 grafa 籠手 (variante do mesmo kanji),「防具」には装備する部位により様々な種類があり、 「鎧」「服」「ローブ」「兜」「帽子」「顔装備」 「篭手」「腕輪」「足装備」「盾」が存在します。 　 これらは、職業やテイルズキャラにより、 装備可能な防具が異なります。 装備が可能な部位も、
腕輪,4,1,equip,Bracelet,8,-4,Braclet,Bracl,Brc,novo,revisar,,「防具」には装備する部位により様々な種類があり、 「鎧」「服」「ローブ」「兜」「帽子」「顔装備」 「篭手」「腕輪」「足装備」「盾」が存在します。 　 これらは、職業やテイルズキャラにより、 装備可能な防具が異なります。 装備が可能な部位も、
衰弱,4,1,status,Weak,4,0,Weak,Weak,Wek,novo,revisar,HP cai a metade do maximo,状態異常の一種です。 「衰弱」状態になると、ＨＰが最大値の半分の 状態になります。 　 アイテムや術で回復が出来るので、 早めに対処するようにしましょう。
隊列,4,1,batalha,Formation,9,-5,Formatn,Formn,Frm,novo,revisar,,「隊列」は、戦闘が開始された直後のキャラの戦闘開始 位置であり、「敵と対面した時の隊列」のウィンドウで 確認出来ます。 敵に対して「前列」「中列」「後列」の３列に並び、 敵との距離が変化します。 隊列での位置は、キャラの職業と基本行動によっ
食材,4,1,item,Ingredient,10,-6,Ingredt,Ingrd,Ing,rm2,validado,RM2 3.7,「食材」は、料理の生産に必要なアイテムです。 「こくもつ」や「ベジタブル」など１０種類の食材があり、 規定の数を消費する事で、料理を生産出来ます。 　 一部の食材は道具屋で購入出来ますが、 多くの食材は、ダンジョンの採取ポイントや宝箱、 あ
光,2,1,elemento,Light,5,-3,Light,Light,Lgt,novo,revisar,,攻撃や術技には「属性」があるものもあります。 　 属性は「土」「水」「火」「風」「光」「闇」の ６種類です。 　 敵の中には弱点属性や得意属性を持つものが います。 これにより弱点をつけば、多くのダメージを 与える事が出来ますが、得意属性で
兜,2,1,equip,Helm,4,-2,Helm,Helm,Hlm,rm2,validado,RM2 3.7,「防具」には装備する部位により様々な種類があり、 「鎧」「服」「ローブ」「兜」「帽子」「顔装備」 「篭手」「腕輪」「足装備」「盾」が存在します。 　 これらは、職業やテイルズキャラにより、 装備可能な防具が異なります。 装備が可能な部位も、
土,2,1,elemento,Earth,5,-3,Earth,Earth,Ear,novo,revisar,,攻撃や術技には「属性」があるものもあります。 　 属性は「土」「水」「火」「風」「光」「闇」の ６種類です。 　 敵の中には弱点属性や得意属性を持つものが います。 これにより弱点をつけば、多くのダメージを 与える事が出来ますが、得意属性で
弓,2,1,equip,Bow,3,-1,Bow,Bow,Bow,rm2,validado,RM2 3.7,「武器」には様々な種類があり、 プレイヤーキャラが装備出来るものだけでも 「片手剣」「両手剣」「短剣」「斧」「拳」「杖」 「弓」「拳銃」などの武器が存在します。 　 武器の中には、特定のテイルズキャラしか装備 出来ない武器もあり、それらはま
技,2,1,batalha,Skill,5,-3,Skill,Skill,Skl,rm2,validado,RM2 3.2 特技=skill,「技」は、スロットに設定する事で 初めて使用可能となります。 技は設定した通りに、×ボタン、あるいは 方向キーと×ボタンとの組み合わせで使用します。 なお、技はＴＰを消費する為、技に必要なＴＰが 無い場合には使用出来ません。
拳,2,1,equip,Fist,4,-2,Fist,Fist,Fst,rm2,validado,RM2 3.7,「武器」には様々な種類があり、 プレイヤーキャラが装備出来るものだけでも 「片手剣」「両手剣」「短剣」「斧」「拳」「杖」 「弓」「拳銃」などの武器が存在します。 　 武器の中には、特定のテイルズキャラしか装備 出来ない武器もあり、それらはま
斧,2,1,equip,Axe,3,-1,Axe,Axe,Axe,rm2,validado,RM2 3.7,「武器」には様々な種類があり、 プレイヤーキャラが装備出来るものだけでも 「片手剣」「両手剣」「短剣」「斧」「拳」「杖」 「弓」「拳銃」などの武器が存在します。 　 武器の中には、特定のテイルズキャラしか装備 出来ない武器もあり、それらはま
服,2,1,equip,Clothes,7,-5,Clothes,Cloth,Clo,rm2,validado,RM2 3.7,「防具」には装備する部位により様々な種類があり、 「鎧」「服」「ローブ」「兜」「帽子」「顔装備」 「篭手」「腕輪」「足装備」「盾」が存在します。 　 これらは、職業やテイルズキャラにより、 装備可能な防具が異なります。 装備が可能な部位も、
杖,2,1,equip,Staff,5,-3,Staff,Staff,Rod,rm2,revisar,"DIVERGENCIA RM2 aberta: termbase=Staff, binario=Rod",「武器」には様々な種類があり、 プレイヤーキャラが装備出来るものだけでも 「片手剣」「両手剣」「短剣」「斧」「拳」「杖」 「弓」「拳銃」などの武器が存在します。 　 武器の中には、特定のテイルズキャラしか装備 出来ない武器もあり、それらはま
水,2,1,elemento,Water,5,-3,Water,Water,Wtr,novo,revisar,,攻撃や術技には「属性」があるものもあります。 　 属性は「土」「水」「火」「風」「光」「闇」の ６種類です。 　 敵の中には弱点属性や得意属性を持つものが います。 これにより弱点をつけば、多くのダメージを 与える事が出来ますが、得意属性で
火,2,1,elemento,Fire,4,-2,Fire,Fire,Fir,novo,revisar,,攻撃や術技には「属性」があるものもあります。 　 属性は「土」「水」「火」「風」「光」「闇」の ６種類です。 　 敵の中には弱点属性や得意属性を持つものが います。 これにより弱点をつけば、多くのダメージを 与える事が出来ますが、得意属性で
綿,2,1,producao,Cotton,6,-4,Cotton,Cottn,Cot,novo,revisar,,「繊維素材」は、鍛冶屋で装備を強化する為に 必要なアイテムです。 繊維素材には「麻」や「綿」など５種類あり、 装備の「敏捷の変化」を引き出す傾向がある 強化素材です。 　 ダンジョンの宝箱などから入手出来ます。
術,2,1,batalha,Arte,4,-2,Arte,Arte,Art,rm2,validado,RM2 3.2 術技=artes,「術」は、スロットに設定する事で 初めて使用可能となります。 術は設定した通りに、×ボタン、あるいは 方向キーと×ボタンとの組み合わせで使用します。 なお、術はＴＰを消費する為、術に必要なＴＰが 無い場合には使用出来ません。 　 術には詠唱
銀,2,1,producao,Silver,6,-4,Silver,Silvr,Slv,novo,revisar,,「鉱物素材」は、鍛冶屋で装備を強化する為に 必要なアイテムです。 鉱物素材には「銅」や「銀」など５種類あり、 装備の攻撃力、防御力の変化を引き出す傾向がある 強化素材です。 　 ダンジョンの採掘ポイントを調べる事で入手 出来ます。
銅,2,1,producao,Copper,6,-4,Copper,Coppr,Cop,novo,revisar,,「鉱物素材」は、鍛冶屋で装備を強化する為に 必要なアイテムです。 鉱物素材には「銅」や「銀」など５種類あり、 装備の攻撃力、防御力の変化を引き出す傾向がある 強化素材です。 　 ダンジョンの採掘ポイントを調べる事で入手 出来ます。
鎧,2,1,equip,Armor,5,-3,Armor,Armor,Arm,rm2,revisar,COLISAO com 防具=Armor; RM2 3.7 traduz os dois igual,「防具」には装備する部位により様々な種類があり、 「鎧」「服」「ローブ」「兜」「帽子」「顔装備」 「篭手」「腕輪」「足装備」「盾」が存在します。 　 これらは、職業やテイルズキャラにより、 装備可能な防具が異なります。 装備が可能な部位も、
闇,2,1,elemento,Dark,4,-2,Dark,Dark,Drk,novo,revisar,,攻撃や術技には「属性」があるものもあります。 　 属性は「土」「水」「火」「風」「光」「闇」の ６種類です。 　 敵の中には弱点属性や得意属性を持つものが います。 これにより弱点をつけば、多くのダメージを 与える事が出来ますが、得意属性で
風,2,1,elemento,Wind,4,-2,Wind,Wind,Wnd,novo,revisar,,攻撃や術技には「属性」があるものもあります。 　 属性は「土」「水」「火」「風」「光」「闇」の ６種類です。 　 敵の中には弱点属性や得意属性を持つものが います。 これにより弱点をつけば、多くのダメージを 与える事が出来ますが、得意属性で
麻,2,1,producao,Linen,5,-3,Linen,Linen,Lin,novo,revisar,,「繊維素材」は、鍛冶屋で装備を強化する為に 必要なアイテムです。 繊維素材には「麻」や「綿」など５種類あり、 装備の「敏捷の変化」を引き出す傾向がある 強化素材です。 　 ダンジョンの宝箱などから入手出来ます。
０,2,1,descartado,0,1,1,0,0,0,-,descartado,"numeral de largura plena, nao e termo de UI",ＨＰが「０」になると「戦闘不能」の状態に なります。 　 戦闘不能になったキャラは戦闘から外れ、 パーティ全員が戦闘不能となれば敗北と なります。 　 パーティの戦力が落ち、非常に不利な状況と なるので、アイテムや術で素早く回復するように 
