id	cena	ordem	falante_jp	falante_en	tipo	control_codes	original	traducao	nota_do_tradutor	va_ponteiros	ocorrencias	bytes_jp	max_bytes
bloco_08B2EFC0#0	bloco_08B2EFC0	0	(sistema)	(system)	sistema		？？？	???		0x08D4540C	1	6	6
bgm#0	bgm	0	(sistema)	(system)	sistema		バトル・アーティスト	Battle Artist		0x08B592F4	1	20	410
bgm#1	bgm	1	(sistema)	(system)	sistema		勝利を求めて	Seeking Victory		0x08B59304	1	12	253
bgm#2	bgm	2	(sistema)	(system)	sistema		遭遇	Encounter		0x08B593C4	1	4	96
bgm#3	bgm	3	(sistema)	(system)	sistema		戦いの火蓋	Opening of Battle	reconciliado com a grafia ja em jogo	0x08B593D4	1	10	214
bgm#4	bgm	4	(sistema)	(system)	sistema		剣を以って切り拓け	Carve Path with Sword		0x08B593E4	1	18	371
bgm#5	bgm	5	(sistema)	(system)	sistema		剣を以って打ち砕け	Crush with the Sword		0x08B59404	1	18	371
bgm#6	bgm	6	(sistema)	(system)	sistema		猛りの滄我	Raging Souga		0x08B59424	1	10	214
bgm#7	bgm	7	(sistema)	(system)	sistema		火花散らして	Scattering Sparks		0x08B594A4	1	12	253
bgm#8	bgm	8	(sistema)	(system)	sistema		闘志もっと燃やして	Burn More Fighting Spirit		0x08B594B4	1	18	371
bgm#9	bgm	9	(sistema)	(system)	sistema		不撓不屈	Indomitable		0x08B594C4	1	8	175
bgm#10	bgm	10	(sistema)	(system)	sistema		立ちはだかる強敵	Formidable Foe		0x08B594D4	1	16	331
bgm#11	bgm	11	(sistema)	(system)	sistema		神秘の武具ソーマ	Mysterious Armament Soma		0x08B594E4	1	16	331
bgm#12	bgm	12	(sistema)	(system)	sistema		たゆまぬスピリア	Unwavering Spiria		0x08B59504	1	16	331
bgm#13	bgm	13	(sistema)	(system)	sistema		抜刀！研ぎ澄ませ！	Draw Blade! Sharpen!		0x08B59514	1	18	371
bgm#14	bgm	14	(sistema)	(system)	sistema		焦燥の剣	Sword of Urgency		0x08B59524	1	8	175
bgm#15	bgm	15	(sistema)	(system)	sistema		決戦！奮い立たせて	Decisive Battle! Arise!		0x08B59534	1	18	371
bgm#16	bgm	16	(sistema)	(system)	sistema		鳥は鳴き、僕は歌う	Birds Sing, and I Sing		0x08B595E4	1	18	371
bgm#17	bgm	17	(sistema)	(system)	sistema		水晶のささやき	Whisper of Crystal		0x08B59654	1	14	292
bgm#18	bgm	18	(sistema)	(system)	sistema		樹々深く草静かに	Deep Trees, Quiet Grass		0x08B59694	1	16	331
bgm#19	bgm	19	(sistema)	(system)	sistema		天空幻想曲	Sky Fantasia		0x08B596D4	1	10	214
bgm#20	bgm	20	(sistema)	(system)	sistema		果てなき旅路	Endless Journey		0x08B596F4	1	12	253
bgm#21	bgm	21	(sistema)	(system)	sistema		待ち合わせは噴水広場で	Fountain Plaza Meet		0x08B59764	1	22	449
bgm#22	bgm	22	(sistema)	(system)	sistema		ホタテのウタ	Song of the Scallop		0x08B59774	1	12	253
bgm#23	bgm	23	(sistema)	(system)	sistema		トーストにはたっぷりジャムを	Plenty of Jam on Toast		0x08B597C4	1	28	566
bgm#24	bgm	24	(sistema)	(system)	sistema		揺り椅子と猫のいる風景	Rocking Chair and Cat		0x08B597D4	1	22	449
bgm#25	bgm	25	(sistema)	(system)	sistema		イベント汎用曲（予定枠）	Event General Theme (Reserved)		0x08B59924;0x08B59934	2	24	488
bgm#26	bgm	26	(sistema)	(system)	sistema		流れ星	Shooting Star		0x08B59944	1	6	136
bgm#27	bgm	27	(sistema)	(system)	sistema		戦闘終了	Battle End		0x08B59964	1	8	175
bloco_08CD989C#0	bloco_08CD989C	0	(sistema)	(system)	sistema		ナシ	None		0x08CDDEB0	1	4	4
avisos#0	avisos	0	(sistema)	(system)	sistema		キャラリメイク機能	Character Remake		0x08D64124	1	18	20
avisos#1	avisos	1	(sistema)	(system)	sistema		医務室に、キャラリメイク機能を追加します	Adds Character Remake to the Infirmary.		0x08D64128	1	40	45
avisos#2	avisos	2	(sistema)	(system)	sistema		戦闘ボイス追加	Add Battle Voice		0x08D64138	1	14	16
avisos#3	avisos	3	(sistema)	(system)	sistema		戦闘ボイスのバリエーションを増やします	Increases battle voice variations.		0x08D6413C	1	38	43
avisos#4	avisos	4	(sistema)	(system)	sistema		倉庫拡張	Stg Exp.	Warehouse expansion (max 9)	0x08D6414C	1	8	9
avisos#5	avisos	5	(sistema)	(system)	sistema		倉庫の収納スペースを増やします	Expands storage space.		0x08D64150	1	30	34
avisos#6	avisos	6	(sistema)	(system)	sistema		スキットプレイヤ	Skit Player		0x08D64160	1	16	18
avisos#7	avisos	7	(sistema)	(system)	sistema		ニアタにスキットを再生してもらえます	Niata can now replay skits for you.		0x08D64164	1	36	41
avisos#8	avisos	8	(sistema)	(system)	sistema		難易度：ハード	Diff: Hard		0x08D64174	1	14	16
avisos#9	avisos	9	(sistema)	(system)	sistema		オプションの戦闘難易度に、ハードを追加します	Adds Hard to battle difficulty in Options.		0x08D64178	1	44	50
avisos#10	avisos	10	(sistema)	(system)	sistema		より強力な装備や装備スキルを入手することができます	Allows obtaining stronger equipment and skills.		0x08D6417C	1	50	57
avisos#11	avisos	11	(sistema)	(system)	sistema		難易度：マニア	Diff: Mania		0x08D64188	1	14	16
avisos#12	avisos	12	(sistema)	(system)	sistema		オプションの戦闘難易度に、マニアを追加します	Adds Mania to battle difficulty in Options.		0x08D6418C	1	44	50
avisos#13	avisos	13	(sistema)	(system)	sistema		クエストの報酬候補も、最高ランクの報酬がエントリーされます	Top-tier rewards are now eligible quest reward choices.		0x08D64190	1	58	66
avisos#14	avisos	14	(sistema)	(system)	sistema		サウンドセレクト：最終戦闘曲１	Sound: Final Battle 1		0x08D6419C	1	30	34
avisos#15	avisos	15	(sistema)	(system)	sistema		オプションのサウンドセレクトに、最終戦闘曲１を追加します	Adds Final Battle 1 to Sound Select in Options.		0x08D641A0	1	56	64
avisos#16	avisos	16	(sistema)	(system)	sistema		サウンドセレクト：最終戦闘曲２	Sound: Final Battle 2		0x08D641B0	1	30	34
avisos#17	avisos	17	(sistema)	(system)	sistema		オプションのサウンドセレクトに、最終戦闘曲２を追加します	Adds Final Battle 2 to Sound Select in Options.		0x08D641B4	1	56	64
avisos#18	avisos	18	(sistema)	(system)	sistema		所持アイテム数増加１	Item Capacity Up 1		0x08D641C4	1	20	23
avisos#19	avisos	19	(sistema)	(system)	sistema		所持アイテム数増加２	Item Capacity Up 2		0x08D641D8	1	20	23
avisos#20	avisos	20	(sistema)	(system)	sistema		達成済みクエストリスト	Completed Quest List		0x08D641EC	1	22	25
avisos#21	avisos	21	(sistema)	(system)	sistema		ギルドに達成済みのクエストを自由に選べるリストが追加されます	Adds a list in the Guild to freely select completed quests.		0x08D641F0	1	60	68
avisos#22	avisos	22	(sistema)	(system)	sistema		最近達成したクエストリスト	Recent Quest List		0x08D64200	1	26	29
avisos#23	avisos	23	(sistema)	(system)	sistema		ギルドに最近達成したクエストからクエストを選べるリストが追加されます	Adds a list in the Guild to choose from recently completed quests.		0x08D64204	1	68	77
avisos#24	avisos	24	(sistema)	(system)	sistema		ミニマップ情報プラス	Minimap Info Plus		0x08D64214	1	20	23
avisos#25	avisos	25	(sistema)	(system)	sistema		ミニマップの表示情報が増えます	Increases info on the minimap.		0x08D64218	1	30	34
avisos#26	avisos	26	(sistema)	(system)	sistema		カルマの鐘	Karma Bell		0x08D64228	1	10	11
avisos#27	avisos	27	(sistema)	(system)	sistema		時空を越えて響く鐘。持ち主を時の彼方へ飛ばします	A bell echoing in time. Sends owner to time beyond.		0x08D6422C	1	48	55
lugares#0	lugares	0	(sistema)	(system)	sistema		ルミナシア	Luminasia		0x08D82698	1	10	11
lugares#1	lugares	1	(sistema)	(system)	sistema		ジルディア	Zirdia	reconciliado com a grafia ja em jogo	0x08D826A0	1	10	11
lugares#2	lugares	2	(sistema)	(system)	sistema		ペカン村	Pecan	Pecan Village (max 9)	0x08D826A8	1	8	9
lugares#3	lugares	3	(sistema)	(system)	sistema		ルバーブ連山	Mt. Rhubarb		0x08D826B0	1	12	13
lugares#4	lugares	4	(sistema)	(system)	sistema		ヘーゼル村	Hazel	Hazel Village (max 11)	0x08D826B8	1	10	11
lugares#5	lugares	5	(sistema)	(system)	sistema		ウリズン帝国	Urizen Empire	reconciliado com a grafia ja em jogo	0x08D826C0	1	12	13
lugares#6	lugares	6	(sistema)	(system)	sistema		帝国	Empire	adotada a grafia ja em jogo (bloco tem folga)	0x08D826C8	1	4	4
lugares#7	lugares	7	(sistema)	(system)	sistema		コンフェイト大森林	Confeito Forest		0x08D826D0	1	18	20
lugares#8	lugares	8	(sistema)	(system)	sistema		ガルバンゾ国	Garbanzo	Garbanzo Kingdom (max 13)	0x08D826D8	1	12	13
lugares#9	lugares	9	(sistema)	(system)	sistema		ガルバンゾ	Garbanzo		0x08D826E0	1	10	11
lugares#10	lugares	10	(sistema)	(system)	sistema		オルタータ火山	Mt. Alterata		0x08D826E8	1	14	16
lugares#11	lugares	11	(sistema)	(system)	sistema		モラード村	Morado	Morado Village (max 11)	0x08D826F0	1	10	11
lugares#12	lugares	12	(sistema)	(system)	sistema		ブラウニー坑道	Brownie Mine		0x08D826F8	1	14	16
lugares#13	lugares	13	(sistema)	(system)	sistema		カダイフ砂漠	Kadaif Desert		0x08D82700	1	12	13
lugares#14	lugares	14	(sistema)	(system)	sistema		ミブナの里	Mibuna Village	adotada a grafia ja em jogo (bloco tem folga)	0x08D82708	1	10	11
lugares#15	lugares	15	(sistema)	(system)	sistema		ミブナ	Mibuna		0x08D82710	1	6	7
lugares#16	lugares	16	(sistema)	(system)	sistema		ライマ国	Lima	Raima Kingdom (max 9) | reconciliado com a grafia ja em jogo	0x08D82718	1	8	9
lugares#17	lugares	17	(sistema)	(system)	sistema		ライマ	Lima	reconciliado com a grafia ja em jogo	0x08D82720	1	6	7
lugares#18	lugares	18	(sistema)	(system)	sistema		アルマナック遺跡	Almanac Ruins		0x08D82728	1	16	18
lugares#19	lugares	19	(sistema)	(system)	sistema		霊峰アブソール	Mt. Absol		0x08D82730	1	14	16
lugares#20	lugares	20	(sistema)	(system)	sistema		ヴェラトローパ	Veratropa		0x08D82738	1	14	16
lugares#21	lugares	21	(sistema)	(system)	sistema		パスカ	Pasca		0x08D82740	1	6	7
lugares#22	lugares	22	(sistema)	(system)	sistema		グラニデ	Granide		0x08D82748	1	8	9
lugares#23	lugares	23	(sistema)	(system)	sistema		シフノ湧泉洞	Sifno Spring		0x08D82750	1	12	13
lugares#24	lugares	24	(sistema)	(system)	sistema		ボルテックス	Vortex		0x08D82758	1	12	13
lugares#25	lugares	25	(sistema)	(system)	sistema		聖地ラングリース	Holy Langriths		0x08D82760	1	16	18
lugares#26	lugares	26	(sistema)	(system)	sistema		エラン・ヴィタール	Elan Vital		0x08D82768	1	18	20
questfiltro#0	questfiltro	0	(sistema)	(system)	sistema		場所別で選択	By Location		0x08D861B0	1	12	17
questfiltro#1	questfiltro	1	(sistema)	(system)	sistema		目的別で選択	By Purpose		0x08D861B4	1	12	17
questfiltro#2	questfiltro	2	(sistema)	(system)	sistema		依頼人別で選択	By Client		0x08D861B8	1	14	20
questfiltro#3	questfiltro	3	(sistema)	(system)	sistema		難易度別で選択	By Difficulty		0x08D861BC	1	14	20
questfiltro#4	questfiltro	4	(sistema)	(system)	sistema		納品物で選択	By Delivery Item		0x08D861F0	1	12	17
questfiltro#5	questfiltro	5	(sistema)	(system)	sistema		退治モンスターで選択1	By Target Monster 1		0x08D861F4	1	21	30
questfiltro#6	questfiltro	6	(sistema)	(system)	sistema		退治モンスターで選択2	By Target Monster 2		0x08D861F8	1	21	30
questfiltro#7	questfiltro	7	(sistema)	(system)	sistema		採掘で選択	By Mining		0x08D861FC	1	10	14
questfiltro#8	questfiltro	8	(sistema)	(system)	sistema		採取で選択	By Harvesting		0x08D86200	1	10	14
questfiltro#9	questfiltro	9	(sistema)	(system)	sistema		ドロップで選択	By Drops		0x08D86204	1	14	20
questfiltro#10	questfiltro	10	(sistema)	(system)	sistema		青宝箱で選択1	By Blue Chest 1		0x08D86208	1	13	18
questfiltro#11	questfiltro	11	(sistema)	(system)	sistema		青宝箱で選択2	By Blue Chest 2		0x08D8620C	1	13	18
questfiltro#12	questfiltro	12	(sistema)	(system)	sistema		男で選択	By Male		0x08D86210	1	8	11
questfiltro#13	questfiltro	13	(sistema)	(system)	sistema		女で選択	By Female		0x08D86214	1	8	11
questfiltro#14	questfiltro	14	(sistema)	(system)	sistema		男の子ジャン	Boy Jean		0x08D86218	1	12	17
questfiltro#15	questfiltro	15	(sistema)	(system)	sistema		行商人ガメル	Merchant Gamel	reconciliado com a grafia ja em jogo	0x08D8621C	1	12	17
questfiltro#16	questfiltro	16	(sistema)	(system)	sistema		新米狩人ジェロニモ	Novice Hunter Geronimo		0x08D86220	1	18	25
questfiltro#17	questfiltro	17	(sistema)	(system)	sistema		地方領主レイモンド	Local Lord Raymond		0x08D86224	1	18	25
questfiltro#18	questfiltro	18	(sistema)	(system)	sistema		雑貨屋店主フンダクル	General Store Owner Fundakuru	adotada a grafia ja em jogo (bloco tem folga)	0x08D86228	1	20	28
questfiltro#19	questfiltro	19	(sistema)	(system)	sistema		収集家ヘラルド	Collector Herald		0x08D8622C	1	14	20
questfiltro#20	questfiltro	20	(sistema)	(system)	sistema		鍛冶職人アレックス	Blacksmith Alex		0x08D86230	1	18	25
questfiltro#21	questfiltro	21	(sistema)	(system)	sistema		上級研究員ニコラス	Sr. Researcher Nicholas		0x08D86234	1	18	25
questfiltro#22	questfiltro	22	(sistema)	(system)	sistema		警備隊隊長ダニエル	Captain Daniel		0x08D86238	1	18	25
questfiltro#23	questfiltro	23	(sistema)	(system)	sistema		採鉱員ラモン	Miner Ramon		0x08D8623C	1	12	17
questfiltro#24	questfiltro	24	(sistema)	(system)	sistema		青年実業家エゴイツ	Entrepreneur Egoitz		0x08D86240	1	18	25
questfiltro#25	questfiltro	25	(sistema)	(system)	sistema		大地主マウイ	Landowner Maui		0x08D86244	1	12	17
questfiltro#26	questfiltro	26	(sistema)	(system)	sistema		女の子ルシア	Girl Lucia		0x08D86248	1	12	17
questfiltro#27	questfiltro	27	(sistema)	(system)	sistema		夢見る少女リナ	Dreaming Girl Rina	reconciliado com a grafia ja em jogo	0x08D8624C	1	14	20
questfiltro#28	questfiltro	28	(sistema)	(system)	sistema		細工職人ディアナ	Craftsman Diana		0x08D86250	1	16	23
questfiltro#29	questfiltro	29	(sistema)	(system)	sistema		占い婆アイーダ	Fortune Aida		0x08D86254	1	14	20
questfiltro#30	questfiltro	30	(sistema)	(system)	sistema		セレブ夫人シルヴィア	Socialite Sylvia	reconciliado com a grafia ja em jogo	0x08D86258	1	20	28
questfiltro#31	questfiltro	31	(sistema)	(system)	sistema		美食家カロリーナ	Gourmet Carolina		0x08D8625C	1	16	23
questfiltro#32	questfiltro	32	(sistema)	(system)	sistema		薬剤師ジェマ	Pharmacist Gemma		0x08D86260	1	12	17
questfiltro#33	questfiltro	33	(sistema)	(system)	sistema		整体師テレサ	Chiropractor Teresa	adotada a grafia ja em jogo (bloco tem folga)	0x08D86264	1	12	17
questfiltro#34	questfiltro	34	(sistema)	(system)	sistema		★一つで選択	By 1-Star		0x08D86268	1	12	17
questfiltro#35	questfiltro	35	(sistema)	(system)	sistema		★二つで選択	By 2-Star		0x08D8626C	1	12	17
questfiltro#36	questfiltro	36	(sistema)	(system)	sistema		★三つで選択	By 3-Star		0x08D86270	1	12	17
questfiltro#37	questfiltro	37	(sistema)	(system)	sistema		★四つで選択	By 4-Star		0x08D86274	1	12	17
questfiltro#38	questfiltro	38	(sistema)	(system)	sistema		★五つで選択1	By 5-Star 1		0x08D86278	1	13	18
questfiltro#39	questfiltro	39	(sistema)	(system)	sistema		★五つで選択2	By 5-Star 2		0x08D8627C	1	13	18
questfiltro#40	questfiltro	40	(sistema)	(system)	sistema		○○	OO	reconciliacao revertida: a forma em jogo nao e ASCII	0x08D0F210	1	4	6
questfiltro#41	questfiltro	41	(sistema)	(system)	sistema		＜数＞	<Count>		0x08D0F218	1	6	8
questfiltro#42	questfiltro	42	(sistema)	(system)	sistema		＜ダンジョン名＞	<Dungeon Name>		0x08D0F220	1	16	23
questfiltro#43	questfiltro	43	(sistema)	(system)	sistema		＜アイテム名＞	<Item Name>		0x08D0F228	1	14	20
questfiltro#44	questfiltro	44	(sistema)	(system)	sistema		＜目標地点＞	<Destination>		0x08D0F230	1	12	17
questfiltro#45	questfiltro	45	(sistema)	(system)	sistema		＜モンスター名＞	<Monster Name>		0x08D0F238	1	16	23
questfiltro#46	questfiltro	46	(sistema)	(system)	sistema		＜青宝箱＞	<Blue Chest>		0x08D0F240	1	10	14
questfiltro#47	questfiltro	47	(sistema)	(system)	sistema		＜依頼者＞	<Client>		0x08D0F248	1	10	14
questfiltro#48	questfiltro	48	(sistema)	(system)	sistema		＜残＞	<Left>		0x08D0F250	1	6	8
questfiltro#49	questfiltro	49	(sistema)	(system)	sistema		＜エリア＞	<Area>		0x08D0F258	1	10	14
questfiltro#50	questfiltro	50	(sistema)	(system)	sistema		経験率	Exp Rate		0x08D8679C	1	6	8
questfiltro#51	questfiltro	51	(sistema)	(system)	sistema		達成数	Completions	adotada a grafia ja em jogo (bloco tem folga)	0x08D867A0	1	6	8
bonus#0	bonus	0	(sistema)	(system)	sistema		アイテム獲得増	Item Drop Up		0x08D867C4	1	14	40
bonus#1	bonus	1	(sistema)	(system)	sistema		獲得ガルド増	Gald Gain Up		0x08D867C8	1	12	34
bonus#2	bonus	2	(sistema)	(system)	sistema		獲得グレード増	Grade Gain Up		0x08D867CC	1	14	40
bonus#3	bonus	3	(sistema)	(system)	sistema		特定アイテム取得	Specific Item Gain		0x08D867D0	1	16	45
bonus#4	bonus	4	(sistema)	(system)	sistema		最大	Max		0x08D867D4;0x08D867EC;0x08D868E8;0x08D869E4	4	4	12
bonus#5	bonus	5	(sistema)	(system)	sistema		無し	None		0x08D867D8;0x08D867F0	2	4	12
bonus#6	bonus	6	(sistema)	(system)	sistema		ドロップアイテムを入手しやすい	Makes drop items easier to obtain.		0x08D867DC	1	30	84
bonus#7	bonus	7	(sistema)	(system)	sistema		獲得するガルドが増える	Increases the amount of Gald earned.		0x08D867E0	1	22	62
bonus#8	bonus	8	(sistema)	(system)	sistema		獲得するグレードが増える	Increases the amount of Grade earned.		0x08D867E4	1	24	67
bonus#9	bonus	9	(sistema)	(system)	sistema		特定のアイテムを取得する	Obtains a specific item.		0x08D867E8	1	24	67
bonus#10	bonus	10	(sistema)	(system)	sistema		バトル・アーティスト	Battle Artist		0x08D86830	1	20	56
bonus#11	bonus	11	(sistema)	(system)	sistema		勝利を求めて	Seeking Victory		0x08D86834	1	12	34
bonus#12	bonus	12	(sistema)	(system)	sistema		遭遇	Encounter		0x08D86864	1	4	12
bonus#13	bonus	13	(sistema)	(system)	sistema		戦いの火蓋	Opening of Battle	reconciliado com a grafia ja em jogo	0x08D86868	1	10	29
bonus#14	bonus	14	(sistema)	(system)	sistema		剣を以って切り拓け	Carve Path with Sword		0x08D8686C	1	18	51
bonus#15	bonus	15	(sistema)	(system)	sistema		剣を以って打ち砕け	Crush with the Sword		0x08D86874	1	18	51
bonus#16	bonus	16	(sistema)	(system)	sistema		猛りの滄我	Raging Souga		0x08D8687C	1	10	29
bonus#17	bonus	17	(sistema)	(system)	sistema		火花散らして	Scattering Sparks		0x08D8689C	1	12	34
bonus#18	bonus	18	(sistema)	(system)	sistema		闘志もっと燃やして	Burn More Fighting Spirit		0x08D868A0	1	18	51
bonus#19	bonus	19	(sistema)	(system)	sistema		不撓不屈	Indomitable		0x08D868A4	1	8	23
bonus#20	bonus	20	(sistema)	(system)	sistema		立ちはだかる強敵	Formidable Foe		0x08D868A8	1	16	45
bonus#21	bonus	21	(sistema)	(system)	sistema		神秘の武具ソーマ	Mysterious Armament Soma		0x08D868AC	1	16	45
bonus#22	bonus	22	(sistema)	(system)	sistema		たゆまぬスピリア	Unwavering Spiria		0x08D868B4	1	16	45
bonus#23	bonus	23	(sistema)	(system)	sistema		抜刀！研ぎ澄ませ！	Draw Blade! Sharpen!		0x08D868B8	1	18	51
bonus#24	bonus	24	(sistema)	(system)	sistema		焦燥の剣	Sword of Urgency		0x08D868BC	1	8	23
bonus#25	bonus	25	(sistema)	(system)	sistema		決戦！奮い立たせて	Decisive Battle! Arise!		0x08D868C0	1	18	51
