id	cena	ordem	falante_jp	falante_en	tipo	control_codes	original	traducao	nota_do_tradutor	offset_arquivo	bytes_jp	max_bytes
capitulo#960	v2070_oldata.bin	960	(banco)	(bank)	sistema		能力…ドクメントの転写を可能にする為に動き出す。	to enable Document transcription of abilities.	Chapter story narrative translation.	908	48	48
capitulo#961	v2070_oldata.bin	961	(banco)	(bank)	sistema		しかし、これによる事故は、肉体の形態崩壊か溶解など	However, failure meant bodily dissolution,	Chapter story narrative translation.	909	50	50
capitulo#962	v2070_oldata.bin	962	(banco)	(bank)	sistema		が予想される程の危険な賭けでもあった。	making this a dangerous gamble.	Chapter story narrative translation.	910	38	38
capitulo#963	v2070_oldata.bin	963	(banco)	(bank)	sistema		この試みは機械で行われる。	This trial relied on advanced machinery.	Chapter story narrative translation.	911	26	26
capitulo#964	v2070_oldata.bin	964	(banco)	(bank)	sistema		そして、その機械の回路に必要な鉱物ギベオンを	To complete circuits, the rare mineral	Chapter story narrative translation.	912	44	44
capitulo#965	v2070_oldata.bin	965	(banco)	(bank)	sistema		採取しに行く必要があった。	Gibeon was strictly required.	Chapter story narrative translation.	913	26	26
capitulo#966	v2070_oldata.bin	966	(banco)	(bank)	sistema		ギベオンとは、隕石に含まれる隕鉄である。	Gibeon was meteoric iron from space.	Chapter story narrative translation.	914	40	40
capitulo#967	v2070_oldata.bin	967	(banco)	(bank)	sistema		ルバーブ連山山頂には、数年前に隕石が落下していた	Years ago a meteorite fell atop Rhubarb,	Chapter story narrative translation.	915	48	48
capitulo#968	v2070_oldata.bin	968	(banco)	(bank)	sistema		事もあり、そのギベオンが手に入るのではないかと、	raising hopes of finding Gibeon there,	Chapter story narrative translation.	916	48	48
capitulo#969	v2070_oldata.bin	969	(banco)	(bank)	sistema		○○達は山頂を目指した。	so OO and allies climbed the summit.	Chapter story narrative translation.	917	24	24
capitulo#970	v2070_oldata.bin	970	(banco)	(bank)	sistema		過酷な山道を登りきった先には、宙からの贈り物…、	Reaching the harsh peak, a celestial gift	Chapter story narrative translation.	918	48	48
capitulo#971	v2070_oldata.bin	971	(banco)	(bank)	sistema		ギベオンがあった。	awaited them: the Gibeon ore.	Chapter story narrative translation.	919	18	18
capitulo#972	v2070_oldata.bin	972	(banco)	(bank)	sistema		早速、○○達はギベオンを採取し、	Promptly, OO and party harvested Gibeon,	Chapter story narrative translation.	920	32	32
capitulo#973	v2070_oldata.bin	973	(banco)	(bank)	sistema		その不思議な物質に思いを馳せた。	pondering this mysterious matter.	Chapter story narrative translation.	921	32	32
capitulo#974	v2070_oldata.bin	974	(banco)	(bank)	sistema		このルミナシアに訪れた物質は、どこかの世界の一部	This mineral arrived in Luminasia	Chapter story narrative translation.	922	48	48
capitulo#975	v2070_oldata.bin	975	(banco)	(bank)	sistema		だったかもしれない。	from some distant forgotten realm.	Chapter story narrative translation.	923	20	20
capitulo#976	v2070_oldata.bin	976	(banco)	(bank)	sistema		宙を隔てても、世界を越えても、命は支えあっていく	Across voids and worlds, life supports life,	Chapter story narrative translation.	924	48	48
capitulo#977	v2070_oldata.bin	977	(banco)	(bank)	sistema		のだと、アスベルが気づく。	as Asbel thoughtfully realized.	Chapter story narrative translation.	925	26	26
capitulo#978	v2070_oldata.bin	978	(banco)	(bank)	sistema		それは、ラザリスとの共存を望む○○に	This brought immense hope to OO,	Chapter story narrative translation.	926	36	36
capitulo#979	v2070_oldata.bin	979	(banco)	(bank)	sistema		とっても大きな希望だった。	who longed for coexistence with Lazaris.	Chapter story narrative translation.	927	26	26
capitulo#980	v2070_oldata.bin	980	(banco)	(bank)	sistema		ディセンダーの能力、即ちドクメントを転写する実験の	Preparations to transcribe the Descender	Chapter story narrative translation.	928	50	50
capitulo#981	v2070_oldata.bin	981	(banco)	(bank)	sistema		準備が整う。	Document were finalized.	Chapter story narrative translation.	929	12	12
capitulo#982	v2070_oldata.bin	982	(banco)	(bank)	sistema		だが、実験の事故を恐れて被験者になろうとする者は	Yet fearing fatal accidents, no candidate	Chapter story narrative translation.	930	48	48
capitulo#983	v2070_oldata.bin	983	(banco)	(bank)	sistema		いなかった。	stepped forward to participate.	Chapter story narrative translation.	931	12	12
capitulo#984	v2070_oldata.bin	984	(banco)	(bank)	sistema		そんな中で、カノンノが被験者になる事を名乗り出る。	Then Kanonno volunteered bravely.	Chapter story narrative translation.	932	50	50
capitulo#985	v2070_oldata.bin	985	(banco)	(bank)	sistema		失敗すれば、死ぬかもしれないというのに、カノンノは	Though failure risked death, Kanonno smiled	Chapter story narrative translation.	933	50	50
capitulo#986	v2070_oldata.bin	986	(banco)	(bank)	sistema		臆する事無く微笑んで、実験に挑んだ。	fearlessly and stepped into the machine.	Chapter story narrative translation.	934	36	36
capitulo#987	v2070_oldata.bin	987	(banco)	(bank)	sistema		実験が始まり、○○のドクメントが	The test began, weaving OO's Document	Chapter story narrative translation.	935	32	32
capitulo#988	v2070_oldata.bin	988	(banco)	(bank)	sistema		カノンノへ絡んでいく。	deep into Kanonno's pattern.	Chapter story narrative translation.	936	22	22
capitulo#989	v2070_oldata.bin	989	(banco)	(bank)	sistema		カノンノの身悶する様子から、壮絶な苦しみである事が	Kanonno's trembling showed terrible pain.	Chapter story narrative translation.	937	50	50
capitulo#990	v2070_oldata.bin	990	(banco)	(bank)	sistema		見て取れた。	Agony racked her small frame.	Chapter story narrative translation.	938	12	12
capitulo#991	v2070_oldata.bin	991	(banco)	(bank)	sistema		しかし、そんな状態であってもカノンノは微笑んで、	Yet through agony, Kanonno smiled gently,	Chapter story narrative translation.	939	48	48
capitulo#992	v2070_oldata.bin	992	(banco)	(bank)	sistema		○○のドクメントを一身に受けていた。	welcoming OO's Document completely.	Chapter story narrative translation.	940	36	36
capitulo#993	v2070_oldata.bin	993	(banco)	(bank)	sistema		実験は無事終了。	The experiment ended safely.	Chapter story narrative translation.	941	16	16
capitulo#994	v2070_oldata.bin	994	(banco)	(bank)	sistema		後は、能力の転写が成功しているかを確認しに	Now they needed to verify whether	Chapter story narrative translation.	942	42	42
capitulo#995	v2070_oldata.bin	995	(banco)	(bank)	sistema		行かなければならなかった。	the transcription succeeded.	Chapter story narrative translation.	943	26	26
capitulo#996	v2070_oldata.bin	996	(banco)	(bank)	sistema		カノンノにディセンダーの能力が転写しているかを	To test Kanonno's transcribed power,	Chapter story narrative translation.	944	46	46
capitulo#997	v2070_oldata.bin	997	(banco)	(bank)	sistema		確かめる為、新たなトゲが出現したシフノ湧泉洞へ	they headed for Sifno Cave, where	Chapter story narrative translation.	945	46	46
capitulo#998	v2070_oldata.bin	998	(banco)	(bank)	sistema		向かう。	a new spike had sprouted.	Chapter story narrative translation.	946	8	8
capitulo#999	v2070_oldata.bin	999	(banco)	(bank)	sistema		ディセンダーの能力が転写されていれば、他の人々へも	If successful, power could spread to all,	Chapter story narrative translation.	947	50	50
capitulo#1000	v2070_oldata.bin	1000	(banco)	(bank)	sistema		能力を転写をし、皆で侵食を食い止められる。	allowing everyone to halt corruption.	Chapter story narrative translation.	948	42	42
capitulo#1001	v2070_oldata.bin	1001	(banco)	(bank)	sistema		今また世界中では、侵食されていない大地を獲得する	Wars to claim uncorrupted territory	Chapter story narrative translation.	949	48	48
capitulo#1002	v2070_oldata.bin	1002	(banco)	(bank)	sistema		為に領土を奪い合う戦争が始まっている。	erupted across lands again.	Chapter story narrative translation.	950	38	38
capitulo#1003	v2070_oldata.bin	1003	(banco)	(bank)	sistema		だが、皆がこの能力を持てば、世界中の皆の心は危機に	Yet sharing this power could unite hearts	Chapter story narrative translation.	951	50	50
capitulo#1004	v2070_oldata.bin	1004	(banco)	(bank)	sistema		立ち向かい、一つになれるかもしれない。	to confront the crisis as one.	Chapter story narrative translation.	952	38	38
capitulo#1005	v2070_oldata.bin	1005	(banco)	(bank)	sistema		一行がキバの元へ辿り着くと、想像以上の侵食が進んで	Reaching the fang, corruption was severe.	Chapter story narrative translation.	953	50	50
capitulo#1006	v2070_oldata.bin	1006	(banco)	(bank)	sistema		いた。そして、侵食されて倒れ伏すヒトを発見する。	They found fallen victims collapsed nearby.	Chapter story narrative translation.	954	48	48
capitulo#1007	v2070_oldata.bin	1007	(banco)	(bank)	sistema		カノンノは見事、浸食を受けたヒトとその場を元の姿に	Kanonno restored the victims and the land,	Chapter story narrative translation.	955	50	50
capitulo#1008	v2070_oldata.bin	1008	(banco)	(bank)	sistema		戻し、実験が成功している事を証明した。	proving the experiment a complete success.	Chapter story narrative translation.	956	38	38
capitulo#1009	v2070_oldata.bin	1009	(banco)	(bank)	sistema		しかし、倒れていたその者達はかなり衰弱した様子で、	Yet the victims remained terribly frail,	Chapter story narrative translation.	957	50	50
capitulo#1010	v2070_oldata.bin	1010	(banco)	(bank)	sistema		気を失ったままだった。	resting unconscious on the ground.	Chapter story narrative translation.	958	22	22
capitulo#1011	v2070_oldata.bin	1011	(banco)	(bank)	sistema		よく見ると、それらが着ていた衣装は、あの暁の従者の	Their robes belonged to the cult,	Chapter story narrative translation.	959	50	50
capitulo#1012	v2070_oldata.bin	1012	(banco)	(bank)	sistema		ものである。	Servants of the Dawn.	Chapter story narrative translation.	960	12	12
capitulo#1013	v2070_oldata.bin	1013	(banco)	(bank)	sistema		一行は暁の従者を担ぎ、船へと戻る事にした。	Carrying the cultists, they returned to ship.	Chapter story narrative translation.	961	42	42
capitulo#1014	v2070_oldata.bin	1014	(banco)	(bank)	sistema		程なく、暁の従者は医務室で目を覚ました。	Soon the cultists woke in the infirmary.	Chapter story narrative translation.	962	40	40
capitulo#1015	v2070_oldata.bin	1015	(banco)	(bank)	sistema		彼らはアドリビトムへの接触を目的にしていたという。	They had sought contact with Ad Libitum.	Chapter story narrative translation.	963	50	50
capitulo#1016	v2070_oldata.bin	1016	(banco)	(bank)	sistema		どういう事情があっての事なのか、話を詳しく聞く	To discover their motives,	Chapter story narrative translation.	964	46	46
capitulo#1017	v2070_oldata.bin	1017	(banco)	(bank)	sistema		為に、○○達は医務室を訪ねる事にした。	OO and allies visited the medical bay.	Chapter story narrative translation.	965	38	38
capitulo#1018	v2070_oldata.bin	1018	(banco)	(bank)	sistema		暁の従者は、世界の危機に果敢に立ち向かう	Moved by Ad Libitum battling crisis,	Chapter story narrative translation.	966	40	40
capitulo#1019	v2070_oldata.bin	1019	(banco)	(bank)	sistema		アドリビトムを見て、自分達も役に立ちたいと	they wished to assist by providing clues	Chapter story narrative translation.	967	42	42
capitulo#1020	v2070_oldata.bin	1020	(banco)	(bank)	sistema		ウズマキフスベの手がかりを知らせに旅をして	regarding the Spiral Gall,	Chapter story narrative translation.	968	42	42
capitulo#1021	v2070_oldata.bin	1021	(banco)	(bank)	sistema		いたのだという。	traveling far to deliver intel.	Chapter story narrative translation.	969	16	16
capitulo#1022	v2070_oldata.bin	1022	(banco)	(bank)	sistema		しかし、二本のキバが現れた際に、地盤の崩落で	When fangs rose, cave-ins trapped them	Chapter story narrative translation.	970	44	44
capitulo#1023	v2070_oldata.bin	1023	(banco)	(bank)	sistema		シフノ湧泉洞の、あの場に落ちてしまったらしいのだ。	within Sifno Cave.	Chapter story narrative translation.	971	50	50
capitulo#1024	v2070_oldata.bin	1024	(banco)	(bank)	sistema		手がかりとは、ウズマキフスベがかつて生えていた	The clue was a stump where Spiral Gall	Chapter story narrative translation.	972	46	46
capitulo#1025	v2070_oldata.bin	1025	(banco)	(bank)	sistema		切り株だった。	once flourished in the past.	Chapter story narrative translation.	973	14	14
capitulo#1026	v2070_oldata.bin	1026	(banco)	(bank)	sistema		現物は無いが、わずかにでもドクメントがあるかも	Though decayed, faint Document data might	Chapter story narrative translation.	974	46	46
capitulo#1027	v2070_oldata.bin	1027	(banco)	(bank)	sistema		しれない。それだけでも大きな収穫である。	remain, yielding a vital breakthrough.	Chapter story narrative translation.	975	40	40
capitulo#1028	v2070_oldata.bin	1028	(banco)	(bank)	sistema		そして、リタが編み出した術式で、ディセンダーの	Through Rita's formula, Descender power	Chapter story narrative translation.	976	46	46
capitulo#1029	v2070_oldata.bin	1029	(banco)	(bank)	sistema		能力をカノンノの手を通して暁の従者に転写した。	transferred through Kanonno to the cultists.	Chapter story narrative translation.	977	46	46
capitulo#1030	v2070_oldata.bin	1030	(banco)	(bank)	sistema		これで、彼らが他人と触れ合うだけで、能力の転写が	Merely touching others would now share	Chapter story narrative translation.	978	48	48
capitulo#1031	v2070_oldata.bin	1031	(banco)	(bank)	sistema		行われるのである。	restorative power across the world.	Chapter story narrative translation.	979	18	18
capitulo#1032	v2070_oldata.bin	1032	(banco)	(bank)	sistema		その後、切り株からウズマキフスベのドクメントの	Partial Document was obtained from the stump,	Chapter story narrative translation.	980	46	46
capitulo#1033	v2070_oldata.bin	1033	(banco)	(bank)	sistema		一部が手に入る。だが、このキノコは無性生殖で	yet this fungus reproduced asexually,	Chapter story narrative translation.	981	44	44
capitulo#1034	v2070_oldata.bin	1034	(banco)	(bank)	sistema		ドクメントを継承した種は存在しないのだ。	leaving no modern descendants behind.	Chapter story narrative translation.	982	40	40
capitulo#1035	v2070_oldata.bin	1035	(banco)	(bank)	sistema		ツリガネトンボ草の時の様には行かない。	The approach from before would not work.	Chapter story narrative translation.	983	38	38
capitulo#1036	v2070_oldata.bin	1036	(banco)	(bank)	sistema		だが、ここでカノンノが「食べ物となった命が	Then Kanonno remembered:	Chapter story narrative translation.	984	42	42
capitulo#1037	v2070_oldata.bin	1037	(banco)	(bank)	sistema		受け継がれていく」事を思い出した。	life eaten as food is passed down.	Chapter story narrative translation.	985	34	34
capitulo#1038	v2070_oldata.bin	1038	(banco)	(bank)	sistema		カノンノの話を元に、ウズマキフスベが絶滅する辺り	Will researched ancient beasts alive	Chapter story narrative translation.	986	48	48
capitulo#1039	v2070_oldata.bin	1039	(banco)	(bank)	sistema		から生きている生物をウィルが調べる。	before Spiral Gall went extinct.	Chapter story narrative translation.	987	36	36
capitulo#1040	v2070_oldata.bin	1040	(banco)	(bank)	sistema		すると、ケイブレックスという魔物がウズマキフスベを	Records showed the Cavelex consumed it	Chapter story narrative translation.	988	50	50
capitulo#1041	v2070_oldata.bin	1041	(banco)	(bank)	sistema		常食していた事が判明した。	as part of its regular diet.	Chapter story narrative translation.	989	26	26
capitulo#1042	v2070_oldata.bin	1042	(banco)	(bank)	sistema		ケイブレックスから、ウズマキフスベのドクメントを	The Cavelex might hold its Document.	Chapter story narrative translation.	990	48	48
capitulo#1043	v2070_oldata.bin	1043	(banco)	(bank)	sistema		入手出来るかもしれないのだ。	Hope returned once more.	Chapter story narrative translation.	991	28	28
capitulo#1044	v2070_oldata.bin	1044	(banco)	(bank)	sistema		ウズマキフスベを食べていたケイブレックスを追い、	Tracking the Cavelex that fed on the fungus,	Chapter story narrative translation.	992	48	48
capitulo#1045	v2070_oldata.bin	1045	(banco)	(bank)	sistema		○○達はコンフェイト大森林を進む。	OO traversed Confeito Great Forest.	Chapter story narrative translation.	993	34	34
capitulo#1046	v2070_oldata.bin	1046	(banco)	(bank)	sistema		果たして、ケイブレックスから、かつて食べていた	Could food Documents truly endure in predators?	Chapter story narrative translation.	994	46	46
capitulo#1047	v2070_oldata.bin	1047	(banco)	(bank)	sistema		もののドクメントなど手に入るのか？	Uncertainty lingered in their minds.	Chapter story narrative translation.	995	34	34
capitulo#1048	v2070_oldata.bin	1048	(banco)	(bank)	sistema		他に方法も無い。	Yet no other option remained.	Chapter story narrative translation.	996	16	16
capitulo#1049	v2070_oldata.bin	1049	(banco)	(bank)	sistema		だが、○○達はケイブレックスの動きを封じ、	Neutralizing the Cavelex, OO obtained	Chapter story narrative translation.	997	42	42
capitulo#1050	v2070_oldata.bin	1050	(banco)	(bank)	sistema		見事ドクメントを入手する。	the coveted Document of Spiral Gall.	Chapter story narrative translation.	998	26	26
capitulo#1051	v2070_oldata.bin	1051	(banco)	(bank)	sistema		これで、塩水晶、ツリガネトンボ草、ウズマキフスベの	All three components were finally assembled:	Chapter story narrative translation.	999	50	50
capitulo#1052	v2070_oldata.bin	1052	(banco)	(bank)	sistema		ドクメントが揃ったのである。	Salt Crystal, Dragonfly Grass, Spiral Gall.	Chapter story narrative translation.	1000	28	28
capitulo#1053	v2070_oldata.bin	1053	(banco)	(bank)	sistema		さらにこれを組み合わせれば、ジルディア、そして	Synthesized together, they formed the seal	Chapter story narrative translation.	1001	46	46
capitulo#1054	v2070_oldata.bin	1054	(banco)	(bank)	sistema		ラザリスを封印する封印次元が作られる。	to imprison Zirdia and Lazaris.	Chapter story narrative translation.	1002	38	38
capitulo#1055	v2070_oldata.bin	1055	(banco)	(bank)	sistema		一方、暁の従者の二人の働きで、侵食浄化はもとより、	Meanwhile, cultists spread purification,	Chapter story narrative translation.	1003	50	50
capitulo#1056	v2070_oldata.bin	1056	(banco)	(bank)	sistema		また世界中の人々が手を繋ぎ始めたという。	uniting people in solidarity worldwide.	Chapter story narrative translation.	1004	40	40
capitulo#1057	v2070_oldata.bin	1057	(banco)	(bank)	sistema		一人のディセンダーから、希望の光は確実に世界中で	From a single Descender, hope ignited	Chapter story narrative translation.	1005	48	48
capitulo#1058	v2070_oldata.bin	1058	(banco)	(bank)	sistema		灯っていっているのだ。	across the entire globe.	Chapter story narrative translation.	1006	22	22
capitulo#1059	v2070_oldata.bin	1059	(banco)	(bank)	sistema		星晶の代わりとして組み上げたドクメントは、	The synthetic crystal Document was infused	Chapter story narrative translation.	1007	42	42
capitulo#1060	v2070_oldata.bin	1060	(banco)	(bank)	sistema		マナの流れに乗せて世界樹へ送り込む。	into mana streams toward the Tree.	Chapter story narrative translation.	1008	36	36
capitulo#1061	v2070_oldata.bin	1061	(banco)	(bank)	sistema		そうする事で、封印次元を形成出来るのだという。	Thus the Sealing Dimension would manifest.	Chapter story narrative translation.	1009	46	46
capitulo#1062	v2070_oldata.bin	1062	(banco)	(bank)	sistema		封印次元を作った後は、世界樹を媒体にラザリス及び、	Once formed, Lazaris and Zirdia would	Chapter story narrative translation.	1010	50	50
capitulo#1063	v2070_oldata.bin	1063	(banco)	(bank)	sistema		ジルディアの情報…ドクメントを送信させればいい。	be channeled into the dimensional prison.	Chapter story narrative translation.	1011	48	48
capitulo#1064	v2070_oldata.bin	1064	(banco)	(bank)	sistema		○○にはいまいちピンと来なかったが、	Though technical for OO to grasp,	Chapter story narrative translation.	1012	36	36
capitulo#1065	v2070_oldata.bin	1065	(banco)	(bank)	sistema		ハロルドとリタが出した見解を信じて、準備が整うのを	trusting Harold and Rita, they awaited final	Chapter story narrative translation.	1013	50	50
capitulo#1066	v2070_oldata.bin	1066	(banco)	(bank)	sistema		待つ事にした。いよいよ、ジルディアを封印出来る。	preparations to seal Zirdia at last.	Chapter story narrative translation.	1014	48	48
capitulo#1067	v2070_oldata.bin	1067	(banco)	(bank)	sistema		そして、○○が世界樹へ還る日が近い事も…。	Near was the day OO must return to the Tree...	Chapter story narrative translation.	1015	42	42
capitulo#1068	v2070_oldata.bin	1068	(banco)	(bank)	sistema		聖地ラングリースにある、もう一つのボルテックス。	Another Vortex in holy ground Langrees.	Chapter story narrative translation.	1016	48	48
capitulo#1069	v2070_oldata.bin	1069	(banco)	(bank)	sistema		そのボルテックスから、封印次元に必要なドクメントを	To channel the seal into the World Tree,	Chapter story narrative translation.	1017	50	50
capitulo#1070	v2070_oldata.bin	1070	(banco)	(bank)	sistema		世界樹に流す為、○○、リタ、カノンノは	OO, Rita, and Kanonno departed the ship.	Chapter story narrative translation.	1018	38	38
capitulo#1071	v2070_oldata.bin	1071	(banco)	(bank)	sistema		船を出た。	They journeyed forth.	Chapter story narrative translation.	1019	10	10
capitulo#1072	v2070_oldata.bin	1072	(banco)	(bank)	sistema		○○との別れを予感していたカノンノが、	Sensing farewell, Kanonno timidly asked OO	Chapter story narrative translation.	1020	38	38
capitulo#1073	v2070_oldata.bin	1073	(banco)	(bank)	sistema		恐る恐る尋ねる。これが終わったら、世界樹に帰って	if completion meant returning to the Tree	Chapter story narrative translation.	1021	48	48
capitulo#1074	v2070_oldata.bin	1074	(banco)	(bank)	sistema		しまうのかと。	forevermore.	Chapter story narrative translation.	1022	14	14
capitulo#1075	v2070_oldata.bin	1075	(banco)	(bank)	sistema		だが、○○にはその意志は無かった。	Yet OO harbored no such desire.	Chapter story narrative translation.	1023	34	34
capitulo#1076	v2070_oldata.bin	1076	(banco)	(bank)	sistema		まだ、やるべき事は沢山あるのだ。	Countless tasks still remained unfinished.	Chapter story narrative translation.	1024	32	32
capitulo#1077	v2070_oldata.bin	1077	(banco)	(bank)	sistema		ラザリスやジルディアを封印した後も、世界には	Even after sealing Lazaris, people across	Chapter story narrative translation.	1025	44	44
capitulo#1078	v2070_oldata.bin	1078	(banco)	(bank)	sistema		助けを必要とする人達がいる。	the world still needed help.	Chapter story narrative translation.	1026	28	28
capitulo#1079	v2070_oldata.bin	1079	(banco)	(bank)	sistema		自分だけ、いなくなる訳にはいかないのだ。	Departing alone was unthinkable.	Chapter story narrative translation.	1027	40	40
capitulo#1080	v2070_oldata.bin	1080	(banco)	(bank)	sistema		そして、いよいよ封印次元が展開された。	Finally, the Sealing Dimension unfolded.	Chapter story narrative translation.	1028	38	38
capitulo#1081	v2070_oldata.bin	1081	(banco)	(bank)	sistema		三本のキバが粒子となり、封印次元に消えていく。	Three fangs dissolved into the seal.	Chapter story narrative translation.	1029	46	46
capitulo#1082	v2070_oldata.bin	1082	(banco)	(bank)	sistema		しかし、喜びも束の間、封印次元はいともあっさりと	Yet joy was brief; the seal shattered,	Chapter story narrative translation.	1030	48	48
capitulo#1083	v2070_oldata.bin	1083	(banco)	(bank)	sistema		破られ、新たに現れたキバが世界樹を貫いた。	and a massive new fang pierced the Tree.	Chapter story narrative translation.	1031	42	42
capitulo#1084	v2070_oldata.bin	1084	(banco)	(bank)	sistema		同じ痛みを受けた○○が倒れる。	Feeling the shared agony, OO collapsed.	Chapter story narrative translation.	1032	30	30
capitulo#1085	v2070_oldata.bin	1085	(banco)	(bank)	sistema		○○が気づいた時は船の上だった。	When OO awakened, they were back on ship.	Chapter story narrative translation.	1033	32	32
capitulo#1086	v2070_oldata.bin	1086	(banco)	(bank)	sistema		侵食はさらに進み、世界樹の理が変わり始めている。	Corruption spread, warping the Tree's laws.	Chapter story narrative translation.	1034	48	48
capitulo#1087	v2070_oldata.bin	1087	(banco)	(bank)	sistema		時間が無い。	Time was running out.	Chapter story narrative translation.	1035	12	12
capitulo#1088	v2070_oldata.bin	1088	(banco)	(bank)	sistema		すぐにでも世界樹の元へ行きたかったが、未知の空間と	They wished to reach the Tree immediately,	Chapter story narrative translation.	1036	50	50
capitulo#1089	v2070_oldata.bin	1089	(banco)	(bank)	sistema		化した場へ踏み込む事は危険視された。	yet entering warped space was suicidal.	Chapter story narrative translation.	1037	36	36
capitulo#1090	v2070_oldata.bin	1090	(banco)	(bank)	sistema		ニアタの力で、それは解決出来るという事だったが、	Niata promised a way forward, yet	Chapter story narrative translation.	1038	48	48
capitulo#1091	v2070_oldata.bin	1091	(banco)	(bank)	sistema		それにはまだ少し時間が必要だった。	preparations required precious time.	Chapter story narrative translation.	1039	34	34
capitulo#1092	v2070_oldata.bin	1092	(banco)	(bank)	sistema		世界樹への侵食は進み、世界の理が変えられていく。	Corruption altered reality continuously.	Chapter story narrative translation.	1040	48	48
capitulo#1093	v2070_oldata.bin	1093	(banco)	(bank)	sistema		だが、ようやくリタとニアタの力で、世界樹の中にある	Finally, through Rita and Niata, entry	Chapter story narrative translation.	1041	50	50
capitulo#1094	v2070_oldata.bin	1094	(banco)	(bank)	sistema		未知の空間…エラン・ヴィタールへ行ける様になった。	into Elan Vital within the Tree opened.	Chapter story narrative translation.	1042	50	50
capitulo#1095	v2070_oldata.bin	1095	(banco)	(bank)	sistema		果たして、あの空間へ行き何が出来るのか。	What could be accomplished inside?	Chapter story narrative translation.	1043	40	40
capitulo#1096	v2070_oldata.bin	1096	(banco)	(bank)	sistema		ラザリスに会って、どうすればいいのか。	What awaited upon meeting Lazaris?	Chapter story narrative translation.	1044	38	38
capitulo#1097	v2070_oldata.bin	1097	(banco)	(bank)	sistema		皆は、様々と思い煩う。	Heavy anxieties filled every companion.	Chapter story narrative translation.	1045	22	22
capitulo#1098	v2070_oldata.bin	1098	(banco)	(bank)	sistema		不可能も恐れも知らないディセンダーに、	To the fearless and resolute Descender,	Chapter story narrative translation.	1046	38	38
capitulo#1099	v2070_oldata.bin	1099	(banco)	(bank)	sistema		後はただ未来を託すしかなかった。	they entrusted the future of the world.	Chapter story narrative translation.	1047	32	32
capitulo#1100	v2070_oldata.bin	1100	(banco)	(bank)	sistema		そして、アンジュから一つの依頼が届けられる…。	Then Ange issued the ultimate quest...	Chapter story narrative translation.	1048	46	46
capitulo#1101	v2070_oldata.bin	1101	(banco)	(bank)	sistema		アンジュから受けた依頼は、エラン・ヴィタールへ	Ange's quest called to breach Elan Vital	Chapter story narrative translation.	1049	46	46
capitulo#1102	v2070_oldata.bin	1102	(banco)	(bank)	sistema		進入し、ルミナシアを守る事だった。	and defend Luminasia from ruin.	Chapter story narrative translation.	1050	34	34
capitulo#1103	v2070_oldata.bin	1103	(banco)	(bank)	sistema		ラザリスは、ルミナシアの世界樹の中枢、生命の場の	Before the Hall of Life at the core,	Chapter story narrative translation.	1051	48	48
capitulo#1104	v2070_oldata.bin	1104	(banco)	(bank)	sistema		前で○○を待っていた。	Lazaris stood waiting for OO.	Chapter story narrative translation.	1052	22	22
capitulo#1105	v2070_oldata.bin	1105	(banco)	(bank)	sistema		ラザリスは生命の場を奪い、ルミナシアの生命から	Lazaris sought to seize the Hall of Life,	Chapter story narrative translation.	1053	46	46
capitulo#1106	v2070_oldata.bin	1106	(banco)	(bank)	sistema		「創造」を奪うつもりだった。	stripping Luminasia of creation itself.	Chapter story narrative translation.	1054	28	28
capitulo#1107	v2070_oldata.bin	1107	(banco)	(bank)	sistema		「創造」は欲、罪であると頑なに信じるラザリス。	Lazaris viewed creation as selfish sin.	Chapter story narrative translation.	1055	46	46
capitulo#1108	v2070_oldata.bin	1108	(banco)	(bank)	sistema		○○の一緒に生きたいと言う声も空しく	Despite OO's pleas to live together,	Chapter story narrative translation.	1056	36	36
capitulo#1109	v2070_oldata.bin	1109	(banco)	(bank)	sistema		ラザリスは戦う事を選んだ。	Lazaris chose bitter warfare.	Chapter story narrative translation.	1057	26	26
capitulo#1110	v2070_oldata.bin	1110	(banco)	(bank)	sistema		力を削られながらも、なお抗い続けるラザリス。	Though weakened, Lazaris fought fiercely.	Chapter story narrative translation.	1058	44	44
capitulo#1111	v2070_oldata.bin	1111	(banco)	(bank)	sistema		その時、これから生まれようとするジルディアの生命の	Then unbirthed souls of Zirdia manifested	Chapter story narrative translation.	1059	50	50
capitulo#1112	v2070_oldata.bin	1112	(banco)	(bank)	sistema		意志…ドクメントが、ラザリスを守ろうと現れた。	as a protective Document around Lazaris.	Chapter story narrative translation.	1060	46	46
capitulo#1113	v2070_oldata.bin	1113	(banco)	(bank)	sistema		ラザリスの為に戦おうとする、ジルディアの生命の	Souls wishing to defend Lazaris clashed,	Chapter story narrative translation.	1061	46	46
capitulo#1114	v2070_oldata.bin	1114	(banco)	(bank)	sistema		意志。争う意志を持たせたくないラザリス。	resisting her desire to spare them.	Chapter story narrative translation.	1062	40	40
capitulo#1115	v2070_oldata.bin	1115	(banco)	(bank)	sistema		二つの意志が反発し合い、それは混沌へ向かう力と	Colliding wills erupted into chaotic fury.	Chapter story narrative translation.	1063	46	46
capitulo#1116	v2070_oldata.bin	1116	(banco)	(bank)	sistema		なった。	Dark vortex surged.	Chapter story narrative translation.	1064	8	8
capitulo#1117	v2070_oldata.bin	1117	(banco)	(bank)	sistema		○○は全ての思いを込めてラザリスへ挑む。	OO challenged Lazaris with all conviction.	Chapter story narrative translation.	1065	40	40
capitulo#1118	v2070_oldata.bin	1118	(banco)	(bank)	sistema		二つの世界の未来を賭けて。	wagering the future of both worlds.	Chapter story narrative translation.	1066	26	26
capitulo#1119	v2070_oldata.bin	1119	(banco)	(bank)	sistema		やがてラザリスの力は尽き、その力は拡散し始める。	Lazaris's power exhausted, diffusing outward.	Chapter story narrative translation.	1067	48	48
capitulo#1120	v2070_oldata.bin	1120	(banco)	(bank)	sistema		ラザリスは己の負けを受け止めていた。	Lazaris accepted inevitable defeat.	Chapter story narrative translation.	1068	36	36
capitulo#1121	v2070_oldata.bin	1121	(banco)	(bank)	sistema		そして、生まれ来るはずだったジルディアの生命を	Mourning the unborn souls of Zirdia,	Chapter story narrative translation.	1069	46	46
capitulo#1122	v2070_oldata.bin	1122	(banco)	(bank)	sistema		憂い、小さな光となっていった。	she dissolved into gentle luminescence.	Chapter story narrative translation.	1070	30	30
capitulo#1123	v2070_oldata.bin	1123	(banco)	(bank)	sistema		○○が、残ったラザリスの光を受け止め、	Gathering the gentle light of Lazaris, OO	Chapter story narrative translation.	1071	38	38
capitulo#1124	v2070_oldata.bin	1124	(banco)	(bank)	sistema		共に生命の場へと静かに進んでいく。	walked peacefully toward the Hall of Life.	Chapter story narrative translation.	1072	34	34
capitulo#1125	v2070_oldata.bin	1125	(banco)	(bank)	sistema		新しい、未来を創造する為に―。	Together, to create a new tomorrow.	Chapter story narrative translation.	1073	30	30
