id	cena	ordem	falante_jp	falante_en	tipo	control_codes	original	traducao	nota_do_tradutor	offset_arquivo	bytes_jp	max_bytes
perfil-org#0	v3082_CharGuideTextORG.bin	0	(banco)	(bank)	sistema	LF	"【オリジナルプロフィール】

アルべイン流剣術道場の一人息子。
無意味な争いを好まない心優しい青年。
両親の死の元凶となった、魔王ダオスに
立ち向かう。"			0	147	149
perfil-org#1	v3082_CharGuideTextORG.bin	1	(banco)	(bank)	sistema	LF	"【オリジナルプロフィール】

神に祈りを捧げる事で授かる、
癒しの力を使う法術師。
控えめでおとなしい性格であるが、
芯は強く、気丈な面も持ち合せている。
クレスの事をひそかに想っている。"			1	182	185
perfil-org#2	v3082_CharGuideTextORG.bin	2	(banco)	(bank)	sistema	LF	"【オリジナルプロフィール】

クレスの幼馴染であり、親友。
早くに両親を亡くし、ただ一人の家族である
妹のアミィを育てていたが、ダオスが
元凶となった事件でその妹すらも失う。
幼い頃から、大人と渡り合って妹を育てて
いた為か、どこか物事に対して斜に
構えるようになっている"			2	264	268
perfil-org#3	v3082_CharGuideTextORG.bin	3	(banco)	(bank)	sistema	LF	"【オリジナルプロフィール】

強力な魔術を使用し、ホウキに乗って
空を飛ぶ、ハーフエルフの少女。
マイペースであけすけな性格をしており、
いつもチェスターと口喧嘩をしている。"			3	169	172
perfil-org#4	v3082_CharGuideTextORG.bin	4	(banco)	(bank)	sistema	LF	"【オリジナルプロフィール】

世間一般では知られていない、
忍びの一族の少女。
１１歳という幼さでありながら、
忍術使いとして優れた才能を持ち、
将来の頭領と目されている。
任務に感情を持ち込んではならないという
忍びの掟に従い、常に冷静沈着で
感情を表に出す事が無い。"			4	261	265
perfil-org#5	v3082_CharGuideTextORG.bin	5	(banco)	(bank)	sistema	LF	"【オリジナルプロフィール】

異なる世界から、クレス達の世界へ
やって来た、魔王と称される男。
時間転移術を使い、自在に時を超える
事が出来る。"			5	139	141
perfil-org#6	v3082_CharGuideTextORG.bin	6	(banco)	(bank)	sistema	LF	"【オリジナルプロフィール】

純粋で、熱血漢の青年。
祖父の様な、王国の兵士になる為に
家出同然で旅に出る。
ディムロスという人格を持つ剣と出会い、
世界に影を落としていく陰謀に
立ち向かっていく。
恐ろしく寝起きが悪く、一度寝ると
ただでは起きない。"			6	243	247
perfil-org#7	v3082_CharGuideTextORG.bin	7	(banco)	(bank)	sistema	LF	"【オリジナルプロフィール】

高いエネルギーを有するレンズを
探し求める、レンズハンター。
アトワイトという人格を持つ剣を
所持している。
金にただならぬ執着を持っているが、
それは彼女が秘めている事情による。"			7	203	206
perfil-org#8	v3082_CharGuideTextORG.bin	8	(banco)	(bank)	sistema	LF	"【オリジナルプロフィール】

アタモニ神団という宗教の司祭であり、
学者という一面も持っている。
穏やかで生真面目な性格で、
責任感が強い。
クレメンテという人格を持つ剣を
所持している。
スタンに対して淡い恋心を覗かせる。"			8	216	219
perfil-org#9	v3082_CharGuideTextORG.bin	9	(banco)	(bank)	sistema	LF	"【オリジナルプロフィール】

１６歳にして、その天才的な剣の能力を見出され、
王国軍に客員剣士として迎え入れられた少年。
シャルティエという人格を持つ剣を
所持している。
他人と心を通わす事は無く、冷徹な
性格だが、その反面些細な言葉に
むきになって反応したり、甘いものが
好きなどの幼い一面も見せる。"			9	293	298
perfil-org#10	v3082_CharGuideTextORG.bin	10	(banco)	(bank)	sistema	LF	"【オリジナルプロフィール】

次期国王となる身分である。
イクティノスという人格を持つ剣を
所持しており、剣の他に、弓の腕も立つ。
冷静で他人を思いやる気持ちが強く、
故郷の民からとても慕われている。"			10	194	197
perfil-org#11	v3082_CharGuideTextORG.bin	11	(banco)	(bank)	sistema	LF	"【オリジナルプロフィール】

ウッドロウの弓の師匠の孫娘。
弓は３歳の時より修行を始めており、
その腕はかなりのもの。
ウッドロウに恋心を抱いている。
極度の方向音痴。"			11	162	164
perfil-org#12	v3082_CharGuideTextORG.bin	12	(banco)	(bank)	sistema	LF	"【オリジナルプロフィール】

闘技場のチャンピオンとして、
その名を轟かせる男。
フィリアに一目ぼれし、好意を寄せる。
粗暴な性格の一方で、街の守護者として
弱きを助ける一面もある。
自己鍛錬に余念が無く、
自分の力に絶大な自信を持っている。"			12	234	238
perfil-org#13	v3082_CharGuideTextORG.bin	13	(banco)	(bank)	sistema	LF	"【オリジナルプロフィール】

家事をテキパキとこなす、スタンの妹。
「死者の目覚め」という秘技で、
寝起きの悪い兄を一発で起こす。
スタンが故郷を飛び出した後、
祖父と共に兄の帰りを待っている。"			13	188	191
perfil-org#14	v3082_CharGuideTextORG.bin	14	(banco)	(bank)	sistema	LF	"【オリジナルプロフィール】

幼い頃に両親を亡くし、
一人で猟師として生計を立てていた青年。
ファラやキールとは幼馴染の関係。
のんびりとした代わり映えの無い生活を
好んでいたが、異世界からやって来た
メルディとの出会いにより、波乱の運命へと
巻き込まれていく。"			14	254	258
perfil-org#15	v3082_CharGuideTextORG.bin	15	(banco)	(bank)	sistema	LF	"【オリジナルプロフィール】

困っている人に、手を差し伸べずには
いられない性格で、とにかく人助けに
情熱を燃やす。
しかし、その行動が行き過ぎてしまい、
リッドとキールをいつも巻き込んでしまう。
この異常なまでの利他的な性格は、
彼女のある過去に起因する。"			15	250	254
perfil-org#16	v3082_CharGuideTextORG.bin	16	(banco)	(bank)	sistema	LF	"【オリジナルプロフィール】

リッドとファラの幼馴染。
わずか１３歳で大学に入るという
明晰な頭脳を持っているが、
運動神経は鈍い。
理論的で理屈が多く、融通のきかない
性格だが、ファラには頭が上がらない。"			16	199	202
perfil-org#17	v3082_CharGuideTextORG.bin	17	(banco)	(bank)	sistema	LF	"【オリジナルプロフィール】

独特な口調で喋る異世界から来た少女。
グランドフォールという世界崩壊を
止める為にリッドやファラに協力を請う。
いつも明るく、天真爛漫で、音楽が鳴ると
不思議なダンスを披露する。"			17	202	205
perfil-org#18	v3082_CharGuideTextORG.bin	18	(banco)	(bank)	sistema	LF	"【オリジナルプロフィール】

伝説の大海賊アイフリードの子孫であり、
アイフリードが所有していたバンエル
ティア号の継承者である。
機械は崇高である、と船の機関室で日々
メンテナンスを行っている。
毛がふさふさした動物が苦手。"			18	219	222
perfil-org#19	v3082_CharGuideTextORG.bin	19	(banco)	(bank)	sistema	LF	"【オリジナルプロフィール】

物質でもなく、精神でもなく、精霊の様な
「大晶霊」という存在で、その中でも
セルシウスは氷を司る。
性格はクールだが、人間を思う優しい面もある。"			19	169	172
perfil-org#20	v3082_CharGuideTextORG.bin	20	(banco)	(bank)	sistema	LF	"【オリジナルプロフィール】

メルディが飼っているペットで、
常に彼女と共にいる。
「クィッキー」と鳴く。
危険を予知する能力を持っている。"			20	135	137
perfil-org#21	v3082_CharGuideTextORG.bin	21	(banco)	(bank)	sistema	LF	"【オリジナルプロフィール】

スタンとルーティの息子で、ルーティが経営する
孤児院で、多くの孤児と共に育つ。
寝起きの悪さは父親譲り。
スタンの様な英雄になる事を目指している。
素直で前向きな性格だが、熱くなると周りが
見えなくなる。
英雄を探しているというリアラに出会い、
真の英雄になるべく旅に出る。"			21	295	300
perfil-org#22	v3082_CharGuideTextORG.bin	22	(banco)	(bank)	sistema	LF	"【オリジナルプロフィール】

古代の遺跡に眠る巨大なレンズから現れた
不思議な少女。
歴史を変えられる程の英雄を探している。
可憐な姿に似合わず、辛らつな言葉を
発する。
身に着けているレンズのペンダントで
不思議な力を使う事が出来る。"			22	228	232
perfil-org#23	v3082_CharGuideTextORG.bin	23	(banco)	(bank)	sistema	LF	"【オリジナルプロフィール】

ルーティの経営する孤児院にて育った青年で、
カイルにとってはよい兄貴分である。
女性を見かけては、声をかけまくる女好きだが、
いつもフラれている。
ハロルドからは実験体にされそうになり、
ナナリーからは尻にしかれている。"			23	243	247
perfil-org#24	v3082_CharGuideTextORG.bin	24	(banco)	(bank)	sistema	LF	"【オリジナルプロフィール】

仮面を着け、素顔を隠す男。
カイルに少なからず因縁があるのか、
危機に陥った時には助けてくれる。
皮肉屋で冷たい態度をとるが、
カイルの成長を導き、そして見守る。"			24	186	189
perfil-org#25	v3082_CharGuideTextORG.bin	25	(banco)	(bank)	sistema	LF	"【オリジナルプロフィール】

カイル達の住む世界の十年先の未来に生き、
時を跳んで来たカイル達と出会う。
人々がアタモニ神団という宗教により
一方的に与えられる幸福を享受する中、
彼女は苦しい道であっても、自分達の生きる力で
幸せを掴もうとする。
しかし、その選んだ道から病弱な弟を亡くし、
心に深い傷を負っている。
姉御肌で面倒見がいい。"			25	330	335
perfil-org#26	v3082_CharGuideTextORG.bin	26	(banco)	(bank)	sistema	LF	"【オリジナルプロフィール】

遥か太古に起きた天地戦争の時代に生きる、
自称天才科学者。
しかし、科学知識以外においては
常識を持ち合わせておらず、
人々からは変人とも称される。
面白いか、そうでないかを基準に
行動を決める節があり、それによって
決めた行動にはどんな苦労も厭わない。
他人をすぐに研究の実験体にしたがる。"			26	312	317
perfil-org#27	v3082_CharGuideTextORG.bin	27	(banco)	(bank)	sistema	LF	"【オリジナルプロフィール】

太古の天地戦争時代に生きた男。
残忍で、好戦的。
当時は軍に所属していたが、
味方を裏切り処刑された。
しかし、この時の憎悪が、とある存在の
目に留まり、再び現代に蘇る。
そして、世界を救ったスタン、ルーティ、
フィリア、ウッドロウら「四英雄」の
命を狙う。"			27	278	283
perfil-org#28	v3082_CharGuideTextORG.bin	28	(banco)	(bank)	sistema	LF	"【オリジナルプロフィール】

ドワーフの養父に育てられた少年。
正義感が強く、素直な性格をしている。
幼馴染のコレットが、衰退していく
世界を救う「世界再生の旅」に出る際に、
共に故郷を離れ旅立つ。
手先が器用で、細工が得意なのだが、
勉強は苦手である。"			28	246	250
perfil-org#29	v3082_CharGuideTextORG.bin	29	(banco)	(bank)	sistema	LF	"【オリジナルプロフィール】

衰退する世界を救う、神子としての
宿命を背負った少女。
優しく、穏やかな性格だが、
世界を救うという自負は強く、
決して弱音を吐く事はない。
ドジで、よくコケるが、それらの
ハプニングが幸運に繋がる事がある。
動物、とりわけ犬が好きであり、
犬を見ると名前を付ける。"			29	286	291
perfil-org#30	v3082_CharGuideTextORG.bin	30	(banco)	(bank)	sistema	LF	"【オリジナルプロフィール】

ロイドの幼馴染である、天才少年。
迫害の対象である、ハーフエルフという
種族であり、その事を世間から隠しながら
生きている。
その為、種族や年齢の違いから
差別をしないロイドを慕っている。"			30	211	214
perfil-org#31	v3082_CharGuideTextORG.bin	31	(banco)	(bank)	sistema	LF	"【オリジナルプロフィール】

ジーニアスの姉であり、
ロイドやコレット達に勉強を教える
教師でもある。
コレットの「世界再生の旅」に同行する。
遺跡マニアで、遺跡を目にすると
性格が豹変する。"			31	185	188
perfil-org#32	v3082_CharGuideTextORG.bin	32	(banco)	(bank)	sistema	LF	"【オリジナルプロフィール】

「世界再生の旅」の護衛として、
リフィルが雇った傭兵。
旅先で出会う事情に通じており、
ロイド達を導く。
剣の技も一流の腕を持つ。
冷静沈着であまり自分の事については
話そうとしない。"			32	206	209
perfil-org#33	v3082_CharGuideTextORG.bin	33	(banco)	(bank)	sistema	LF	"【オリジナルプロフィール】

世界再生の神子であるコレットを暗殺する為に
送り込まれた暗殺者だったが、ロイド達を
敵視するべき者ではないと理解し、共に
旅をする事になる。
忍びの護符による符術を使い、精霊を使役する
能力を持つ。"			33	221	225
perfil-org#34	v3082_CharGuideTextORG.bin	34	(banco)	(bank)	sistema	LF	"【オリジナルプロフィール】

ロイド達の世界とは異なる世界の
神子である。
女好きで、見境なく口説いて回る。
いつも軽口を叩いているが、
過去から引きずる心の闇を抱えている。"			34	168	171
perfil-org#35	v3082_CharGuideTextORG.bin	35	(banco)	(bank)	sistema	LF	"【オリジナルプロフィール】

人体実験により怪力を得たが、感情を
失ってしまった少女。
ロイド達の活躍により、
感情を失うという症状は止まり、
少しずつ表情を取り戻していく。
肉球が好き。"			35	181	184
perfil-org#36	v3082_CharGuideTextORG.bin	36	(banco)	(bank)	sistema	LF	"【オリジナルプロフィール】

全てが謎に包まれたまま、世界を支配している
存在。
天使の様な姿と、高い戦闘能力を持つ。
彼は、一つの願いを成就させる為に、
影から世界を動かしている。"			36	176	179
perfil-org#37	v3082_CharGuideTextORG.bin	37	(banco)	(bank)	sistema	LF	"【オリジナルプロフィール】

幼くして両親を亡くし、クレアの家に引き取られ
育てられた。
無口で表情を表に出さないので、暗い、もしくは
冷たいという印象を与えてしまう。
ある日突然、氷のフォルスの能力に覚醒し、
暴走したその力でクレアを氷漬けにしてしまう。"			37	249	253
perfil-org#38	v3082_CharGuideTextORG.bin	38	(banco)	(bank)	sistema	LF	"【オリジナルプロフィール】

ヴェイグとは、幼い頃から共に暮らしていた。
常に他人を思いやる、心優しい少女。
世の惨状を変えていく為に、どんな窮地に
陥っても、たった一人でも心折れる事無く
立ち向かう強い意志を持っている。"			38	216	219
perfil-org#39	v3082_CharGuideTextORG.bin	39	(banco)	(bank)	sistema	LF	"【オリジナルプロフィール】

ガジュマという、獣のような見た目の種族の男。
国王直属の特殊部隊「王の盾」の隊長を務めて
いた事がある。
武人と呼ぶにふさわしい、鍛え抜かれた肉体と
冷静な判断力を持つ。
身だしなみには気を遣っており、尻尾を覆う袋には
彼なりのこだわりがある。"			39	266	270
perfil-org#40	v3082_CharGuideTextORG.bin	40	(banco)	(bank)	sistema	LF	"【オリジナルプロフィール】

ユージーンに保護された、記憶喪失の少年。
記憶を取り戻す為、また混乱していく世界を
救う為にユージーンと旅をする。
楽天家でいつも明るく、ムードメーカーである。
いつも即興で作った歌を歌う。"			40	214	217
perfil-org#41	v3082_CharGuideTextORG.bin	41	(banco)	(bank)	sistema	LF	"【オリジナルプロフィール】

ヴェイグと同じく、フォルスという能力に
目覚めた青年。
暑苦しい程に熱血漢で、曲がった事は見逃せない。
仲間思いであり、なかなか胸の内を明かさない
ヴェイグにはやきもきしている。"			41	202	205
perfil-org#42	v3082_CharGuideTextORG.bin	42	(banco)	(bank)	sistema	LF	"【オリジナルプロフィール】

亡き父の様な、医者を目指す少女。
ガジュマという種族に嫌悪感を示し、
特にユージーンに対しては憎悪の念を抱く。
控えめな性格だが、芯は強く頑固な面もある。
恋愛小説を好み、日記をつける習慣がある。"			42	220	223
perfil-org#43	v3082_CharGuideTextORG.bin	43	(banco)	(bank)	sistema	LF	"【オリジナルプロフィール】

かつてはユージーンの部下だった。
子供の頃からフォルスの能力を発揮し、
嵐を自由に操る事が出来る。
冷酷かつ残忍な性格で、常に人を見下した
態度を取る。
幾度となくヴェイグ達と対立するが、
ヴェイグ達に敗北してからは、その心までも
踏みにじる為、執拗なまでにつけ狙う様になった。"			43	299	304
perfil-org#44	v3082_CharGuideTextORG.bin	44	(banco)	(bank)	sistema	LF	"【オリジナルプロフィール】

海の保全に努めるマリントルーパーという
職に就いていた。
普段は無愛想で、言葉も少ないが、
彼が妹とするシャーリィの前では、
優しい表情を見せる。"			44	170	173
perfil-org#45	v3082_CharGuideTextORG.bin	45	(banco)	(bank)	sistema	LF	"【オリジナルプロフィール】

セネルを兄と慕うが、血の繋がりはない。
水の民と呼ばれる種族で、水中で呼吸する事が
出来る。
しかし、彼女に限って海水は害となり、
潮風に当たるだけでも体調を崩してしまう。
重い運命を背負って生まれ、多くの者から
追われる身となる。"			45	254	258
perfil-org#46	v3082_CharGuideTextORG.bin	46	(banco)	(bank)	sistema	LF	"【オリジナルプロフィール】

保安官を務めているが本人は認めておらず、
博物学者を自称している。
冷静で統率力があり、騒がしい仲間達を
まとめ、時には諭す頼もしい性格だが、
珍しい生物には目がなく、博物学者の
血が騒ぐのか分析に夢中になる。"			46	233	237
perfil-org#47	v3082_CharGuideTextORG.bin	47	(banco)	(bank)	sistema	LF	"【オリジナルプロフィール】

代々騎士を輩出してきた名門ヴァレンス家の少女。
正義感が強く、自他共に厳しいが、
年相応の少女らしい一面を見せる事もある。
カナヅチで、浅い水場でも溺れる。"			47	181	184
perfil-org#48	v3082_CharGuideTextORG.bin	48	(banco)	(bank)	sistema	LF	"【オリジナルプロフィール】

自称、すご腕トレジャーハンターで
宝物を探し回るが、いつもドジを踏んでいる。
しかし、自前の明るさにより、
仲間内のムードメーカーとなっている。
あだ名を付けるのが好き。
エバーライトという、何でも願いをかなえる
石を探し求め、冒険していた。"			48	264	268
perfil-org#49	v3082_CharGuideTextORG.bin	49	(banco)	(bank)	sistema	LF	"【オリジナルプロフィール】

１６歳の少年ながら、有能な情報屋
「不可視のジェイ」としてその名を馳せる。
情報収集の能力もさる事ながら、分析能力にも優れ、
参謀的な役回りでも活躍する。
毒舌家で、非常にドライな性格だが、
モフモフ族には優しい一面を見せる。"			49	249	253
perfil-org#50	v3082_CharGuideTextORG.bin	50	(banco)	(bank)	sistema	LF	"【オリジナルプロフィール】

２８代目のワンダーパン職人で、
語尾に「パン」を付けて喋る。
威勢はいいが、何もない所で転んでは泣く
ドジな面もある。
神出鬼没で、色んなものに姿を変えて現れる。"			50	186	189
perfil-org#51	v3082_CharGuideTextORG.bin	51	(banco)	(bank)	sistema	LF	"【オリジナルプロフィール】

ラッコが進化したモフモフ族という種族。
ピッポ、ポッポとは兄弟で、三人の中では
長男になる。
勇猛果敢な格闘家で、セネル達をサポートする。"			51	163	165
perfil-org#52	v3082_CharGuideTextORG.bin	52	(banco)	(bank)	sistema	LF	"【オリジナルプロフィール】

キュッポ、ポッポとは兄弟で、三人の中では
次男になる。
詩人で、繊細な性格をしており、いつも
ハープを背負っている。"			52	141	143
perfil-org#53	v3082_CharGuideTextORG.bin	53	(banco)	(bank)	sistema	LF	"【オリジナルプロフィール】

キュッポ、ピッポとは兄弟で、三人の中では
三男になる。
発明家であり、マニアックな作品を開発している。
しかし、緻密な作業を行う傍ら、
性格はかなり大雑把である。"			53	186	189
perfil-org#54	v3082_CharGuideTextORG.bin	54	(banco)	(bank)	sistema	LF	"【オリジナルプロフィール】

王国の公爵家の一人息子。
子どもの頃、敵国によって誘拐された事があり、
そのショックで誘拐される以前の記憶を失っている。
また、そのような経緯から警護の為に
屋敷の中に閉じ込められて暮らしていた。
裕福な環境で不自由なく育った為に
世間知らずでわがままな性格となっている。"			54	294	299
perfil-org#55	v3082_CharGuideTextORG.bin	55	(banco)	(bank)	sistema	LF	"【オリジナルプロフィール】

預言を司るローレライ教団の教団兵
「神託の盾騎士団」の情報部に所属し、
兵士としての厳しい訓練を受けている。
その為、自制心が強く、冷徹な部分が目立つ。
しかしその一方で、かわいいものが好きという
一面もある。"			55	233	237
perfil-org#56	v3082_CharGuideTextORG.bin	56	(banco)	(bank)	sistema	LF	"【オリジナルプロフィール】

ルークの家に仕える奉公人で、ルークとは子守役と
なって以来の長い付き合いである。
屋敷から出られないルークにとっては、
兄の様な存在であり、親友でもある。
なぜか、女性を苦手とするが、女性が嫌いという
わけではないらしい。"			56	245	249
perfil-org#57	v3082_CharGuideTextORG.bin	57	(banco)	(bank)	sistema	LF	"【オリジナルプロフィール】

帝国軍の将校で、階級は大佐。
皇帝の懐刀として恐れられる。
軍人としての顔の一方で、様々な技術開発を
行う一面を持っており、かなりの博学である。
常に笑顔を浮かべ、何を考えているのか
わからないその顔で、よく他人をからかう。"			57	247	251
perfil-org#58	v3082_CharGuideTextORG.bin	58	(banco)	(bank)	sistema	LF	"【オリジナルプロフィール】

いつも背負っているぬいぐるみ「トクナガ」を
操り戦う人形士の少女。
ローレライ教団の最高指導者の守護役を務める。
貧乏を嫌い、玉の輿を目指す。
性格は大人びており、裏表が激しい。"			58	202	205
perfil-org#59	v3082_CharGuideTextORG.bin	59	(banco)	(bank)	sistema	LF	"【オリジナルプロフィール】

ルークの婚約者で、一国の王女。
性格は気高く、誇り高い。
常に国民の事を思い、自分で起こした
事業などで民を支える行動派。
何でも器用にこなせるが、料理だけは絶望的。"			59	190	193
perfil-org#60	v3082_CharGuideTextORG.bin	60	(banco)	(bank)	sistema	LF	"【オリジナルプロフィール】

ローレライ教団の教団兵「神託の盾騎士団」の一人。
ルークに対して、強い憎しみを抱く。
何者にも物怖じせず、独善的な性格で、
誰にでも厳しい態度を取るが、
ナタリアだけには優しく接する。"			60	208	211
perfil-org#61	v3082_CharGuideTextORG.bin	61	(banco)	(bank)	sistema	LF	"【オリジナルプロフィール】

ローレライ教団の教団兵「神託の盾騎士団」の
主席総長。
ティアの実兄で、ルークの幼い頃からの
剣術の師匠でもある。
普段、わがままなルークも、師匠として
大変信頼しており、ヴァンの言う事には
大人しく従う。"			61	228	232
perfil-org#62	v3082_CharGuideTextORG.bin	62	(banco)	(bank)	sistema	LF	"【オリジナルプロフィール】

獣人化する能力を持つ種族「リカンツ」と
ヒトのハーフの少年。
活発で明朗な性格だが、繊細な一面も持つ。
子ども扱いされる事を嫌う。"			62	155	157
perfil-org#63	v3082_CharGuideTextORG.bin	63	(banco)	(bank)	sistema	LF	"【オリジナルプロフィール】

カイウスの幼馴染。
勝気で、きつい言葉を使う。
カイウスに対しては、淡い恋心を抱いて
いるが、素直になれずきつい言葉を使い、
いつもそれがもとで喧嘩になっている。"			63	186	189
perfil-org#64	v3082_CharGuideTextORG.bin	64	(banco)	(bank)	sistema	LF	"【オリジナルプロフィール】

裕福な商家の一人息子。
ある日、「異能の力」に目覚め、
それがもとで故郷を離れる事になる。
学力は高いが、気が弱く、内向的な性格で、
いつもイリアやスパーダにいじられている。
将来は医者になりたいと思っている。"			64	233	237
perfil-org#65	v3082_CharGuideTextORG.bin	65	(banco)	(bank)	sistema	LF	"【オリジナルプロフィール】

「異能の力」を持つ事で、とある宗教組織に
追われる中、ルカと出会う。
貧しい開拓者の村で育ち、学校のない環境だった為、
将来は故郷に学校を建設し、そこの校長になりたいと
思っている。
大雑把な上に、ふてぶてしく短気な性格。
気の弱いルカをいつもいじって楽しんでいる。"			65	288	293
perfil-org#66	v3082_CharGuideTextORG.bin	66	(banco)	(bank)	sistema	LF	"【オリジナルプロフィール】

騎士を輩出する名家の末っ子。
家督や財産は兄達が継ぐ事が決まっている為、
放任されていた。
そのせいで、家に嫌気がさして家出する。
札付きの不良で、何者にも物怖じしない。
ルカやイリアと同じ「異能の力」を持ち、
ルカ達と共に旅をする事になる。"			66	264	268
perfil-org#67	v3082_CharGuideTextORG.bin	67	(banco)	(bank)	sistema	LF	"【オリジナルプロフィール】

教会にて「異能の力」を使い、
多くの人に治癒を施してきた。
その為に聖女と呼ばれる事もあったが、
ある時「異能の力」の暴走で教会を
破壊してしまう。
どこにでもいる優しいお姉さんと言う印象だが、
腹黒く、聖職者とは思えないほどの奔放さで、
説教を方便に自分の欲求を忠実に遂行する。
特に食べものに対しての欲望はすさまじい。"			67	342	348
perfil-org#68	v3082_CharGuideTextORG.bin	68	(banco)	(bank)	sistema	LF	"【オリジナルプロフィール】

アンジュに雇われた傭兵。
プロ意識が高く、報酬の分はしっかり働く。
ハードボイルドな雰囲気を持つが、
実は高所恐怖症。"			68	143	145
perfil-org#69	v3082_CharGuideTextORG.bin	69	(banco)	(bank)	sistema	LF	"【オリジナルプロフィール】

人語を解する謎の種族「ミュース族」。
世界中のうまいものを食べたいばかりに
イリアにくっ付いて旅をする。
言葉の端々に「しかし」が入る独特の
喋りをする。"			69	178	181
perfil-org#70	v3082_CharGuideTextORG.bin	70	(banco)	(bank)	sistema	LF	"【オリジナルプロフィール】

帝都の下町育ちの青年で、かつては
騎士団に所属していた。
しかし、民衆の声を聞くよりも国政の為にしか
動かない騎士団に辟易し、退団した。
そのせいもあって、貴族や役人を嫌う。
口は悪いが、情に厚く、
自分の信じる正義を貫く。
とある事件で投獄されるが、それをきっかけに
エステルと出会う。"			70	308	313
perfil-org#71	v3082_CharGuideTextORG.bin	71	(banco)	(bank)	sistema	LF	"【オリジナルプロフィール】

帝都の次期皇帝候補とされる皇女。
王室育ちの為に世間を知らない。
心優しく理知的な性格であるが、
天然で向こう見ずなところもある。
読書が好き。
ユーリと共に初めて帝都を飛び出し、
世界の様々な現実を知り、自分の出来る事、
成すべき事を探し始める。"			71	269	273
perfil-org#72	v3082_CharGuideTextORG.bin	72	(banco)	(bank)	sistema	LF	"【オリジナルプロフィール】

クリティア族という、少数民族の女性。
何気なくきつい一言を言ったり、
マイペースかつ、ミステリアスな行動で
周囲を困惑させる。
クリティア族は「ナギーグ」という
物から情報を読み取る能力があり、
ジュディスもまたその能力を使う事が出来る。"			72	260	264
perfil-org#73	v3082_CharGuideTextORG.bin	73	(banco)	(bank)	sistema	LF	"【オリジナルプロフィール】

人々の暮らしと切り離せない「魔導器」研究に
おいて天才と謳われる少女。
あまり他人と接するのが得意ではない為に、
他人に対して気を遣わず、また冷たい態度を取る。
非情に短気で、変人と称される事もあるが、
相手から踏み込まれると、どうすればいいか
わからずに動揺する面もある。"			73	296	301
perfil-org#74	v3082_CharGuideTextORG.bin	74	(banco)	(bank)	sistema	LF	"【オリジナルプロフィール】

胡散臭い風貌と雰囲気を持ち、
どんな場であっても飄々とやり過ごし、
ユーリ達を振り回す。
しかし、意味深な人生哲学を語り、
秘められた過去の一面を垣間見せる事もある。"			74	190	193
perfil-org#75	v3082_CharGuideTextORG.bin	75	(banco)	(bank)	sistema	LF	"【オリジナルプロフィール】

ユーリの幼馴染で親友。
ユーリと共に騎士団に入り、ユーリが脱退した
騎士団に残り続け、実績を上げていく。
真面目で責任感が強く、ユーリと同じく
民を守る思いは強い。
しかし、騎士団における法を守る立場と
現実の板ばさみになり度々思い悩む。"			75	260	264
perfil-org#76	v3082_CharGuideTextORG.bin	76	(banco)	(bank)	sistema	LF	"【オリジナルプロフィール】

臆病者で、受動的な少年。
非常に素直で、何でも信じてしまう面がある。
「血の粛清」と呼ばれる事件で、両親を失う。
臆病な自分を変えるきっかけとなった
リヒターに強く憧れる。
マルタを守る為に「ラタトスクの騎士」として
契約を交わす。
このラタトスクの力が表に出た時、
瞳の色は赤く、性格も乱暴で好戦的に変わる。"			76	330	335
perfil-org#77	v3082_CharGuideTextORG.bin	77	(banco)	(bank)	sistema	LF	"【オリジナルプロフィール】

とある組織に追われていたところをエミルに
助けられ、以来エミルと行動する様になる。
エミルの事が好きで、積極的にアピールする。
芯のある性格で、白黒はっきりしていないと
気がすまない。
勝気なところもあるが、基本は明るく活発な
少女である。"			77	262	266
perfil-org#78	v3082_CharGuideTextORG.bin	78	(banco)	(bank)	sistema	LF	"【オリジナルプロフィール】

ある目的の為に旅をしている青年。
無愛想で、口は非常に悪い。
いじめを受けていたエミルを助け、
エミルを変えるきっかけとなった。
エミルの受動的で臆病な面に苛立ちを
感じながらも、何かと世話を焼く。"			78	221	225
perfil-org#79	v3082_CharGuideTextORG.bin	79	(banco)	(bank)	sistema	LF	"【オリジナルプロフィール】

辺境の村に祖父と暮らしていた青年。
村人以外の人間とあまり接した事がなく、
経験の浅さからデリカシーに欠ける言動を
取る事が多い。
しかし、決してそこに悪意はなく、
間違いに気づけば反省出来る素直な心を
持っている。"			79	238	242
perfil-org#80	v3082_CharGuideTextORG.bin	80	(banco)	(bank)	sistema	LF	"【オリジナルプロフィール】

とある理由から故郷を離れ、旅をしている少女。
コハクの話に時折登場する「彼女」という存在が
旅に出た理由となっている。
華奢な姿とは裏腹に、蹴りなどの打撃技で戦い、
普段でもよく兄ヒスイを蹴り飛ばすなど脚癖が悪い。
「マイミソ」を持ち歩くほど、大のミソ好き。"			80	281	286
perfil-org#81	v3082_CharGuideTextORG.bin	81	(banco)	(bank)	sistema	LF	"【オリジナルプロフィール】

コハクの兄。
とにかく口が悪い上に、異様なまでの
妹思いで、コハクに近づく男には容赦なく
因縁を付ける。
だが、それも幼い頃に両親を亡くし、
妹を守らなければならないと思ったからである。
柄は悪いが、頑なな意志を持ち、非常に熱い性格。
カナヅチで船に乗る事も苦手である。"			81	291	296
perfil-org#82	v3082_CharGuideTextORG.bin	82	(banco)	(bank)	sistema	LF	"【オリジナルプロフィール】

領主の長男として生まれ、
将来の領主にふさわしい者となるべく
厳しく育てられた。
しかし一方で、騎士になりたいという
強い思いを抱き、騎士養成学校へ通う。
真面目で礼儀正しく、困った人がいると
放っておけない面倒見のいい性格である。"			82	254	258
perfil-org#83	v3082_CharGuideTextORG.bin	83	(banco)	(bank)	sistema	LF	"【オリジナルプロフィール】

アスベルが幼少時代に、出会った謎の少女。
花畑の中心で眠っていた。
記憶を失っており、自分の名前も覚えていない。
名はアスベルやシェリアが花の名にちなんで付けた。
感情表現が乏しいが、アスベルには懐いている。
必要以上に他人と関わろうとはしないが、
性格はとても純粋である。"			83	296	301
perfil-org#84	v3082_CharGuideTextORG.bin	84	(banco)	(bank)	sistema	LF	"【オリジナルプロフィール】

アスベルの幼馴染で、幼少の頃から
アスベルに恋心を抱いていた。
その幼少期は、すぐに発作が起こるほど体が
弱かったが、あるきっかけを境に健康体になり、
治癒術が使える様になった。
他人の恋愛話に強い関心を持ち、すぐにその話に
食い付いてくる。"			84	264	268
perfil-org#85	v3082_CharGuideTextORG.bin	85	(banco)	(bank)	sistema	LF	"【オリジナルプロフィール】

「レディアント マイソロジー」の舞台となる世界
「テレジア」にあるギルド、アドリビトムに
所属していた記憶喪失の少女。
その正体は、「パスカ」という異世界の
ディセンダーだった。"			85	201	204
perfil-org#86	v3082_CharGuideTextORG.bin	86	(banco)	(bank)	sistema	LF	"【オリジナルプロフィール】

異世界「ヤウン」のディセンダー。
ウィダーシン率いる「蝕むモノ」に
故郷を食い尽くされ、次の標的となった世界
「テレジア」のディセンダーと
「蝕むモノ」を倒そうと誓う。
熱い性格だが、やんちゃでお調子者。"			86	227	231
perfil-org#87	v3082_CharGuideTextORG.bin	87	(banco)	(bank)	sistema	LF	"【オリジナルプロフィール】

異世界「ギルガリム」のディセンダー。
とある目的の為に、様々な世界へ侵攻し、
その世界を「蝕むモノ」に食らい
尽くさせている。"			87	151	153
perfil-org#88	v3082_CharGuideTextORG.bin	88	(banco)	(bank)	sistema	LF	"【オリジナルプロフィール】

レディアント マイソロジー2の舞台世界
「グラニデ」という異世界の住人。
幼い頃から両親の顔を知らず、
また、その両親を捜して旅をする為に
ギルド、アドリビトムに所属していた。"			88	198	201
perfil-org#89	v3082_CharGuideTextORG.bin	89	(banco)	(bank)	sistema	LF	"【オリジナルプロフィール】

異世界「グラニデ」の世界樹に
溜め込まれていた、ヒトの負の想念が
具現化した存在。
負の想念を取り込み、自らも強大な存在に
なりながら、世界に負の想念を撒き散らす。"			89	188	191
perfil-org#90	v3082_CharGuideTextORG.bin	90	(banco)	(bank)	sistema	LF	"【オリジナルプロフィール】

レディアント マイソロジー3にて
初登場となる。
（詳細はマイソロジープロフィールにて）"			90	112	114
perfil-org#91	v3082_CharGuideTextORG.bin	91	(banco)	(bank)	sistema	LF	"【オリジナルプロフィール】

レディアント マイソロジー3にて
初登場となる。
（詳細はマイソロジープロフィールにて）"			91	112	114
perfil-org#92	v3082_CharGuideTextORG.bin	92	(banco)	(bank)	sistema	LF	"【オリジナルプロフィール】

「パスカ」という異世界のディセンダー、
パスカ・カノンノに仕えていた。
元々は十二人の人間だったが、
永久にディセンダーに仕えようと
肉体を捨て、十二人の精神をひとつの
機器の身体に移し、精神集合体と
なっている。
機器の身体の為、故郷が滅びた後も
悠久の時を生きている。"			92	292	297
perfil-org#93	v3082_CharGuideTextORG.bin	93	(banco)	(bank)	sistema	LF	"【オリジナルプロフィール】

レディアント マイソロジー3にて
初登場となる。
（詳細はマイソロジープロフィールにて）"			93	112	114
