lote,falas,cenas,bytes_jp,falantes,primeira_cena,ultima_cena,personagem,narracao,escolha,sistema,sem_caixa,status
MEV-00a,166,16,8340,18,mev00_010.scr,mev00_170.scr,127,20,14,5,0,validado
MEV-00b,263,16,14220,18,mev00_180.scr,mev00_294.scr,239,0,22,2,0,validado
MEV-01,164,11,8543,12,mev01_010.scr,mev01_110.scr,161,0,0,3,0,validado
MEV-02,153,13,8262,11,mev02_010.scr,mev02_100.scr,147,0,2,4,0,validado
MEV-03,91,7,4498,7,mev03_010.scr,mev03_070.scr,88,0,0,3,0,validado
MEV-04,159,14,7702,13,mev04_010.scr,mev04_130.scr,154,0,4,1,0,validado
MEV-05,204,15,9544,19,mev05_010.scr,mev05_120.scr,195,0,8,1,0,validado
MEV-06,184,15,8954,12,mev06_010.scr,mev06_140.scr,176,0,4,4,0,validado
MEV-07,235,13,12030,19,mev07_010.scr,mev07_120.scr,224,0,6,5,0,validado
MEV-08,269,17,12828,19,mev08_010.scr,mev08_170.scr,238,1,26,4,0,validado
MEV-09a,157,9,7116,9,mev09_010.scr,mev09_090.scr,147,0,8,2,0,validado
MEV-09b,198,10,9506,20,mev09_100.scr,mev09_190.scr,179,0,10,9,0,validado
MEV-10,181,15,7708,16,mev10_010.scr,mev10_150.scr,164,0,14,3,0,validado
MEV-11,286,14,14330,11,mev11_010.scr,mev11_140.scr,266,0,18,2,0,validado
MEV-12,216,18,9512,14,mev12_010.scr,mev12_170.scr,197,1,18,0,0,validado
MEV-13,130,12,6512,7,mev13_010.scr,mev13_100.scr,124,0,6,0,0,validado
MEV-14,165,9,7348,11,mev14_010.scr,mev14_080.scr,159,0,6,0,0,validado
MEV-15,191,16,8526,15,mev15_010.scr,mev15_120.scr,184,0,4,1,2,validado
MEV-16,108,10,4958,9,mev16_010.scr,mev16_090.scr,106,0,2,0,0,validado
MEV-17,146,10,6628,13,mev17_010.scr,mev17_100.scr,142,0,4,0,0,validado
MEV-18,237,14,11104,12,mev18_010.scr,mev18_110.scr,228,1,8,0,0,validado
MEV-19,228,17,10251,15,mev19_010.scr,mev19_150.scr,221,0,4,0,3,validado
MEV-20,117,12,5382,8,mev20_010.scr,mev20_100.scr,114,0,0,3,0,validado
MEV-21,199,13,9516,10,mev21_010.scr,mev21_110.scr,187,0,10,0,2,validado
MEV-22,79,16,3538,8,mev22_010.scr,mev22_140.scr,75,0,4,0,0,validado
MEV-23,114,10,5072,7,mev23_010.scr,mev23_100.scr,106,0,8,0,0,validado
MEV-24+25,222,18,9832,10,mev24_010.scr,mev25_010.scr,204,0,16,0,2,validado
MEV-26,195,10,8236,11,mev26_010.scr,mev26_090.scr,183,0,10,2,0,validado
