lote,falas,categorias,status
ITEM-01,320,head_equip-a,validado
ITEM-02,320,head_equip-b,validado
ITEM-03,240,head_equip-c;face_equip,validado
ITEM-04,320,body_equip-a,validado
ITEM-05,320,body_equip-b,validado
ITEM-06,146,body_equip-c,validado
ITEM-07,320,hand_equip-a,validado
ITEM-08,320,hand_equip-b,validado
ITEM-09,48,hand_equip-c,validado
ITEM-10,320,foot_equip-a,validado
ITEM-11,320,foot_equip-b,validado
ITEM-12,320,foot_equip-c,validado
ITEM-13,320,foot_equip-d,validado
ITEM-14,303,foot_equip-e;consumable,validado
ITEM-15,228,craft_material;enhance_material,validado
ITEM-16,299,exchange_item;accessory,validado
ITEM-17,320,valuables-a,validado
ITEM-18,320,valuables-b,validado
ITEM-19,320,valuables-c,validado
ITEM-20,320,valuables-d,validado
ITEM-21,320,valuables-e,validado
ITEM-22,320,valuables-f,validado
ITEM-23,320,valuables-g,validado
ITEM-24,266,valuables-h,validado
ITEM-25,259,sword_1h,validado
ITEM-26,256,sword_2h;dagger,validado
ITEM-27,297,axe;staff,validado
ITEM-28,181,fist,validado
ITEM-29,304,bow;handgun;spear,validado
ITEM-30,311,tonfa;chakram;hammer;rifle;baton;crossbow;bag;kendama,validado
ITEM-31,304,cleaning_tool;ladle;flute;talisman;straw;pen;sash,validado
