lote,falas,cenas,bytes_jp,falantes,primeira_cena,ultima_cena,personagem,narracao,escolha,sistema,sem_caixa,status
QEV-01,35,6,1378,3,qev01_010.scr,qev01_060.scr,31,0,0,1,0,validado
QEV-02,133,7,5070,6,qev02_010.scr,qev02_060.scr,131,0,0,1,0,validado
QEV-03,88,8,3574,5,qev03_010.scr,qev03_080.scr,85,0,0,1,0,validado
QEV-04,99,9,3716,5,qev04_010.scr,qev04_080.scr,93,0,0,1,0,validado
QEV-05,101,8,3322,6,qev05_010.scr,qev05_080.scr,89,0,0,1,0,validado
QEV-06,91,8,4178,6,qev06_010.scr,qev06_080.scr,88,0,2,1,0,validado
QEV-07,108,8,4964,8,qev07_010.scr,qev07_080.scr,105,0,0,1,0,validado
QEV-08,94,9,4550,7,qev08_010.scr,qev08_080.scr,89,0,2,1,2,validado
QEV-09,107,8,5180,9,qev09_010.scr,qev09_080.scr,104,0,0,1,0,validado
QEV-10,147,9,5806,6,qev10_010.scr,qev10_080.scr,140,0,0,1,0,validado
QEV-11,99,7,3616,7,qev11_010.scr,qev11_060.scr,97,0,0,1,0,validado
QEV-12,123,9,5038,5,qev12_010.scr,qev12_080.scr,121,0,0,1,0,validado
QEV-13,139,9,5430,6,qev13_010.scr,qev13_080.scr,134,0,0,1,0,validado
QEV-14,110,8,4854,6,qev14_010.scr,qev14_060.scr,105,0,0,1,0,validado
QEV-15,98,6,2926,3,qev15_010.scr,qev15_060.scr,97,0,0,1,0,validado
QEV-16,94,6,4438,5,qev16_010.scr,qev16_060.scr,93,0,0,1,0,validado
QEV-17,79,9,3068,3,qev17_010.scr,qev17_080.scr,70,0,0,2,0,validado
QEV-18,98,6,4178,4,qev18_010.scr,qev18_060.scr,79,0,2,2,0,validado
QEV-19,92,7,3352,5,qev19_010.scr,qev19_060.scr,87,0,0,1,0,validado
QEV-20,70,6,3122,5,qev20_010.scr,qev20_060.scr,63,0,0,2,0,validado
QEV-21,66,5,2878,7,qev21_010.scr,qev21_060.scr,56,0,0,2,0,validado
QEV-22,80,7,3034,8,qev22_010.scr,qev22_080.scr,69,0,0,2,0,validado
QEV-23,74,6,2782,7,qev23_010.scr,qev23_060.scr,61,0,0,2,0,validado
QEV-24,103,5,4612,11,qev24_010.scr,qev24_060.scr,96,0,0,3,0,validado
QEV-25,96,6,3822,5,qev25_010.scr,qev25_060.scr,85,0,0,2,0,validado
QEV-26,81,6,2734,5,qev26_010.scr,qev26_060.scr,69,0,0,2,0,validado
QEV-27,73,6,3142,5,qev27_010.scr,qev27_060.scr,57,0,0,2,0,validado
QEV-28+29+30,195,18,7648,14,qev28_010.scr,qev30_060.scr,159,1,0,6,0,validado
QEV-31,89,6,3460,4,qev31_010.scr,qev31_060.scr,74,0,0,2,0,validado
QEV-32,72,6,2912,5,qev32_010.scr,qev32_060.scr,64,0,0,2,0,validado
QEV-33,63,5,2476,7,qev33_010.scr,qev33_060.scr,55,0,0,2,0,validado
QEV-34,108,6,4420,6,qev34_010.scr,qev34_060.scr,103,0,0,2,0,validado
QEV-35,113,6,3844,6,qev35_010.scr,qev35_060.scr,104,0,0,2,0,validado
QEV-36,83,6,3208,6,qev36_010.scr,qev36_060.scr,79,0,0,2,0,validado
QEV-37+38+39+40+41+42+43+44,314,42,15172,12,qev37_010.scr,qev44_060.scr,252,32,2,11,0,validado
QEV-45+46+47+48+49+50+51+52+53+54+55+56+57+58+59+60+61,214,47,10966,9,qev45_010.scr,qev61_060.scr,176,0,0,28,0,validado
