id	cena	ordem	falante_jp	falante_en	tipo	control_codes	original	traducao	nota_do_tradutor
hand_equip#320	hand_equip	320	(item/equipamento)	(item/equipment)	sistema		名策士が好んで着用する腕輪	A bracelet favored by master tacticians.	
hand_equip#321	hand_equip	321	(item/equipamento)	(item/equipment)	sistema		アルカナグローブ	Arcana Gloves	
hand_equip#322	hand_equip	322	(item/equipamento)	(item/equipment)	sistema		占い師が着用する摩訶不思議なグローブ	Mysterious gloves worn by fortune-tellers.	
hand_equip#323	hand_equip	323	(item/equipamento)	(item/equipment)	sistema		ビリーブグローブ	Belief Gloves	
hand_equip#324	hand_equip	324	(item/equipamento)	(item/equipment)	sistema		信頼を一身に集める術士のグローブ	Gloves worn by mages who enjoy complete trust.	
hand_equip#325	hand_equip	325	(item/equipamento)	(item/equipment)	sistema		アテイメントグローブ	Attainment Gloves	
hand_equip#326	hand_equip	326	(item/equipamento)	(item/equipment)	sistema		着る者の目標達成を助けるというグローブ	Gloves said to aid the wearer in achieving their goals.	
hand_equip#327	hand_equip	327	(item/equipamento)	(item/equipment)	sistema		外法者の手袋	Heretic Gloves	
hand_equip#328	hand_equip	328	(item/equipamento)	(item/equipment)	sistema		ゲホウモノノテブクロ	Heretic Gloves	
hand_equip#329	hand_equip	329	(item/equipamento)	(item/equipment)	sistema		外法の術を使う術士の手袋	Gloves worn by mages who practice forbidden sorcery.	
hand_equip#330	hand_equip	330	(item/equipamento)	(item/equipment)	sistema		ミラクルアームカバー	Miracle Arm Covers	
hand_equip#331	hand_equip	331	(item/equipamento)	(item/equipment)	sistema		奇跡の力が込められた可愛いアームカバー	Cute arm covers imbued with miraculous power.	
hand_equip#332	hand_equip	332	(item/equipamento)	(item/equipment)	sistema		ラーの手袋	Ra Gloves	
hand_equip#333	hand_equip	333	(item/equipamento)	(item/equipment)	sistema		ラーノテブクロ	Ra Gloves	
hand_equip#334	hand_equip	334	(item/equipamento)	(item/equipment)	sistema		宇宙存在ラーの波動を受けた手袋	Gloves that have received waves from the cosmic entity Ra.	
hand_equip#335	hand_equip	335	(item/equipamento)	(item/equipment)	sistema		ミカハヤヒの手帯	Mikahayahi Handwraps	
hand_equip#336	hand_equip	336	(item/equipamento)	(item/equipment)	sistema		ミカハヤヒノテオビ	Mikahayahi Handwraps	
hand_equip#337	hand_equip	337	(item/equipamento)	(item/equipment)	sistema		東方の秘神ミカハヤヒの加護を受けた手帯	Handwraps blessed by Mikahayahi, secret god of the East.	
hand_equip#338	hand_equip	338	(item/equipamento)	(item/equipment)	sistema		神官の手袋	Priest Gloves	
hand_equip#339	hand_equip	339	(item/equipamento)	(item/equipment)	sistema		シンカンノテブクロ	Priest Gloves	
hand_equip#340	hand_equip	340	(item/equipamento)	(item/equipment)	sistema		儀式に用いる派手な手袋	Showy gloves used in religious rituals.	
hand_equip#341	hand_equip	341	(item/equipamento)	(item/equipment)	sistema		クレセントグローブ	Crescent Gloves	
hand_equip#342	hand_equip	342	(item/equipamento)	(item/equipment)	sistema		三日月の様な美しい輝きを放つグローブ	Gloves giving off a beautiful glow like a crescent moon.	
hand_equip#343	hand_equip	343	(item/equipamento)	(item/equipment)	sistema		ラージャバングル	Rajah Bangle	
hand_equip#344	hand_equip	344	(item/equipamento)	(item/equipment)	sistema		異国の豪族が身に着けるバングル	A bangle worn by foreign chieftains.	
hand_equip#345	hand_equip	345	(item/equipamento)	(item/equipment)	sistema		摂政のブレスレット	Regent Bracelet	
hand_equip#346	hand_equip	346	(item/equipamento)	(item/equipment)	sistema		セッショウノブレスレット	Regent Bracelet	
hand_equip#347	hand_equip	347	(item/equipamento)	(item/equipment)	sistema		東方の摂政が着用するブレスレット	A bracelet worn by regents of the East.	
hand_equip#348	hand_equip	348	(item/equipamento)	(item/equipment)	sistema		カポレジームグラブ	Caporegime Gloves	
hand_equip#349	hand_equip	349	(item/equipamento)	(item/equipment)	sistema		マフィアの幹部が着用するグラブ	Gloves worn by caporegimes of the mafia.	
hand_equip#350	hand_equip	350	(item/equipamento)	(item/equipment)	sistema		シルバーバンド	Silver Band	
hand_equip#351	hand_equip	351	(item/equipamento)	(item/equipment)	sistema		シルバーアームカバー	Silver Arm Covers	
hand_equip#352	hand_equip	352	(item/equipamento)	(item/equipment)	sistema		銀の刺繍が施されたバンド	A band embroidered with silver.	
hand_equip#353	hand_equip	353	(item/equipamento)	(item/equipment)	sistema		シャーマングローブ	Shaman Gloves	
hand_equip#354	hand_equip	354	(item/equipamento)	(item/equipment)	sistema		奇異なる術士が着用するグローブ	Gloves worn by eccentric shamans.	
hand_equip#355	hand_equip	355	(item/equipamento)	(item/equipment)	sistema		セレスティアルグローブ	Celestial Gloves	
hand_equip#356	hand_equip	356	(item/equipamento)	(item/equipment)	sistema		かつて天上人が着用したというグローブ	Gloves said to have once been worn by heavenly beings.	
hand_equip#357	hand_equip	357	(item/equipamento)	(item/equipment)	sistema		プレシャスグローブ	Precious Gloves	
hand_equip#358	hand_equip	358	(item/equipamento)	(item/equipment)	sistema		貴い芸術品でもあるグローブ	Gloves that also serve as a priceless work of art.	
hand_equip#359	hand_equip	359	(item/equipamento)	(item/equipment)	sistema		ヴァンパイアグラブ	Vampire Gloves	
hand_equip#360	hand_equip	360	(item/equipamento)	(item/equipment)	sistema		吸血鬼が着用するグラブ	Gloves worn by vampires.	
hand_equip#361	hand_equip	361	(item/equipamento)	(item/equipment)	sistema		シルバーブレスレット	Silver Bracelet	
hand_equip#362	hand_equip	362	(item/equipamento)	(item/equipment)	sistema		銀製の腕輪	A bracelet made of silver.	
hand_equip#363	hand_equip	363	(item/equipamento)	(item/equipment)	sistema		水晶の腕輪	Crystal Bracelet	
hand_equip#364	hand_equip	364	(item/equipamento)	(item/equipment)	sistema		スイショウノウデワ	Crystal Bracelet	
hand_equip#365	hand_equip	365	(item/equipamento)	(item/equipment)	sistema		水晶が散りばめられた腕輪	A bracelet inlaid with crystals.	
hand_equip#366	hand_equip	366	(item/equipamento)	(item/equipment)	sistema		パワーリスト	Power Wrist	
hand_equip#367	hand_equip	367	(item/equipamento)	(item/equipment)	sistema		鉛版が入っている特訓用の腕輪	A training bracelet weighted with lead plates.	
hand_equip#368	hand_equip	368	(item/equipamento)	(item/equipment)	sistema		ヒスイの腕輪	Hisui Jade Bracelet	
hand_equip#369	hand_equip	369	(item/equipamento)	(item/equipment)	sistema		ヒスイノウデワ	Hisui Jade Bracelet	
hand_equip#370	hand_equip	370	(item/equipamento)	(item/equipment)	sistema		ヒスイで装飾された腕輪	A bracelet decorated with Hisui jade.	
hand_equip#371	hand_equip	371	(item/equipamento)	(item/equipment)	sistema		コーラルブレスレット	Coral Bracelet	
hand_equip#372	hand_equip	372	(item/equipamento)	(item/equipment)	sistema		珊瑚を素材にした腕輪	A bracelet crafted from coral.	
hand_equip#373	hand_equip	373	(item/equipamento)	(item/equipment)	sistema		アンバーブレスレット	Amber Bracelet	
hand_equip#374	hand_equip	374	(item/equipamento)	(item/equipment)	sistema		琥珀をつなげた腕輪	A bracelet made of strung amber.	
hand_equip#375	hand_equip	375	(item/equipamento)	(item/equipment)	sistema		ＢＨ・グローブ	Beast Hide Gloves	
hand_equip#376	hand_equip	376	(item/equipamento)	(item/equipment)	sistema		ビーストハイドグローブ	Beast Hide Gloves	
hand_equip#377	hand_equip	377	(item/equipamento)	(item/equipment)	sistema		魔物の革製のグローブ	Gloves made of monster hide.	
hand_equip#378	hand_equip	378	(item/equipamento)	(item/equipment)	sistema		クエーサーグローブ	Quasar Gloves	
hand_equip#379	hand_equip	379	(item/equipamento)	(item/equipment)	sistema		クエーサー級と称えられたグローブ	Gloves hailed as being on a quasar scale.	
hand_equip#380	hand_equip	380	(item/equipamento)	(item/equipment)	sistema		トゥルシーガントレット	Tulsi Gauntlets	
hand_equip#381	hand_equip	381	(item/equipamento)	(item/equipment)	sistema		霊草トゥルシーの名を冠するガントレット	Gauntlets bearing the name of the sacred herb tulsi.	
hand_equip#382	hand_equip	382	(item/equipamento)	(item/equipment)	sistema		バーバリアングローブ	Barbarian Gloves	
hand_equip#383	hand_equip	383	(item/equipamento)	(item/equipment)	sistema		頑強な筋肉の動きを妨げぬよう研究されたグローブ	Gloves designed to allow unhindered movement of rugged muscles.	
hand_equip#384	hand_equip	384	(item/equipamento)	(item/equipment)	sistema		騎兵隊猟兵の篭手	Cavalry Jaeger Gauntlets	
hand_equip#385	hand_equip	385	(item/equipamento)	(item/equipment)	sistema		キヘイタイリョウヘイノコテ	Cavalry Jaeger Gauntlets	
hand_equip#386	hand_equip	386	(item/equipamento)	(item/equipment)	sistema		騎兵隊猟兵に支給される篭手	Gauntlets issued to cavalry jaegers.	
hand_equip#387	hand_equip	387	(item/equipamento)	(item/equipment)	sistema		オリカルクムグローブ	Orichalcum Gloves	
hand_equip#388	hand_equip	388	(item/equipamento)	(item/equipment)	sistema		オリカルクム製のグローブ	Gloves made of orichalcum.	
hand_equip#389	hand_equip	389	(item/equipamento)	(item/equipment)	sistema		クロームガントレット	Chrome Gauntlets	
hand_equip#390	hand_equip	390	(item/equipamento)	(item/equipment)	sistema		小さなクロームの板をあしらった布のガントレット	Cloth gauntlets adorned with small chrome plates.	
hand_equip#391	hand_equip	391	(item/equipamento)	(item/equipment)	sistema		鬼神の篭手	Fierce God Gauntlets	
hand_equip#392	hand_equip	392	(item/equipamento)	(item/equipment)	sistema		キシンノコテ	Fierce God Gauntlets	
hand_equip#393	hand_equip	393	(item/equipamento)	(item/equipment)	sistema		戦鬼となった闘士が身に着けるという篭手	Gauntlets said to be worn by warriors turned into demons of battle.	
hand_equip#394	hand_equip	394	(item/equipamento)	(item/equipment)	sistema		覇龍の篭手	Supreme Dragon Gauntlets	
hand_equip#395	hand_equip	395	(item/equipamento)	(item/equipment)	sistema		ハリュウノコテ	Supreme Dragon Gauntlets	
hand_equip#396	hand_equip	396	(item/equipamento)	(item/equipment)	sistema		覇龍の魂が宿るといわれる篭手	Gauntlets said to harbor the soul of a supreme dragon.	
hand_equip#397	hand_equip	397	(item/equipamento)	(item/equipment)	sistema		アークロードグラブ	Archlord Gloves	
hand_equip#398	hand_equip	398	(item/equipamento)	(item/equipment)	sistema		上級の爵位を持つ者に与えられるグラブ	Gloves granted to those holding a high noble title.	
hand_equip#399	hand_equip	399	(item/equipamento)	(item/equipment)	sistema		ドラゴンアーム	Dragon Arm	
hand_equip#400	hand_equip	400	(item/equipamento)	(item/equipment)	sistema		竜の威風を持つ腕部用防具	Arm armor exuding the majestic dignity of dragons.	
hand_equip#401	hand_equip	401	(item/equipamento)	(item/equipment)	sistema		義経の篭手	Yoshitsune Gauntlets	
hand_equip#402	hand_equip	402	(item/equipamento)	(item/equipment)	sistema		ヨシツネノコテ	Yoshitsune Gauntlets	
hand_equip#403	hand_equip	403	(item/equipamento)	(item/equipment)	sistema		東方の戦の麒麟児義経が着用していた篭手	Gauntlets once worn by Yoshitsune, the prodigy warrior of the East.	
hand_equip#404	hand_equip	404	(item/equipamento)	(item/equipment)	sistema		カーネルガントレット	Colonel Gauntlets	
hand_equip#405	hand_equip	405	(item/equipamento)	(item/equipment)	sistema		上級士官用のガントレット	Gauntlets for senior officers.	
hand_equip#406	hand_equip	406	(item/equipamento)	(item/equipment)	sistema		シノビグラブ	Shinobi Gloves	
hand_equip#407	hand_equip	407	(item/equipamento)	(item/equipment)	sistema		名のある忍びが着用していたグラブ	Gloves once worn by renowned shinobi.	
hand_equip#408	hand_equip	408	(item/equipamento)	(item/equipment)	sistema		エンシェントガントレット	Ancient Gauntlets	
hand_equip#409	hand_equip	409	(item/equipamento)	(item/equipment)	sistema		伝説の製法で作られた全身鎧の腕部	Arm sections of a full suit of armor made with legendary techniques.	
hand_equip#410	hand_equip	410	(item/equipamento)	(item/equipment)	sistema		マイトレヤガントレット	Maitreya Gauntlets	
hand_equip#411	hand_equip	411	(item/equipamento)	(item/equipment)	sistema		古の聖人マイトレヤに正義を誓う者が着用するガントレット	Gauntlets worn by those who swear justice to the ancient saint Maitreya.	
hand_equip#412	hand_equip	412	(item/equipamento)	(item/equipment)	sistema		ダイミョーガントレット	Daimyo Gauntlets	
hand_equip#413	hand_equip	413	(item/equipamento)	(item/equipment)	sistema		戦国大名を彷彿とさせる篭手	Gauntlets reminiscent of feudal lords of the Warring States.	
hand_equip#414	hand_equip	414	(item/equipamento)	(item/equipment)	sistema		デュークガントレット	Duke Gauntlets	
hand_equip#415	hand_equip	415	(item/equipamento)	(item/equipment)	sistema		デュークの称号を持つ者に与えられるガントレット	Gauntlets bestowed upon those who hold the title of Duke.	
hand_equip#416	hand_equip	416	(item/equipamento)	(item/equipment)	sistema		テムサーフガントレット	Timsah Gauntlets	
hand_equip#417	hand_equip	417	(item/equipamento)	(item/equipment)	sistema		千夜一夜の魔法の国で鰐を意味するガントレット	Gauntlets named after the word for crocodile in the magical land of 1001 Nights.	
hand_equip#418	hand_equip	418	(item/equipamento)	(item/equipment)	sistema		アヌビスガントレット	Anubis Gauntlets	
hand_equip#419	hand_equip	419	(item/equipamento)	(item/equipment)	sistema		獣神アヌビスの名を冠するガントレット	Gauntlets bearing the name of the beast god Anubis.	
hand_equip#420	hand_equip	420	(item/equipamento)	(item/equipment)	sistema		守護騎士団の篭手	Guardian Knights' Gauntlets	
hand_equip#421	hand_equip	421	(item/equipamento)	(item/equipment)	sistema		シュゴキシダンノコテ	Guardian Knights' Gauntlets	
hand_equip#422	hand_equip	422	(item/equipamento)	(item/equipment)	sistema		守護騎士団所属の証となる篭手	Gauntlets that serve as proof of membership in the Guardian Knights.	
hand_equip#423	hand_equip	423	(item/equipamento)	(item/equipment)	sistema		ルーンガントレット	Rune Gauntlets	
hand_equip#424	hand_equip	424	(item/equipamento)	(item/equipment)	sistema		神秘文様を刻んだガントレット	Gauntlets engraved with mystical patterns.	
hand_equip#425	hand_equip	425	(item/equipamento)	(item/equipment)	sistema		ゴーストガントレット	Ghost Gauntlets	
hand_equip#426	hand_equip	426	(item/equipamento)	(item/equipment)	sistema		禍々しい意匠の鎧の腕部	Arm sections of armor with a sinister design.	
hand_equip#427	hand_equip	427	(item/equipamento)	(item/equipment)	sistema		コロッサスガントレット	Colossus Gauntlets	
hand_equip#428	hand_equip	428	(item/equipamento)	(item/equipment)	sistema		伝説の巨神と見紛う防御と威圧感のガントレット	Gauntlets with defense and presence that could be mistaken for a legendary colossus.	
hand_equip#429	hand_equip	429	(item/equipamento)	(item/equipment)	sistema		ルシフェルガントレット	Lucifer Gauntlets	
hand_equip#430	hand_equip	430	(item/equipamento)	(item/equipment)	sistema		魔界の皇帝ルシフェルの福音を受けたガントレット	Gauntlets blessed by Lucifer, Emperor of the Netherworld.	
hand_equip#431	hand_equip	431	(item/equipamento)	(item/equipment)	sistema		玄人傭兵のグラブ	Expert Mercenary Gloves	
hand_equip#432	hand_equip	432	(item/equipamento)	(item/equipment)	sistema		クロウトヨウヘイノグラブ	Expert Mercenary Gloves	
hand_equip#433	hand_equip	433	(item/equipamento)	(item/equipment)	sistema		玄人傭兵が着用するグラブ	Gloves worn by seasoned expert mercenaries.	
hand_equip#434	hand_equip	434	(item/equipamento)	(item/equipment)	sistema		フェザーグローブ	Feather Gloves	
hand_equip#435	hand_equip	435	(item/equipamento)	(item/equipment)	sistema		羽の様に軽いグローブ	Gloves as light as a feather.	
hand_equip#436	hand_equip	436	(item/equipamento)	(item/equipment)	sistema		イーグルアームガード	Eagle Arm Guards	
hand_equip#437	hand_equip	437	(item/equipamento)	(item/equipment)	sistema		とある民族の守り神イーグルの加護を受けたアームガード	Arm guards blessed by the Eagle, guardian deity of a certain tribe.	
hand_equip#438	hand_equip	438	(item/equipamento)	(item/equipment)	sistema		ガンスリンガーグローブ	Gunslinger Gloves	
hand_equip#439	hand_equip	439	(item/equipamento)	(item/equipment)	sistema		早撃ちの名手が着用するグローブ	Gloves worn by master quick-draw artists.	
hand_equip#440	hand_equip	440	(item/equipamento)	(item/equipment)	sistema		神光篭手	Shinko Gauntlets	
hand_equip#441	hand_equip	441	(item/equipamento)	(item/equipment)	sistema		シンコウコテ	Shinko Gauntlets	
hand_equip#442	hand_equip	442	(item/equipamento)	(item/equipment)	sistema		神光発する篭手	Gauntlets radiating divine light.	
hand_equip#443	hand_equip	443	(item/equipamento)	(item/equipment)	sistema		僧正の手袋	High Priest Gloves	
hand_equip#444	hand_equip	444	(item/equipamento)	(item/equipment)	sistema		ソウジョウノテブクロ	High Priest Gloves	
hand_equip#445	hand_equip	445	(item/equipamento)	(item/equipment)	sistema		説法に赴く僧正が着用する手袋	Gloves worn by high priests going to deliver sermons.	
hand_equip#446	hand_equip	446	(item/equipamento)	(item/equipment)	sistema		マーセナリグローブ	Mercenary Gloves	
hand_equip#447	hand_equip	447	(item/equipamento)	(item/equipment)	sistema		歴戦の傭兵の活動に適したグローブ	Gloves well suited for battle-hardened mercenaries.	
hand_equip#448	hand_equip	448	(item/equipamento)	(item/equipment)	sistema		総督のグローブ	Governor-General Gloves	
hand_equip#449	hand_equip	449	(item/equipamento)	(item/equipment)	sistema		ソウトクノグローブ	Governor-General Gloves	
hand_equip#450	hand_equip	450	(item/equipamento)	(item/equipment)	sistema		総督が警備の巡察で着用するグローブ	Gloves worn by a governor-general on security inspections.	
hand_equip#451	hand_equip	451	(item/equipamento)	(item/equipment)	sistema		ウエスタングラブ	Western Gloves	
hand_equip#452	hand_equip	452	(item/equipamento)	(item/equipment)	sistema		荒野の用心棒が着用するグラブ	Gloves worn by bodyguards of the wilderness.	
hand_equip#453	hand_equip	453	(item/equipamento)	(item/equipment)	sistema		僧正の数珠	High Priest Beads	
hand_equip#454	hand_equip	454	(item/equipamento)	(item/equipment)	sistema		ソウジョウノジュズ	High Priest Beads	
hand_equip#455	hand_equip	455	(item/equipamento)	(item/equipment)	sistema		教義を広める僧正の数珠	Prayer beads of a high priest spreading the doctrine.	
hand_equip#456	hand_equip	456	(item/equipamento)	(item/equipment)	sistema		アドミラルグラブ	Admiral Gloves	
hand_equip#457	hand_equip	457	(item/equipamento)	(item/equipment)	sistema		艦隊を率いる提督が着用するグラブ	Gloves worn by an admiral leading a fleet.	
hand_equip#458	hand_equip	458	(item/equipamento)	(item/equipment)	sistema		天狗討ちの手帯	Tengu Hunter Handwraps	
hand_equip#459	hand_equip	459	(item/equipamento)	(item/equipment)	sistema		テングウチノテオビ	Tengu Hunter Handwraps	
hand_equip#460	hand_equip	460	(item/equipamento)	(item/equipment)	sistema		物の怪天狗を討伐する者が着用する手帯	Handwraps worn by those who hunt the monstrous Tengu.	
hand_equip#461	hand_equip	461	(item/equipamento)	(item/equipment)	sistema		大尉の手袋	Captain Gloves	
hand_equip#462	hand_equip	462	(item/equipamento)	(item/equipment)	sistema		タイイノテブクロ	Captain Gloves	
hand_equip#463	hand_equip	463	(item/equipamento)	(item/equipment)	sistema		大尉の階級の証である手袋	Gloves serving as proof of the rank of captain.	
hand_equip#464	hand_equip	464	(item/equipamento)	(item/equipment)	sistema		ウィッチアームガード	Witch Arm Guards	
hand_equip#465	hand_equip	465	(item/equipamento)	(item/equipment)	sistema		魔法で強化されたアームガード	Arm guards reinforced with magic.	
hand_equip#466	hand_equip	466	(item/equipamento)	(item/equipment)	sistema		ピューマグローブ	Puma Gloves	
hand_equip#467	hand_equip	467	(item/equipamento)	(item/equipment)	sistema		呪術師シルバー・ピューマが祈祷したグローブ	Gloves consecrated by the shaman Silver Puma.	
hand_equip#468	hand_equip	468	(item/equipamento)	(item/equipment)	sistema		暗殺教団のガントレット	Assassin Order Gauntlets	
hand_equip#469	hand_equip	469	(item/equipamento)	(item/equipment)	sistema		アンサツキョウダンノガントレット	Assassin Order Gauntlets	
hand_equip#470	hand_equip	470	(item/equipamento)	(item/equipment)	sistema		謎の暗殺教団が着用するガントレット	Gauntlets worn by members of a mysterious assassin cult.	
hand_equip#471	hand_equip	471	(item/equipamento)	(item/equipment)	sistema		龍王の腕輪	Dragon King Bracelet	
hand_equip#472	hand_equip	472	(item/equipamento)	(item/equipment)	sistema		リュウオウノウデワ	Dragon King Bracelet	
hand_equip#473	hand_equip	473	(item/equipamento)	(item/equipment)	sistema		龍王の位を持つ功夫使いが着用する腕輪	A bracelet worn by kung fu practitioners of Dragon King rank.	
hand_equip#474	hand_equip	474	(item/equipamento)	(item/equipment)	sistema		竜調教師の手袋	Dragon Trainer Gloves	
hand_equip#475	hand_equip	475	(item/equipamento)	(item/equipment)	sistema		リュウチョウキョウシノテブクロ	Dragon Trainer Gloves	
hand_equip#476	hand_equip	476	(item/equipamento)	(item/equipment)	sistema		竜の調教を生業とする者が着用する手袋	Gloves worn by those who train dragons for a living.	
hand_equip#477	hand_equip	477	(item/equipamento)	(item/equipment)	sistema		精霊学士のリストバンド	Spirit Scholar Wristband	
hand_equip#478	hand_equip	478	(item/equipamento)	(item/equipment)	sistema		セイレイガクシノリストバンド	Spirit Scholar Wristband	
hand_equip#479	hand_equip	479	(item/equipamento)	(item/equipment)	sistema		校則に定められた精霊学士用のリストバンド	A wristband for Spirit scholars prescribed by school regulations.	
hand_equip#480	hand_equip	480	(item/equipamento)	(item/equipment)	sistema		武舞の篭手	Martial Dance Gauntlets	
hand_equip#481	hand_equip	481	(item/equipamento)	(item/equipment)	sistema		ブマイノコテ	Martial Dance Gauntlets	
hand_equip#482	hand_equip	482	(item/equipamento)	(item/equipment)	sistema		神前儀式で勇猛な動きで舞う者の篭手	Gauntlets worn by those who dance with brave vigor in sacred rites.	
hand_equip#483	hand_equip	483	(item/equipamento)	(item/equipment)	sistema		パイレーツブレスレット	Pirate Bracelet	
hand_equip#484	hand_equip	484	(item/equipamento)	(item/equipment)	sistema		大海賊の風格を持ったブレスレット	A bracelet possessing the presence of a great pirate.	
hand_equip#485	hand_equip	485	(item/equipamento)	(item/equipment)	sistema		白虎の篭手	Byakko Gauntlets	
hand_equip#486	hand_equip	486	(item/equipamento)	(item/equipment)	sistema		ビャッコノコテ	Byakko Gauntlets	
hand_equip#487	hand_equip	487	(item/equipamento)	(item/equipment)	sistema		聖獣白虎の名を冠する篭手	Gauntlets bearing the name of the sacred beast Byakko.	
hand_equip#488	hand_equip	488	(item/equipamento)	(item/equipment)	sistema		実践者のリストバンド	Practitioner Wristband	
hand_equip#489	hand_equip	489	(item/equipamento)	(item/equipment)	sistema		ジッセンシャノリストバンド	Practitioner Wristband	
hand_equip#490	hand_equip	490	(item/equipamento)	(item/equipment)	sistema		実践者の術士が着用するリストバンド	A wristband worn by practicing mages.	
hand_equip#491	hand_equip	491	(item/equipamento)	(item/equipment)	sistema		被免達人の手袋	Exempt Adept Gloves	
hand_equip#492	hand_equip	492	(item/equipamento)	(item/equipment)	sistema		ヒメンタツジンノテブクロ	Exempt Adept Gloves	
hand_equip#493	hand_equip	493	(item/equipamento)	(item/equipment)	sistema		魔術結社で被免達人の階位に与えられる手袋	Gloves bestowed upon the rank of Exempt Adept in a magical order.	
hand_equip#494	hand_equip	494	(item/equipamento)	(item/equipment)	sistema		サッバロットグローブ	Sapparot Gloves	
hand_equip#495	hand_equip	495	(item/equipamento)	(item/equipment)	sistema		パイナップル染のグローブ	Gloves dyed with pineapple fibers.	
hand_equip#496	hand_equip	496	(item/equipamento)	(item/equipment)	sistema		コンタクティグローブ	Contactee Gloves	
hand_equip#497	hand_equip	497	(item/equipamento)	(item/equipment)	sistema		魂で超常的存在と接触する者が着用するグローブ	Gloves worn by those who commune spiritually with paranormal entities.	
hand_equip#498	hand_equip	498	(item/equipamento)	(item/equipment)	sistema		軍大佐第二種礼装手袋	Colonel Service Dress Gloves	
hand_equip#499	hand_equip	499	(item/equipamento)	(item/equipment)	sistema		グンタイサダイニシュレイソウテブクロ	Colonel Service Dress Gloves	
hand_equip#500	hand_equip	500	(item/equipamento)	(item/equipment)	sistema		大佐の階級の者が着用する第二種礼装用の手袋	Type 2 service dress gloves worn by an officer of colonel rank.	
hand_equip#501	hand_equip	501	(item/equipamento)	(item/equipment)	sistema		セクレタリーグローブ	Secretary Gloves	
hand_equip#502	hand_equip	502	(item/equipamento)	(item/equipment)	sistema		秘書が着用するグローブ	Gloves worn by secretaries.	
hand_equip#503	hand_equip	503	(item/equipamento)	(item/equipment)	sistema		親衛隊長のグローブ	Royal Guard Captain Gloves	
hand_equip#504	hand_equip	504	(item/equipamento)	(item/equipment)	sistema		シンエイタイチョウノグローブ	Royal Guard Captain Gloves	
hand_equip#505	hand_equip	505	(item/equipamento)	(item/equipment)	sistema		城の親衛隊長となった術者のグローブ	Gloves worn by mages appointed as captain of the royal guard.	
hand_equip#506	hand_equip	506	(item/equipamento)	(item/equipment)	sistema		名軍師の腕輪	Master Strategist Bracelet	
hand_equip#507	hand_equip	507	(item/equipamento)	(item/equipment)	sistema		メイグンシノウデワ	Master Strategist Bracelet	
hand_equip#508	hand_equip	508	(item/equipamento)	(item/equipment)	sistema		名軍師が好んで着用する腕輪	A bracelet favored by master strategists.	
hand_equip#509	hand_equip	509	(item/equipamento)	(item/equipment)	sistema		ルーングローブ	Rune Gloves	
hand_equip#510	hand_equip	510	(item/equipamento)	(item/equipment)	sistema		裏地に神秘文様を施したグローブ	Gloves lined with mystical patterns on the reverse side.	
hand_equip#511	hand_equip	511	(item/equipamento)	(item/equipment)	sistema		セイントグローブ	Saint Gloves	
hand_equip#512	hand_equip	512	(item/equipamento)	(item/equipment)	sistema		神に愛されし聖人のグローブ	Gloves worn by saints beloved of God.	
hand_equip#513	hand_equip	513	(item/equipamento)	(item/equipment)	sistema		ワーロックグローブ	Warlock Gloves	
hand_equip#514	hand_equip	514	(item/equipamento)	(item/equipment)	sistema		上位のワーロックが着用するグローブ	Gloves worn by high-ranking warlocks.	
hand_equip#515	hand_equip	515	(item/equipamento)	(item/equipment)	sistema		異端者の手袋	Heretic's Gloves	
hand_equip#516	hand_equip	516	(item/equipamento)	(item/equipment)	sistema		イタンモノノテブクロ	Heretic's Gloves	
hand_equip#517	hand_equip	517	(item/equipamento)	(item/equipment)	sistema		正道から外れ異端の道を行く術士の手袋	Gloves worn by mages who strayed from orthodoxy onto heretical paths.	
hand_equip#518	hand_equip	518	(item/equipamento)	(item/equipment)	sistema		フラッシュアームカバー	Flash Arm Covers	
hand_equip#519	hand_equip	519	(item/equipamento)	(item/equipment)	sistema		光にも似た強烈なオーラを放つ可愛いアームカバー	Cute arm covers radiating an intense aura resembling light.	
hand_equip#520	hand_equip	520	(item/equipamento)	(item/equipment)	sistema		エイワスの手袋	Aiwass Gloves	
hand_equip#521	hand_equip	521	(item/equipamento)	(item/equipment)	sistema		エイワスノテブクロ	Aiwass Gloves	
hand_equip#522	hand_equip	522	(item/equipamento)	(item/equipment)	sistema		宇宙存在エイワスの波動を受けた手袋	Gloves that have received waves from the cosmic entity Aiwass.	
hand_equip#523	hand_equip	523	(item/equipamento)	(item/equipment)	sistema		クラヤマツミの手帯	Kurayamatsumi Handwraps	
hand_equip#524	hand_equip	524	(item/equipamento)	(item/equipment)	sistema		クラヤマツミノテオビ	Kurayamatsumi Handwraps	
hand_equip#525	hand_equip	525	(item/equipamento)	(item/equipment)	sistema		東方の秘神クラヤマツミの加護を受けた手帯	Handwraps blessed by Kurayamatsumi, secret god of the East.	
hand_equip#526	hand_equip	526	(item/equipamento)	(item/equipment)	sistema		預言者の手袋	Prophet Gloves	
hand_equip#527	hand_equip	527	(item/equipamento)	(item/equipment)	sistema		ヨゲンシャノテブクロ	Prophet Gloves	
hand_equip#528	hand_equip	528	(item/equipamento)	(item/equipment)	sistema		この手袋を装備する者は神託を得られると言われる	It is said that whoever equips these gloves will receive divine oracles.	
hand_equip#529	hand_equip	529	(item/equipamento)	(item/equipment)	sistema		ムーングローブ	Moon Gloves	
hand_equip#530	hand_equip	530	(item/equipamento)	(item/equipment)	sistema		夜空を支配する月の力で満ちたグローブ	Gloves filled with the power of the moon ruling the night sky.	
hand_equip#531	hand_equip	531	(item/equipamento)	(item/equipment)	sistema		スルタンバングル	Sultan Bangle	
hand_equip#532	hand_equip	532	(item/equipamento)	(item/equipment)	sistema		異国の国王が身に着けるバングル	A bangle worn by kings of foreign lands.	
hand_equip#533	hand_equip	533	(item/equipamento)	(item/equipment)	sistema		関白のブレスレット	Kanpaku Bracelet	
hand_equip#534	hand_equip	534	(item/equipamento)	(item/equipment)	sistema		カンパクノブレスレット	Kanpaku Bracelet	
hand_equip#535	hand_equip	535	(item/equipamento)	(item/equipment)	sistema		東方で最も高位の貴族が着用するブレスレット	A bracelet worn by the highest-ranking nobles of the East.	
hand_equip#536	hand_equip	536	(item/equipamento)	(item/equipment)	sistema		アンダーボスグラブ	Underboss Gloves	
hand_equip#537	hand_equip	537	(item/equipamento)	(item/equipment)	sistema		マフィアの若頭が着用するグラブ	Gloves worn by underbosses of the mafia.	
hand_equip#538	hand_equip	538	(item/equipamento)	(item/equipment)	sistema		プラチナバンド	Platinum Band	
hand_equip#539	hand_equip	539	(item/equipamento)	(item/equipment)	sistema		プラチナの飾り付けが施されたバンド	A band embellished with platinum ornaments.	
hand_equip#540	hand_equip	540	(item/equipamento)	(item/equipment)	sistema		ネクロマンサーグローブ	Necromancer Gloves	
hand_equip#541	hand_equip	541	(item/equipamento)	(item/equipment)	sistema		死霊使いが着用するグローブ	Gloves worn by necromancers.	
hand_equip#542	hand_equip	542	(item/equipamento)	(item/equipment)	sistema		スターグローブ	Star Gloves	
hand_equip#543	hand_equip	543	(item/equipamento)	(item/equipment)	sistema		天空の星の力で身を守るグローブ	Gloves that protect the wearer with the celestial power of the stars.	
hand_equip#544	hand_equip	544	(item/equipamento)	(item/equipment)	sistema		レジェンドグローブ	Legend Gloves	
hand_equip#545	hand_equip	545	(item/equipamento)	(item/equipment)	sistema		伝説のパタンナーが現代に蘇らせた古代のグローブ	Ancient gloves revived in the modern age by a legendary patternmaker.	
hand_equip#546	hand_equip	546	(item/equipamento)	(item/equipment)	sistema		始祖の手袋	Progenitor Gloves	
hand_equip#547	hand_equip	547	(item/equipamento)	(item/equipment)	sistema		シソノテブクロ	Progenitor Gloves	
hand_equip#548	hand_equip	548	(item/equipamento)	(item/equipment)	sistema		不死の王が着用する手袋	Gloves worn by the immortal king.	
hand_equip#549	hand_equip	549	(item/equipamento)	(item/equipment)	sistema		ゴールドブレスレット	Gold Bracelet	
hand_equip#550	hand_equip	550	(item/equipamento)	(item/equipment)	sistema		金製の腕輪	A bracelet made of gold.	
hand_equip#551	hand_equip	551	(item/equipamento)	(item/equipment)	sistema		プラチナブレスレット	Platinum Bracelet	
hand_equip#552	hand_equip	552	(item/equipamento)	(item/equipment)	sistema		白金製の腕輪	A bracelet made of platinum.	
hand_equip#553	hand_equip	553	(item/equipamento)	(item/equipment)	sistema		ダイヤブレスレット	Diamond Bracelet	
hand_equip#554	hand_equip	554	(item/equipamento)	(item/equipment)	sistema		ダイヤが散りばめられた腕輪	A bracelet inlaid with diamonds.	
hand_equip#555	hand_equip	555	(item/equipamento)	(item/equipment)	sistema		エンシェントリング	Ancient Ring	
hand_equip#556	hand_equip	556	(item/equipamento)	(item/equipment)	sistema		古代の技法で作られた伝説の腕輪	A legendary bracelet made with ancient techniques.	
hand_equip#557	hand_equip	557	(item/equipamento)	(item/equipment)	sistema		流星の腕輪	Meteor Bracelet	
hand_equip#558	hand_equip	558	(item/equipamento)	(item/equipment)	sistema		リュウセイノウデワ	Meteor Bracelet	
hand_equip#559	hand_equip	559	(item/equipamento)	(item/equipment)	sistema		隕鉄を素材にした腕輪	A bracelet crafted from meteoric iron.	
hand_equip#560	hand_equip	560	(item/equipamento)	(item/equipment)	sistema		パールブレスレット	Pearl Bracelet	
hand_equip#561	hand_equip	561	(item/equipamento)	(item/equipment)	sistema		真珠で装飾された腕輪	A bracelet decorated with pearls.	
hand_equip#562	hand_equip	562	(item/equipamento)	(item/equipment)	sistema		戦士の篭手	Warrior's Gauntlets	
hand_equip#563	hand_equip	563	(item/equipamento)	(item/equipment)	sistema		センシノコテ	Warrior's Gauntlets	
hand_equip#564	hand_equip	564	(item/equipamento)	(item/equipment)	sistema		ディセンダーと認められた戦士専用の篭手	Gauntlets exclusive to a Warrior recognized as a Descender.	
hand_equip#565	hand_equip	565	(item/equipamento)	(item/equipment)	sistema		剣士の篭手	Swordsman's Gauntlets	
hand_equip#566	hand_equip	566	(item/equipamento)	(item/equipment)	sistema		ケンシノコテ	Swordsman's Gauntlets	
hand_equip#567	hand_equip	567	(item/equipamento)	(item/equipment)	sistema		ディセンダーと認められた剣士専用の篭手	Gauntlets exclusive to a Swordsman recognized as a Descender.	
hand_equip#568	hand_equip	568	(item/equipamento)	(item/equipment)	sistema		魔法剣士の篭手	Spellsword's Gauntlets	
hand_equip#569	hand_equip	569	(item/equipamento)	(item/equipment)	sistema		マホウケンシノコテ	Spellsword's Gauntlets	
hand_equip#570	hand_equip	570	(item/equipamento)	(item/equipment)	sistema		ディセンダーと認められた魔法剣士専用の篭手	Gauntlets exclusive to a Spellsword recognized as a Descender.	
hand_equip#571	hand_equip	571	(item/equipamento)	(item/equipment)	sistema		拳闘士の腕輪	Brawler's Bracelet	
hand_equip#572	hand_equip	572	(item/equipamento)	(item/equipment)	sistema		ケントウシノウデワ	Brawler's Bracelet	
hand_equip#573	hand_equip	573	(item/equipamento)	(item/equipment)	sistema		ディセンダーと認められた格闘家専用の腕輪	A bracelet exclusive to a Martial Artist recognized as a Descender.	
hand_equip#574	hand_equip	574	(item/equipamento)	(item/equipment)	sistema		狩人の篭手	Hunter's Gauntlets	
hand_equip#575	hand_equip	575	(item/equipamento)	(item/equipment)	sistema		カリュウドノコテ	Hunter's Gauntlets	
hand_equip#576	hand_equip	576	(item/equipamento)	(item/equipment)	sistema		ディセンダーと認められた狩人専用の篭手	Gauntlets exclusive to a Hunter recognized as a Descender.	
hand_equip#577	hand_equip	577	(item/equipamento)	(item/equipment)	sistema		盗賊の篭手	Thief's Gauntlets	
hand_equip#578	hand_equip	578	(item/equipamento)	(item/equipment)	sistema		トウゾクノコテ	Thief's Gauntlets	
hand_equip#579	hand_equip	579	(item/equipamento)	(item/equipment)	sistema		ディセンダーと認められた盗賊専用の篭手	Gauntlets exclusive to a Thief recognized as a Descender.	
hand_equip#580	hand_equip	580	(item/equipamento)	(item/equipment)	sistema		忍の篭手	Shinobi Gauntlets	
hand_equip#581	hand_equip	581	(item/equipamento)	(item/equipment)	sistema		シノビノコテ	Shinobi Gauntlets	
hand_equip#582	hand_equip	582	(item/equipamento)	(item/equipment)	sistema		ディセンダーと認められた忍者専用の篭手	Gauntlets exclusive to a Ninja recognized as a Descender.	
hand_equip#583	hand_equip	583	(item/equipamento)	(item/equipment)	sistema		魔術師の手袋	Mage's Gloves	
hand_equip#584	hand_equip	584	(item/equipamento)	(item/equipment)	sistema		マジュツシノテブクロ	Mage's Gloves	
hand_equip#585	hand_equip	585	(item/equipamento)	(item/equipment)	sistema		ディセンダーと認められた魔術師専用の手袋	Gloves exclusive to a Mage recognized as a Descender.	
hand_equip#586	hand_equip	586	(item/equipamento)	(item/equipment)	sistema		修道士の手袋	Friar's Mittens	
hand_equip#587	hand_equip	587	(item/equipamento)	(item/equipment)	sistema		シュウドウシノミトン	Friar's Mittens	
hand_equip#588	hand_equip	588	(item/equipamento)	(item/equipment)	sistema		ディセンダーと認められた僧侶専用の手袋	Gloves exclusive to a Priest recognized as a Descender.	
hand_equip#589	hand_equip	589	(item/equipamento)	(item/equipment)	sistema		司教の手袋	Bishop's Mittens	
hand_equip#590	hand_equip	590	(item/equipamento)	(item/equipment)	sistema		シキョウノミトン	Bishop's Mittens	
hand_equip#591	hand_equip	591	(item/equipamento)	(item/equipment)	sistema		ディセンダーと認められたビショップ専用の手袋	Gloves exclusive to a Bishop recognized as a Descender.	
hand_equip#592	hand_equip	592	(item/equipamento)	(item/equipment)	sistema		二刀剣士の篭手	Dual Swordsman Gauntlets	
hand_equip#593	hand_equip	593	(item/equipamento)	(item/equipment)	sistema		ニトウケンシノコテ	Dual Swordsman Gauntlets	
hand_equip#594	hand_equip	594	(item/equipamento)	(item/equipment)	sistema		ディセンダーと認められた双剣士専用の篭手	Gauntlets exclusive to a Twin Swordsman recognized as a Descender.	
hand_equip#595	hand_equip	595	(item/equipamento)	(item/equipment)	sistema		大剣士の篭手	Great Swordsman's Gauntlets	
hand_equip#596	hand_equip	596	(item/equipamento)	(item/equipment)	sistema		ダイケンシノコテ	Great Swordsman's Gauntlets	
hand_equip#597	hand_equip	597	(item/equipamento)	(item/equipment)	sistema		ディセンダーと認められた大剣士専用の篭手	Gauntlets exclusive to a Great Swordsman recognized as a Descender.	
hand_equip#598	hand_equip	598	(item/equipamento)	(item/equipment)	sistema		准拳士の腕輪	Associate Fist Bracelet	
hand_equip#599	hand_equip	599	(item/equipamento)	(item/equipment)	sistema		ジュンケンシノウデワ	Associate Fist Bracelet	
hand_equip#600	hand_equip	600	(item/equipamento)	(item/equipment)	sistema		ディセンダーと認められたモンク専用の腕輪	A bracelet exclusive to a Monk recognized as a Descender.	
hand_equip#601	hand_equip	601	(item/equipamento)	(item/equipment)	sistema		海賊の篭手	Pirate's Gauntlets	
hand_equip#602	hand_equip	602	(item/equipamento)	(item/equipment)	sistema		カイゾクノコテ	Pirate's Gauntlets	
hand_equip#603	hand_equip	603	(item/equipamento)	(item/equipment)	sistema		ディセンダーと認められた海賊専用の篭手	Gauntlets exclusive to a Pirate recognized as a Descender.	
hand_equip#604	hand_equip	604	(item/equipamento)	(item/equipment)	sistema		従士隊の篭手	Squire Gauntlets	
hand_equip#605	hand_equip	605	(item/equipamento)	(item/equipment)	sistema		ジュウシタイノコテ	Squire Gauntlets	
hand_equip#606	hand_equip	606	(item/equipamento)	(item/equipment)	sistema		ディセンダーと認められた聖騎士専用の篭手	Gauntlets exclusive to a Paladin recognized as a Descender.	
hand_equip#607	hand_equip	607	(item/equipamento)	(item/equipment)	sistema		狙撃手のグローブ	Sniper's Gloves	
hand_equip#608	hand_equip	608	(item/equipamento)	(item/equipment)	sistema		ソゲキシュノグローブ	Sniper's Gloves	
hand_equip#609	hand_equip	609	(item/equipamento)	(item/equipment)	sistema		ディセンダーと認められたガンマン専用のグローブ	Gloves exclusive to a Gunman recognized as a Descender.	
hand_equip#610	hand_equip	610	(item/equipamento)	(item/equipment)	sistema		闘士の篭手	Champion's Gauntlets	
hand_equip#611	hand_equip	611	(item/equipamento)	(item/equipment)	sistema		トウシノコテ	Champion's Gauntlets	
hand_equip#612	hand_equip	612	(item/equipamento)	(item/equipment)	sistema		ディセンダーの為に作られた戦士専用の篭手	Gauntlets crafted exclusively for a Descender Warrior.	
hand_equip#613	hand_equip	613	(item/equipamento)	(item/equipment)	sistema		騎士の篭手	Knight's Gauntlets	
hand_equip#614	hand_equip	614	(item/equipamento)	(item/equipment)	sistema		キシノコテ	Knight's Gauntlets	
hand_equip#615	hand_equip	615	(item/equipamento)	(item/equipment)	sistema		ディセンダーの為に作られた剣士専用の篭手	Gauntlets crafted exclusively for a Descender Swordsman.	
hand_equip#616	hand_equip	616	(item/equipamento)	(item/equipment)	sistema		魔法騎士の篭手	Magic Knight's Gauntlets	
hand_equip#617	hand_equip	617	(item/equipamento)	(item/equipment)	sistema		マホウキシノコテ	Magic Knight's Gauntlets	
hand_equip#618	hand_equip	618	(item/equipamento)	(item/equipment)	sistema		ディセンダーの為に作られた魔法剣士専用の篭手	Gauntlets crafted exclusively for a Descender Spellsword.	
hand_equip#619	hand_equip	619	(item/equipamento)	(item/equipment)	sistema		小覇王の腕輪	Conqueror's Bracelet	
hand_equip#620	hand_equip	620	(item/equipamento)	(item/equipment)	sistema		ショウハオウノウデワ	Conqueror's Bracelet	
hand_equip#621	hand_equip	621	(item/equipamento)	(item/equipment)	sistema		ディセンダーの為に作られた格闘家専用の腕輪	A bracelet crafted exclusively for a Descender Martial Artist.	
hand_equip#622	hand_equip	622	(item/equipamento)	(item/equipment)	sistema		名射手の篭手	Master Archer's Gauntlets	
hand_equip#623	hand_equip	623	(item/equipamento)	(item/equipment)	sistema		メイイテノコテ	Master Archer's Gauntlets	
hand_equip#624	hand_equip	624	(item/equipamento)	(item/equipment)	sistema		ディセンダーの為に作られた狩人専用の篭手	Gauntlets crafted exclusively for a Descender Hunter.	
hand_equip#625	hand_equip	625	(item/equipamento)	(item/equipment)	sistema		義賊の篭手	Chivalrous Thief's Gauntlets	
hand_equip#626	hand_equip	626	(item/equipamento)	(item/equipment)	sistema		ギゾクノコテ	Chivalrous Thief's Gauntlets	
hand_equip#627	hand_equip	627	(item/equipamento)	(item/equipment)	sistema		ディセンダーの為に作られた盗賊専用の篭手	Gauntlets crafted exclusively for a Descender Thief.	
hand_equip#628	hand_equip	628	(item/equipamento)	(item/equipment)	sistema		頭領の篭手	Chieftain's Gauntlets	
hand_equip#629	hand_equip	629	(item/equipamento)	(item/equipment)	sistema		トウリョウノコテ	Chieftain's Gauntlets	
hand_equip#630	hand_equip	630	(item/equipamento)	(item/equipment)	sistema		ディセンダーの為に作られた忍者専用の篭手	Gauntlets crafted exclusively for a Descender Ninja.	
hand_equip#631	hand_equip	631	(item/equipamento)	(item/equipment)	sistema		魔導師の手袋	Sorcerer's Gloves	
hand_equip#632	hand_equip	632	(item/equipamento)	(item/equipment)	sistema		マドウシノテブクロ	Sorcerer's Gloves	
hand_equip#633	hand_equip	633	(item/equipamento)	(item/equipment)	sistema		ディセンダーの為に作られた魔術師専用の手袋	Gloves crafted exclusively for a Descender Mage.	
hand_equip#634	hand_equip	634	(item/equipamento)	(item/equipment)	sistema		司祭の手袋	Priest's Mittens	
hand_equip#635	hand_equip	635	(item/equipamento)	(item/equipment)	sistema		シサイノミトン	Priest's Mittens	
hand_equip#636	hand_equip	636	(item/equipamento)	(item/equipment)	sistema		ディセンダーの為に作られた僧侶専用の手袋	Gloves crafted exclusively for a Descender Priest.	
hand_equip#637	hand_equip	637	(item/equipamento)	(item/equipment)	sistema		教皇の手袋	Pontiff's Mittens	
hand_equip#638	hand_equip	638	(item/equipamento)	(item/equipment)	sistema		キョウコウノミトン	Pontiff's Mittens	
hand_equip#639	hand_equip	639	(item/equipamento)	(item/equipment)	sistema		ディセンダーの為に作られたビショップ専用の手袋	Gloves crafted exclusively for a Descender Bishop.	
