id	arquivo	original	traducao	nota_do_tradutor	orcamento_bytes
v1424_NewQuestTitle.txz:0	v1424_NewQuestTitle.txz	ヘーゼル村の者との接触\n	Contact at Hazel\n		24
v1424_NewQuestTitle.txz:1	v1424_NewQuestTitle.txz	星晶採掘跡地への調査\n	Star Mine Expedition\n		22
v1424_NewQuestTitle.txz:2	v1424_NewQuestTitle.txz	続・星晶採掘跡地の調査\n	Star Mine Survey Pt. 2\n		24
v1424_NewQuestTitle.txz:3	v1424_NewQuestTitle.txz	病を治す不思議な存在\n	A Miraculous Healer\n		22
v1424_NewQuestTitle.txz:4	v1424_NewQuestTitle.txz	魔物の搬送\n	Beast Haul\n		12
v1424_NewQuestTitle.txz:5	v1424_NewQuestTitle.txz	ミブナの里へ向かえ\n	Head to Mibuna\n		20
v1424_NewQuestTitle.txz:6	v1424_NewQuestTitle.txz	願いを叶える存在\n	A Wish Granter\n		18
v1424_NewQuestTitle.txz:7	v1424_NewQuestTitle.txz	暁の従者、潜む\n	Dawn's Agents\n		16
v1424_NewQuestTitle.txz:8	v1424_NewQuestTitle.txz	雪山の中の精霊\n	Snow Spirit\n		16
v1424_NewQuestTitle.txz:9	v1424_NewQuestTitle.txz	ヘーゼル村の民を救え\n	Save Hazel Village\n		22
v1424_NewQuestTitle.txz:10	v1424_NewQuestTitle.txz	創世の時を知るモノ\n	Knower of Genesis\n		20
v1424_NewQuestTitle.txz:11	v1424_NewQuestTitle.txz	空色の石\n	Sky Gem\n		10
v1424_NewQuestTitle.txz:12	v1424_NewQuestTitle.txz	世界に向けられた牙\n	Fangs at the World\n		20
v1424_NewQuestTitle.txz:13	v1424_NewQuestTitle.txz	化石の思い出\n	Old Fossil\n		14
v1424_NewQuestTitle.txz:14	v1424_NewQuestTitle.txz	ニアタとの再会\n	Reunion: Niata\n		16
v1424_NewQuestTitle.txz:15	v1424_NewQuestTitle.txz	雪山に継がれた命\n	Life in the Snow\n		18
v1424_NewQuestTitle.txz:16	v1424_NewQuestTitle.txz	水の上をすべる花\n	Flower on Water\n		18
v1424_NewQuestTitle.txz:17	v1424_NewQuestTitle.txz	砂漠の命\n	Sand Bio\n		10
v1424_NewQuestTitle.txz:18	v1424_NewQuestTitle.txz	記憶の底　始まりの時\n	Memory Depths: Dawn\n		22
v1424_NewQuestTitle.txz:19	v1424_NewQuestTitle.txz	宙からの贈り物\n	Gift from Sky\n		16
v1424_NewQuestTitle.txz:20	v1424_NewQuestTitle.txz	希望の灯火\n	Hope Flame\n		12
v1424_NewQuestTitle.txz:21	v1424_NewQuestTitle.txz	命の欠片を集めて\n	Get Life Bits\n		18
v1424_NewQuestTitle.txz:22	v1424_NewQuestTitle.txz	封印次元を展開せよ\n	Open Seal Realm\n		20
v1424_NewQuestTitle.txz:23	v1424_NewQuestTitle.txz	生命の躍動の中へ\n	Into Life Pulse\n		18
v1424_NewQuestTitle.txz:24	v1424_NewQuestTitle.txz	ソーサラーリング１\n	Sorcerer's Ring 1\n		20
v1424_NewQuestTitle.txz:25	v1424_NewQuestTitle.txz	ソーサラーリング２\n	Sorcerer's Ring 2\n		20
v1424_NewQuestTitle.txz:26	v1424_NewQuestTitle.txz	黒宝玉の帰還\n	Orb's Return\n		14
v1424_NewQuestTitle.txz:27	v1424_NewQuestTitle.txz	霊峰に隠された秘密\n	Sacred Peak Secret\n		20
v1424_NewQuestTitle.txz:28	v1424_NewQuestTitle.txz	退治のやり方\n	How to Slay\n		14
v1424_NewQuestTitle.txz:29	v1424_NewQuestTitle.txz	採掘のやり方\n	How to Mine\n		14
v1424_NewQuestTitle.txz:30	v1424_NewQuestTitle.txz	入隊試験\n	Enlist\n		10
v1424_NewQuestTitle.txz:31	v1424_NewQuestTitle.txz	新人への洗礼\n	Rookie Test\n		14
v1424_NewQuestTitle.txz:32	v1424_NewQuestTitle.txz	カエルになる一族\n	The Frog Clan\n		18
v1424_NewQuestTitle.txz:33	v1424_NewQuestTitle.txz	コウモリの山\n	Bat Mountain\n		14
v1424_NewQuestTitle.txz:34	v1424_NewQuestTitle.txz	銭聖戦\n	$ War\n		8
v1424_NewQuestTitle.txz:35	v1424_NewQuestTitle.txz	ウルフよさらば\n	Farewell, Wolf\n		16
v1424_NewQuestTitle.txz:36	v1424_NewQuestTitle.txz	有料ボランティア\n	Paid Volunteer\n		18
v1424_NewQuestTitle.txz:37	v1424_NewQuestTitle.txz	ヤツを探せ！\n	Find Him!\n		14
v1424_NewQuestTitle.txz:38	v1424_NewQuestTitle.txz	救世主伝説\n	The Savior\n		12
v1424_NewQuestTitle.txz:39	v1424_NewQuestTitle.txz	新人らしいミス\n	Rookie Mistake\n		16
v1424_NewQuestTitle.txz:40	v1424_NewQuestTitle.txz	雷鳥よ永遠に\n	Thunderbird\n		14
v1424_NewQuestTitle.txz:41	v1424_NewQuestTitle.txz	世界滅亡\n	Doomsday\n		10
v1424_NewQuestTitle.txz:42	v1424_NewQuestTitle.txz	鉱員と骨\n	Ore+Bone\n		10
v1424_NewQuestTitle.txz:43	v1424_NewQuestTitle.txz	沈黙の発生\n	Silence\n		12
v1424_NewQuestTitle.txz:44	v1424_NewQuestTitle.txz	鮮度が大事\n	Freshness!\n		12
v1424_NewQuestTitle.txz:45	v1424_NewQuestTitle.txz	孤独\n	Solo\n		6
v1424_NewQuestTitle.txz:46	v1424_NewQuestTitle.txz	侵入者に制裁を\n	Stop Intruders\n		16
v1424_NewQuestTitle.txz:47	v1424_NewQuestTitle.txz	轟け！マニア魂！\n	Mania Soul: Roar\n		18
v1424_NewQuestTitle.txz:48	v1424_NewQuestTitle.txz	沈黙のコウモリ\n	Silent Bats\n		16
v1424_NewQuestTitle.txz:49	v1424_NewQuestTitle.txz	害虫を駆除\n	Pest Purge\n		12
v1424_NewQuestTitle.txz:50	v1424_NewQuestTitle.txz	世界の黄昏\n	World Dusk\n		12
v1424_NewQuestTitle.txz:51	v1424_NewQuestTitle.txz	天空のお婆さん\n	Sky Granny\n		16
v1424_NewQuestTitle.txz:52	v1424_NewQuestTitle.txz	食糧倉庫を守れ！\n	Save the Pantry!\n		18
v1424_NewQuestTitle.txz:53	v1424_NewQuestTitle.txz	沈黙の軍団\n	Quiet Army\n		12
v1424_NewQuestTitle.txz:54	v1424_NewQuestTitle.txz	新人の躓き\n	Stumble\n		12
v1424_NewQuestTitle.txz:55	v1424_NewQuestTitle.txz	一人ピクニック\n	Solo Picnic\n		16
v1424_NewQuestTitle.txz:56	v1424_NewQuestTitle.txz	銭が弾ける日\n	Cash Splash\n		14
v1424_NewQuestTitle.txz:57	v1424_NewQuestTitle.txz	沈黙の集団\n	Quiet Pack\n		12
v1424_NewQuestTitle.txz:58	v1424_NewQuestTitle.txz	鉱員はどっちに出てる\n	Which Way, Miners?\n		22
v1424_NewQuestTitle.txz:59	v1424_NewQuestTitle.txz	礼儀を刻め\n	Be Polite\n		12
v1424_NewQuestTitle.txz:60	v1424_NewQuestTitle.txz	雪男は獣人か？\n	Yeti or Beast?\n		16
v1424_NewQuestTitle.txz:61	v1424_NewQuestTitle.txz	モンスター＆ウォーター\n	Monster & Water\n		24
v1424_NewQuestTitle.txz:62	v1424_NewQuestTitle.txz	激突お婆さん\n	Granny Clash\n		14
v1424_NewQuestTitle.txz:63	v1424_NewQuestTitle.txz	彼と出会う為に\n	To Meet Him\n		16
v1424_NewQuestTitle.txz:64	v1424_NewQuestTitle.txz	湯豆腐を求めた叫び\n	A Cry for Hot Tofu\n		20
v1424_NewQuestTitle.txz:65	v1424_NewQuestTitle.txz	マッスル鉱員\n	Muscle Miner\n		14
v1424_NewQuestTitle.txz:66	v1424_NewQuestTitle.txz	文明崩壊\n	Civ Ruin\n		10
v1424_NewQuestTitle.txz:67	v1424_NewQuestTitle.txz	春雨の歯車\n	Rain Gear\n		12
v1424_NewQuestTitle.txz:68	v1424_NewQuestTitle.txz	再会に向けて\n	To Reunite\n		14
v1424_NewQuestTitle.txz:69	v1424_NewQuestTitle.txz	世界消滅\n	Oblivion\n		10
v1424_NewQuestTitle.txz:70	v1424_NewQuestTitle.txz	燃えよ！マニア魂！\n	Mania Soul: Burn!\n		20
v1424_NewQuestTitle.txz:71	v1424_NewQuestTitle.txz	復仇\n	Fury\n		6
v1424_NewQuestTitle.txz:72	v1424_NewQuestTitle.txz	沈黙の怪物\n	Mute Beast\n		12
v1424_NewQuestTitle.txz:73	v1424_NewQuestTitle.txz	最後のお婆さん\n	Last Granny\n		16
v1424_NewQuestTitle.txz:74	v1424_NewQuestTitle.txz	悟れ！マニア魂！\n	Mania Soul: Wake\n		18
v1424_NewQuestTitle.txz:75	v1424_NewQuestTitle.txz	愛羅武勇、ＯＫ？\n	I Love You, OK?\n		18
v1424_NewQuestTitle.txz:76	v1424_NewQuestTitle.txz	お粥の神様\n	Congee God\n		12
v1424_NewQuestTitle.txz:77	v1424_NewQuestTitle.txz	夜の栄養剤\n	Dark Tonic\n		12
v1424_NewQuestTitle.txz:78	v1424_NewQuestTitle.txz	未来を予想する図\n	Future Forecast\n		18
v1424_NewQuestTitle.txz:79	v1424_NewQuestTitle.txz	時間よ止まれ\n	Freeze Time\n		14
v1424_NewQuestTitle.txz:80	v1424_NewQuestTitle.txz	夜の肩コリ\n	Dark Aches\n		12
v1424_NewQuestTitle.txz:81	v1424_NewQuestTitle.txz	仕入れは計画的に\n	Plan Your Stock\n		18
v1424_NewQuestTitle.txz:82	v1424_NewQuestTitle.txz	鍛冶職人のソネット\n	Smith Sonnet\n		20
v1424_NewQuestTitle.txz:83	v1424_NewQuestTitle.txz	夜のお香\n	Incense\n		10
v1424_NewQuestTitle.txz:84	v1424_NewQuestTitle.txz	触手者\n	Feeler\n		8
v1424_NewQuestTitle.txz:85	v1424_NewQuestTitle.txz	もぎ続けろ！\n	Keep Pluck!\n		14
v1424_NewQuestTitle.txz:86	v1424_NewQuestTitle.txz	夜の触手\n	Dark Arm\n		10
v1424_NewQuestTitle.txz:87	v1424_NewQuestTitle.txz	ざるソバ・コンバット\n	Zaru Soba Combat\n		22
v1424_NewQuestTitle.txz:88	v1424_NewQuestTitle.txz	駆けろ！マニア魂！\n	Mania Soul: Dash!\n		20
v1424_NewQuestTitle.txz:89	v1424_NewQuestTitle.txz	コバルトのヒゲ\n	Cobalt's Beard\n		16
v1424_NewQuestTitle.txz:90	v1424_NewQuestTitle.txz	夜の惚れ薬\n	Love Charm\n		12
v1424_NewQuestTitle.txz:91	v1424_NewQuestTitle.txz	謎のお婆さん\n	Odd Granny\n		14
v1424_NewQuestTitle.txz:92	v1424_NewQuestTitle.txz	少女とリンゴ\n	Girl & Apple\n		14
v1424_NewQuestTitle.txz:93	v1424_NewQuestTitle.txz	怪しい商売\n	Shady Deal\n		12
v1424_NewQuestTitle.txz:94	v1424_NewQuestTitle.txz	銭の咲く畑\n	Gald Field\n		12
v1424_NewQuestTitle.txz:95	v1424_NewQuestTitle.txz	たいせつな銅\n	Dear Copper\n		14
v1424_NewQuestTitle.txz:96	v1424_NewQuestTitle.txz	自宅爆破五秒前\n	Boom in 5 Secs\n		16
v1424_NewQuestTitle.txz:97	v1424_NewQuestTitle.txz	セレブ伝説\n	Celeb Lore\n		12
v1424_NewQuestTitle.txz:98	v1424_NewQuestTitle.txz	親父の一番長い一日\n	Pop's Longest Day\n		20
v1424_NewQuestTitle.txz:99	v1424_NewQuestTitle.txz	輝け！マニア魂！\n	Mania Soul: Glow\n		18
v1424_NewQuestTitle.txz:100	v1424_NewQuestTitle.txz	セレブ大運動会\n	Celeb Games\n		16
v1424_NewQuestTitle.txz:101	v1424_NewQuestTitle.txz	銭がゆく\n	Gald Run\n		10
v1424_NewQuestTitle.txz:102	v1424_NewQuestTitle.txz	果実\n	Crop\n		6
v1424_NewQuestTitle.txz:103	v1424_NewQuestTitle.txz	セレブは傷つかない\n	Celebs Don't Bleed\n		20
v1424_NewQuestTitle.txz:104	v1424_NewQuestTitle.txz	銭への道\n	Way to $\n		10
v1424_NewQuestTitle.txz:105	v1424_NewQuestTitle.txz	職人宣言\n	Art Vow\n		10
v1424_NewQuestTitle.txz:106	v1424_NewQuestTitle.txz	限界\n	Edge\n		6
v1424_NewQuestTitle.txz:107	v1424_NewQuestTitle.txz	お婆さん電光石火\n	Granny Lightning\n		18
v1424_NewQuestTitle.txz:108	v1424_NewQuestTitle.txz	少女と宝物\n	Girl & Gem\n		12
v1424_NewQuestTitle.txz:109	v1424_NewQuestTitle.txz	ヤバイ積荷\n	Bad Cargo\n		12
v1424_NewQuestTitle.txz:110	v1424_NewQuestTitle.txz	落し物を探して\n	Find Lost Item\n		16
v1424_NewQuestTitle.txz:111	v1424_NewQuestTitle.txz	セレブ・ファンタジー\n	Celeb Fantasy\n		22
v1424_NewQuestTitle.txz:112	v1424_NewQuestTitle.txz	銭の帝王\n	$ King\n		10
v1424_NewQuestTitle.txz:113	v1424_NewQuestTitle.txz	新人の勇み足\n	Rookie Rush\n		14
v1424_NewQuestTitle.txz:114	v1424_NewQuestTitle.txz	落し物を探せ！\n	Lost & Found!\n		16
v1424_NewQuestTitle.txz:115	v1424_NewQuestTitle.txz	一攫千金\n	Jackpot\n		10
v1424_NewQuestTitle.txz:116	v1424_NewQuestTitle.txz	少女と地図\n	Girl & Map\n		12
v1424_NewQuestTitle.txz:117	v1424_NewQuestTitle.txz	夜の宝物\n	Dark Gem\n		10
v1424_NewQuestTitle.txz:118	v1424_NewQuestTitle.txz	夜の宝箱\n	Dark Box\n		10
v1424_NewQuestTitle.txz:119	v1424_NewQuestTitle.txz	夜の霊峰\n	Dark Mt.\n		10
v1424_NewQuestTitle.txz:120	v1424_NewQuestTitle.txz	鉱員大パニック\n	Miner Panic!\n		16
v1424_NewQuestTitle.txz:121	v1424_NewQuestTitle.txz	少女と聖地\n	Holy Girl\n		12
v1424_NewQuestTitle.txz:122	v1424_NewQuestTitle.txz	職人の詩\n	Art Poem\n		10
v1424_NewQuestTitle.txz:123	v1424_NewQuestTitle.txz	夜の大森林\n	Dark Wood\n		12
v1424_NewQuestTitle.txz:124	v1424_NewQuestTitle.txz	金の切れ目が…\n	When $ Ends...\n		16
v1424_NewQuestTitle.txz:125	v1424_NewQuestTitle.txz	時代\n	Era\n		6
v1424_NewQuestTitle.txz:126	v1424_NewQuestTitle.txz	禁じられた冒険\n	Secret Quest\n		16
v1424_NewQuestTitle.txz:127	v1424_NewQuestTitle.txz	セレブ転生デビルマダム\n	Celeb Reborn: Madame\n		24
v1424_NewQuestTitle.txz:128	v1424_NewQuestTitle.txz	時をかけるお婆さん\n	Time-Leap Granny\n		20
v1424_NewQuestTitle.txz:129	v1424_NewQuestTitle.txz	スタンとの腕試し\n	Spar with Stahn\n		18
v1424_NewQuestTitle.txz:130	v1424_NewQuestTitle.txz	リッドとの腕試し\n	Spar with Reid\n		18
v1424_NewQuestTitle.txz:131	v1424_NewQuestTitle.txz	アスベルとの腕試し\n	Spar with Asbel\n		20
v1424_NewQuestTitle.txz:132	v1424_NewQuestTitle.txz	ヴェイグとの腕試し\n	Spar with Veigue\n		20
v1424_NewQuestTitle.txz:133	v1424_NewQuestTitle.txz	クレスとの腕試し\n	Spar with Cress\n		18
v1424_NewQuestTitle.txz:134	v1424_NewQuestTitle.txz	カイルとの腕試し\n	Spar with Kyle\n		18
v1424_NewQuestTitle.txz:135	v1424_NewQuestTitle.txz	カイウスとの腕試し\n	Spar with Caius\n		20
v1424_NewQuestTitle.txz:136	v1424_NewQuestTitle.txz	エミルとの腕試し\n	Spar with Emil\n		18
v1424_NewQuestTitle.txz:137	v1424_NewQuestTitle.txz	ロイドとの腕試し\n	Spar with Lloyd\n		18
v1424_NewQuestTitle.txz:138	v1424_NewQuestTitle.txz	セネルとの腕試し\n	Spar with Senel\n		18
v1424_NewQuestTitle.txz:139	v1424_NewQuestTitle.txz	ルカとの腕試し\n	Spar with Ruca\n		16
v1424_NewQuestTitle.txz:140	v1424_NewQuestTitle.txz	ルークとの腕試し\n	Spar with Luke\n		18
v1424_NewQuestTitle.txz:141	v1424_NewQuestTitle.txz	ユーリとの腕試し\n	Spar with Yuri\n		18
v1424_NewQuestTitle.txz:142	v1424_NewQuestTitle.txz	シングとの腕試し\n	Spar with Shing\n		18
v1424_NewQuestTitle.txz:143	v1424_NewQuestTitle.txz	カノンノとの腕試し\n	Spar with Kanonno\n		20
v1424_NewQuestTitle.txz:144	v1424_NewQuestTitle.txz	クレス達と修行\n	Train: Cress\n		16
v1424_NewQuestTitle.txz:145	v1424_NewQuestTitle.txz	すず達と修行\n	Train: Suzu\n		14
v1424_NewQuestTitle.txz:146	v1424_NewQuestTitle.txz	スタン達と修行\n	Train: Stahn\n		16
v1424_NewQuestTitle.txz:147	v1424_NewQuestTitle.txz	ルーティ達と修行\n	Train: Rutee\n		18
v1424_NewQuestTitle.txz:148	v1424_NewQuestTitle.txz	ウッドロウ達と修行\n	Train: Woodrow\n		20
v1424_NewQuestTitle.txz:149	v1424_NewQuestTitle.txz	コングマンと修行\n	Train: Kongman\n		18
v1424_NewQuestTitle.txz:150	v1424_NewQuestTitle.txz	ファラ達と修行\n	Train: Farah\n		16
v1424_NewQuestTitle.txz:151	v1424_NewQuestTitle.txz	チャット達と修行\n	Train: Chat\n		18
v1424_NewQuestTitle.txz:152	v1424_NewQuestTitle.txz	カイル達と修行\n	Train: Kyle\n		16
v1424_NewQuestTitle.txz:153	v1424_NewQuestTitle.txz	ナナリー達と修行\n	Train: Nanaly\n		18
v1424_NewQuestTitle.txz:154	v1424_NewQuestTitle.txz	ロイド達と修行\n	Train: Lloyd\n		16
v1424_NewQuestTitle.txz:155	v1424_NewQuestTitle.txz	リフィル達と修行\n	Train: Raine\n		18
v1424_NewQuestTitle.txz:156	v1424_NewQuestTitle.txz	しいな達と修行\n	Train: Sheena\n		16
v1424_NewQuestTitle.txz:157	v1424_NewQuestTitle.txz	クラトス達と修行\n	Train: Kratos\n		18
v1424_NewQuestTitle.txz:158	v1424_NewQuestTitle.txz	ヴェイグ達と修行\n	Train: Veigue\n		18
v1424_NewQuestTitle.txz:159	v1424_NewQuestTitle.txz	ユージーン達と修行\n	Train: Eugene\n		20
v1424_NewQuestTitle.txz:160	v1424_NewQuestTitle.txz	セネル達と修行\n	Train: Senel\n		16
v1424_NewQuestTitle.txz:161	v1424_NewQuestTitle.txz	ウィル達と修行\n	Train: Will\n		16
v1424_NewQuestTitle.txz:162	v1424_NewQuestTitle.txz	ルーク達と修行\n	Train: Luke\n		16
v1424_NewQuestTitle.txz:163	v1424_NewQuestTitle.txz	ジェイド達と修行\n	Train: Jade\n		18
v1424_NewQuestTitle.txz:164	v1424_NewQuestTitle.txz	ナタリア達と修行\n	Train: Natalia\n		18
v1424_NewQuestTitle.txz:165	v1424_NewQuestTitle.txz	カイウス達と修行\n	Train: Caius\n		18
v1424_NewQuestTitle.txz:166	v1424_NewQuestTitle.txz	ルカ達と修行\n	Train: Ruca\n		14
v1424_NewQuestTitle.txz:167	v1424_NewQuestTitle.txz	リカルド達と修行\n	Train: Ricardo\n		18
v1424_NewQuestTitle.txz:168	v1424_NewQuestTitle.txz	ユーリ達と修行\n	Train: Yuri\n		16
v1424_NewQuestTitle.txz:169	v1424_NewQuestTitle.txz	エステル達と修行\n	Train: Estelle\n		18
v1424_NewQuestTitle.txz:170	v1424_NewQuestTitle.txz	リヒター達と修行\n	Train: Richter\n		18
v1424_NewQuestTitle.txz:171	v1424_NewQuestTitle.txz	シング達と修行\n	Train: Shing\n		16
v1424_NewQuestTitle.txz:172	v1424_NewQuestTitle.txz	アスベル達と修行\n	Train: Asbel\n		18
v1424_NewQuestTitle.txz:173	v1424_NewQuestTitle.txz	カノンノと修行\n	Train: Kanonno\n		16
v1424_NewQuestTitle.txz:174	v1424_NewQuestTitle.txz	レディアントに会いに\n	Visit Radiant\n		22
v1424_NewQuestTitle.txz:175	v1424_NewQuestTitle.txz	伝説の武具\n	Radiant\n		12
v1424_NewQuestTitle.txz:176	v1424_NewQuestTitle.txz	伝説の武具\n	Radiant\n		12
v1424_NewQuestTitle.txz:177	v1424_NewQuestTitle.txz	伝説の武具\n	Radiant\n		12
v1424_NewQuestTitle.txz:178	v1424_NewQuestTitle.txz	伝説の武具\n	Radiant\n		12
v1424_NewQuestTitle.txz:179	v1424_NewQuestTitle.txz	伝説の武具\n	Radiant\n		12
v1424_NewQuestTitle.txz:180	v1424_NewQuestTitle.txz	伝説の武具\n	Radiant\n		12
v1424_NewQuestTitle.txz:181	v1424_NewQuestTitle.txz	伝説の武具\n	Radiant\n		12
v1424_NewQuestTitle.txz:182	v1424_NewQuestTitle.txz	伝説の武具\n	Radiant\n		12
v1424_NewQuestTitle.txz:183	v1424_NewQuestTitle.txz	伝説の武具\n	Radiant\n		12
v1424_NewQuestTitle.txz:184	v1424_NewQuestTitle.txz	伝説の武具\n	Radiant\n		12
v1424_NewQuestTitle.txz:185	v1424_NewQuestTitle.txz	伝説の武具\n	Radiant\n		12
v1424_NewQuestTitle.txz:186	v1424_NewQuestTitle.txz	伝説の武具\n	Radiant\n		12
v1424_NewQuestTitle.txz:187	v1424_NewQuestTitle.txz	伝説の武具\n	Radiant\n		12
v1424_NewQuestTitle.txz:188	v1424_NewQuestTitle.txz	伝説の武具\n	Radiant\n		12
v1424_NewQuestTitle.txz:189	v1424_NewQuestTitle.txz	伝説の武具\n	Radiant\n		12
v1424_NewQuestTitle.txz:190	v1424_NewQuestTitle.txz	伝説の武具\n	Radiant\n		12
v1424_NewQuestTitle.txz:191	v1424_NewQuestTitle.txz	友としてライバルとして\n	As Friends, as Rivals\n		24
v1424_NewQuestTitle.txz:192	v1424_NewQuestTitle.txz	カニカニパニック\n	Crab Crab Panic\n		18
v1424_NewQuestTitle.txz:193	v1424_NewQuestTitle.txz	互いの正義\n	Justice\n		12
v1424_NewQuestTitle.txz:194	v1424_NewQuestTitle.txz	超えなければならぬ壁\n	A Wall to Overcome\n		22
v1424_NewQuestTitle.txz:195	v1424_NewQuestTitle.txz	閉じた心、続く未来\n	Shut Heart, Future\n		20
v1424_NewQuestTitle.txz:196	v1424_NewQuestTitle.txz	伝説の戦い\n	Epic Fight\n		12
v1424_NewQuestTitle.txz:197	v1424_NewQuestTitle.txz	運命の対決\n	Fate Clash\n		12
v1424_NewQuestTitle.txz:198	v1424_NewQuestTitle.txz	天使の暗舞\n	Dark Dance\n		12
v1424_NewQuestTitle.txz:199	v1424_NewQuestTitle.txz	最後の決戦\n	Last Fight\n		12
v1424_NewQuestTitle.txz:200	v1424_NewQuestTitle.txz	二人の王\n	2 Kings\n		10
v1424_NewQuestTitle.txz:201	v1424_NewQuestTitle.txz	負けられない戦い\n	A Fight to Win\n		18
v1424_NewQuestTitle.txz:202	v1424_NewQuestTitle.txz	本当は怖〜いおとぎ話\n	A Truly Scary Tale\n		22
v1424_NewQuestTitle.txz:203	v1424_NewQuestTitle.txz	じれったい二人\n	Two Shy Hearts\n		16
v1424_NewQuestTitle.txz:204	v1424_NewQuestTitle.txz	最高の一品を求めて\n	Seeking the Finest\n		20
v1424_NewQuestTitle.txz:205	v1424_NewQuestTitle.txz	リヒターの戦闘指南\n	Richter's Tutorial\n		20
v1424_NewQuestTitle.txz:206	v1424_NewQuestTitle.txz	報酬の価値\n	Pay Value\n		12
v1424_NewQuestTitle.txz:207	v1424_NewQuestTitle.txz	超えるべき試練\n	A Trial Ahead\n		16
v1424_NewQuestTitle.txz:208	v1424_NewQuestTitle.txz	我が心の精霊\n	Heart Spirit\n		14
v1424_NewQuestTitle.txz:209	v1424_NewQuestTitle.txz	思い出の花を守れ！\n	Guard the Flower!\n		20
v1424_NewQuestTitle.txz:210	v1424_NewQuestTitle.txz	やさしい兄貴\n	Kind Big Bro\n		14
v1424_NewQuestTitle.txz:211	v1424_NewQuestTitle.txz	賢王の遊説\n	Wise King\n		12
v1424_NewQuestTitle.txz:212	v1424_NewQuestTitle.txz	孤高の少年剣士\n	Lone Boy Blade\n		16
v1424_NewQuestTitle.txz:213	v1424_NewQuestTitle.txz	愛に生きる少女\n	Girl of Love\n		16
v1424_NewQuestTitle.txz:214	v1424_NewQuestTitle.txz	ギルドに教師を\n	Guild Teacher\n		16
v1424_NewQuestTitle.txz:215	v1424_NewQuestTitle.txz	愛の使者、襲来\n	Love's Envoy\n		16
v1424_NewQuestTitle.txz:216	v1424_NewQuestTitle.txz	キミと一緒に\n	Together\n		14
v1424_NewQuestTitle.txz:217	v1424_NewQuestTitle.txz	ちちんぷいぷいの魔法\n	Abracadabra Magic\n		22
v1424_NewQuestTitle.txz:218	v1424_NewQuestTitle.txz	不埒な悪漢を倒せ！\n	Stop the Villains!\n		20
v1424_NewQuestTitle.txz:219	v1424_NewQuestTitle.txz	お騒がせ夢盗人\n	Dream Bandit\n		16
v1424_NewQuestTitle.txz:220	v1424_NewQuestTitle.txz	モフモフもふもふ\n	Fluffy Fluffies\n		18
v1424_NewQuestTitle.txz:221	v1424_NewQuestTitle.txz	ルーク様ご一行\n	Luke's Party\n		16
v1424_NewQuestTitle.txz:222	v1424_NewQuestTitle.txz	お金大好き∀\n	Love Money!\n		14
v1424_NewQuestTitle.txz:223	v1424_NewQuestTitle.txz	行方知れずの傭兵\n	Lost Mercenary\n		18
v1424_NewQuestTitle.txz:224	v1424_NewQuestTitle.txz	高潔なる騎士隊長\n	A Noble Captain\n		18
v1424_NewQuestTitle.txz:225	v1424_NewQuestTitle.txz	謎の捜索願\n	Odd Search\n		12
v1424_NewQuestTitle.txz:226	v1424_NewQuestTitle.txz	幼馴染み捜索願\n	Find a Friend\n		16
v1424_NewQuestTitle.txz:227	v1424_NewQuestTitle.txz	登場！ワンダーパン職人\n	Enter! Wonder Baker\n		24
v1424_NewQuestTitle.txz:228	v1424_NewQuestTitle.txz	流浪のパン職人\n	Roaming Baker\n		16
v1424_NewQuestTitle.txz:229	v1424_NewQuestTitle.txz	さすらいのパン職人\n	Drifting Baker\n		20
v1424_NewQuestTitle.txz:230	v1424_NewQuestTitle.txz	黄昏のパン職人\n	Twilight Baker\n		16
v1424_NewQuestTitle.txz:231	v1424_NewQuestTitle.txz	伝説のパン職人\n	Legend Baker\n		16
v1424_NewQuestTitle.txz:232	v1424_NewQuestTitle.txz	ポッポを探してくれキュ！\n	Find Poppo, Kyu!\n		26
v1424_NewQuestTitle.txz:233	v1424_NewQuestTitle.txz	黄金の鎚を探せ！\n	Golden Hammer!\n		18
v1424_NewQuestTitle.txz:234	v1424_NewQuestTitle.txz	灼熱のコークスを探せ！\n	Find Blazing Coke!\n		24
v1424_NewQuestTitle.txz:235	v1424_NewQuestTitle.txz	疾風のフイゴを探せ！\n	Find Gale Bellows!\n		22
v1424_NewQuestTitle.txz:236	v1424_NewQuestTitle.txz	純潔の装束を探せ！\n	Find Pure Garment!\n		20
v1424_NewQuestTitle.txz:237	v1424_NewQuestTitle.txz	コーダのレシピ１\n	Coda's Recipe 1\n		18
v1424_NewQuestTitle.txz:238	v1424_NewQuestTitle.txz	コーダのレシピ２\n	Coda's Recipe 2\n		18
v1424_NewQuestTitle.txz:239	v1424_NewQuestTitle.txz	コーダのレシピ３\n	Coda's Recipe 3\n		18
v1424_NewQuestTitle.txz:240	v1424_NewQuestTitle.txz	コーダのレシピ４\n	Coda's Recipe 4\n		18
v1424_NewQuestTitle.txz:241	v1424_NewQuestTitle.txz	コーダのレシピ５\n	Coda's Recipe 5\n		18
v1424_NewQuestTitle.txz:242	v1424_NewQuestTitle.txz	コーダのレシピ６\n	Coda's Recipe 6\n		18
v1424_NewQuestTitle.txz:243	v1424_NewQuestTitle.txz	コーダのレシピ７\n	Coda's Recipe 7\n		18
v1424_NewQuestTitle.txz:244	v1424_NewQuestTitle.txz	コーダのレシピ８\n	Coda's Recipe 8\n		18
v1424_NewQuestTitle.txz:245	v1424_NewQuestTitle.txz	コーダのレシピ９\n	Coda's Recipe 9\n		18
v1424_NewQuestTitle.txz:246	v1424_NewQuestTitle.txz	コーダのレシピ１０\n	Coda's Recipe 10\n		20
v1424_NewQuestTitle.txz:247	v1424_NewQuestTitle.txz	コーダのレシピ１１\n\nのレシピ１１\n職人\n流浪のパン職人\nさすらいのパン職人\n黄昏のパン職人\n伝説のパン職人\nポッポを探してくれキュ！\n黄金の鎚を探せ！\n灼熱のコークスを探せ！\n疾風のフイゴを探せ！\n純潔の装束を探せ！\nコーダのレシピ１\nコーダのレシピ２\nコーダのレシピ３\nコーダのレシピ４\nコーダのレシピ５\nコーダのレシピ６\nコーダのレシピ７\nコーダのレシピ８\nコーダのレシピ９\nコーダのレシピ１０\nコーダのレシピ１１\n~と一緒に\nちちんぷいぷいの魔法\n不埒な悪漢を倒せ！\nお騒がせトレジャーハンター\nモフモフもふもふ\nルーク様ご一行\nお金大好き∀\n行方知れずの傭兵\n高潔なる騎士団長\n謎の捜索願い\n幼馴染み捜索願\n登場！ワンダーパン職人\n流浪のパン職人\nさすらいのパン職人\n黄昏のパン職人\n伝説のパン職人\nポッポを探してくれキュ！\n黄金の鎚を探せ！\n灼熱のコークスを探せ！\n疾風のフイゴを探せ！\n純潔の装束を探せ！\nコーダのレシピクエスト１\nコーダのレシピクエスト２\nコーダのレシピクエスト３\nコーダのレシピクエスト４\nコーダのレシピクエスト５\nコーダのレシピクエスト６\nコーダのレシピクエスト７\nコーダのレシピクエスト８\nコーダのレシピクエスト９\nコーダのレシピクエスト１０\nコーダのレシピクエスト１１\nんぷいぷいの魔法\n不埒な悪漢を倒せ！\nお騒がせトレジャーハンター\nモフモフもふもふ\nルーク様ご一行\nお金大好き∀\n行方知れずの傭兵\n高潔なる騎士団長\n謎の捜索願い\n幼馴染み捜索願\n登場！ワンダーパン職人\n流浪のパン職人\nさすらいのパン職人\n黄昏のパン職人\n伝説のパン職人\nポッポを探してくれキュ！\n黄金の鎚を探せ！\n灼熱のコークスを探せ！\n疾風のフイゴを探せ！\n純潔の装束を探せ！\nコーダのレシピクエスト１\nコーダのレシピクエスト２\nコーダのレシピクエスト３\nコーダのレシピクエスト４\nコーダのレシピクエスト５\nコーダのレシピクエスト６\nコーダのレシピクエスト７\nコーダのレシピクエスト８\nコーダのレシピクエスト９\nコーダのレシピクエスト１０\nコーダのレシピクエスト１１\n	Coda's Recipe 11\n\n's Recipe 11\nBaker\nRoaming Baker\nDrifting Baker\nTwilight Baker\nLegendary Baker\nFind Poppo, Kyu!\nGolden Hammer!\nFind Blazing Coke!\nFind Gale Bellows!\nFind Pure Garment!\nCoda's Recipe 1\nCoda's Recipe 2\nCoda's Recipe 3\nCoda's Recipe 4\nCoda's Recipe 5\nCoda's Recipe 6\nCoda's Recipe 7\nCoda's Recipe 8\nCoda's Recipe 9\nCoda's Recipe 10\nCoda's Recipe 11\nTogether\nAbracadabra Magic\nStop the Villains!\nPesky Treasure Hunter\nFluffy Fluffies\nLuke's Party\nLove Money!\nLost Mercenary\nNoble Knight Commander\nOdd Request\nFind a Friend\nEnter! Wonder Baker\nRoaming Baker\nDrifting Baker\nTwilight Baker\nLegendary Baker\nFind Poppo, Kyu!\nGolden Hammer!\nFind Blazing Coke!\nFind Gale Bellows!\nFind Pure Garment!\nCoda's Recipe Quest 1\nCoda's Recipe Quest 2\nCoda's Recipe Quest 3\nCoda's Recipe Quest 4\nCoda's Recipe Quest 5\nCoda's Recipe Quest 6\nCoda's Recipe Quest 7\nCoda's Recipe Quest 8\nCoda's Recipe Quest 9\nCoda's Recipe Quest 10\nCoda's Recipe Quest 11\nbracadabra Magic\nStop the Villains!\nPesky Treasure Hunter\nFluffy Fluffies\nLuke's Party\nLove Money!\nLost Mercenary\nNoble Knight Commander\nOdd Request\nFind a Friend\nEnter! Wonder Baker\nRoaming Baker\nDrifting Baker\nTwilight Baker\nLegendary Baker\nFind Poppo, Kyu!\nGolden Hammer!\nFind Blazing Coke!\nFind Gale Bellows!\nFind Pure Garment!\nCoda's Recipe Quest 1\nCoda's Recipe Quest 2\nCoda's Recipe Quest 3\nCoda's Recipe Quest 4\nCoda's Recipe Quest 5\nCoda's Recipe Quest 6\nCoda's Recipe Quest 7\nCoda's Recipe Quest 8\nCoda's Recipe Quest 9\nCoda's Recipe Quest 10\nCoda's Recipe Quest 11\n	Line 247: Massively repeated/concatenated quest titles from the original game data. Translated real content and replicated the pattern. Some fragments appear cut mid-word in the original (e.g. partial title text). Original also has slight variations between repetition blocks (e.g. Recipe vs Recipe Quest, Knight Captain vs Knight Commander). Preserved these distinctions.	1781
